decision_time,job_id,obs_current_op_type,allowed_machine_indices,avail_actions,action_idx,state_n_jobs_arrived,state_n_jobs_processing,state_n_jobs_waiting,state_n_ops_arrived,state_n_ops_processing,state_n_ops_waiting,state_avg_machine_util,state_avg_operator_util,state_global_avg_wait,state_episode_time_fraction
1.0,0,1.0,"[0, 2, 3, 4]","[1, 0, 1, 1, 1]",3,5.0,5.0,0.0,15.0,5.0,10.0,0.0,0.0,0.0,0.009999999776482582
1.0,1,8.0,"[1, 3, 4]","[0, 1, 0, 1, 1]",3,5.0,5.0,0.0,15.0,5.0,10.0,0.20000000298023224,0.0,0.0,0.009999999776482582
1.0,2,6.0,"[2, 4]","[0, 0, 1, 0, 1]",4,5.0,5.0,0.0,15.0,5.0,10.0,0.20000000298023224,0.25,0.0,0.009999999776482582
1.0,3,2.0,"[0, 2]","[1, 0, 1, 0, 0]",2,5.0,5.0,0.0,15.0,5.0,10.0,0.4000000059604645,0.5,0.0,0.009999999776482582
1.0,4,8.0,"[1, 3, 4]","[0, 1, 0, 1, 1]",1,5.0,5.0,0.0,15.0,5.0,10.0,0.6000000238418579,0.75,0.0,0.009999999776482582
2.0,4,0,"[1, 3, 4]","[0, 1, 0, 1, 1]",-1,5.0,5.0,0.0,15.0,5.0,10.0,0.6000000238418579,1.0,3.0,0.019999999552965164
3.0,0,8.0,"[1, 3, 4]","[0, 1, 0, 1, 1]",0,6.0,6.0,0.0,18.0,6.0,12.0,0.4000000059604645,1.0,5.400000095367432,0.029999999329447746
3.0,0,1,"[1, 3, 4]","[0, 1, 0, 1, 1]",0,6.0,6.0,0.0,18.0,6.0,12.0,0.4000000059604645,1.0,5.400000095367432,0.029999999329447746
3.0,5,0,"[1, 2, 4]","[0, 1, 1, 0, 1]",-1,6.0,6.0,0.0,18.0,6.0,12.0,0.4000000059604645,0.5,5.400000095367432,0.029999999329447746
3.0,3,3.0,"[0, 3, 4]","[1, 0, 0, 1, 1]",2,6.0,6.0,0.0,18.0,6.0,12.0,0.4000000059604645,0.5,5.400000095367432,0.029999999329447746
3.0,3,1,"[0, 3, 4]","[1, 0, 0, 1, 1]",2,6.0,6.0,0.0,18.0,6.0,12.0,0.4000000059604645,0.5,5.400000095367432,0.029999999329447746
4.0,4,8.0,"[1, 3, 4]","[0, 1, 0, 1, 1]",1,7.0,7.0,0.0,23.0,7.0,16.0,0.20000000298023224,0.5,5.400000095367432,0.03999999910593033
4.0,6,4.0,"[1, 2, 4]","[0, 1, 1, 0, 1]",1,7.0,7.0,0.0,23.0,7.0,16.0,0.4000000059604645,0.25,5.400000095367432,0.03999999910593033
4.0,2,2.0,"[0, 2]","[1, 0, 1, 0, 0]",2,7.0,7.0,0.0,23.0,7.0,16.0,0.4000000059604645,0.5,5.400000095367432,0.03999999910593033
3.0,0,1,"[1, 3, 4]","[0, 1, 0, 1, 1]",0,6.0,6.0,0.0,18.0,6.0,12.0,0.4000000059604645,1.0,5.400000095367432,0.029999999329447746
5.0,5,4.0,"[1, 2, 4]","[0, 1, 1, 0, 1]",4,7.0,7.0,0.0,23.0,7.0,16.0,0.4000000059604645,0.75,8.62499713897705,0.05000000074505806
3.0,3,1,"[0, 3, 4]","[1, 0, 0, 1, 1]",2,6.0,6.0,0.0,18.0,6.0,12.0,0.4000000059604645,0.5,5.400000095367432,0.029999999329447746
5.0,2,2.0,"[0, 2]","[1, 0, 1, 0, 0]",0,7.0,7.0,0.0,23.0,7.0,16.0,0.6000000238418579,1.0,8.62499713897705,0.05000000074505806
6.0,1,2.0,"[0, 2]","[1, 0, 1, 0, 0]",0,7.0,7.0,0.0,23.0,7.0,16.0,0.4000000059604645,1.0,10.929228782653809,0.05999999865889549
6.0,2,2.0,"[0, 2]","[1, 0, 1, 0, 0]",0,7.0,7.0,0.0,23.0,7.0,16.0,0.6000000238418579,0.75,10.929228782653809,0.05999999865889549
3.0,0,1,"[1, 3, 4]","[0, 1, 0, 1, 1]",0,6.0,6.0,0.0,18.0,6.0,12.0,0.4000000059604645,1.0,5.400000095367432,0.029999999329447746
3.0,3,1,"[0, 3, 4]","[1, 0, 0, 1, 1]",2,6.0,6.0,0.0,18.0,6.0,12.0,0.4000000059604645,0.5,5.400000095367432,0.029999999329447746
7.0,2,1,"[0, 2]","[1, 0, 1, 0, 0]",-1,8.0,7.0,1.0,28.0,7.0,21.0,0.6000000238418579,0.75,15.820730209350586,0.07000000029802322
7.0,7,0,"[1, 3, 4]","[0, 1, 0, 1, 1]",-1,8.0,7.0,1.0,28.0,7.0,21.0,0.6000000238418579,0.75,15.820730209350586,0.07000000029802322
8.0,8,2.0,"[0, 2]","[1, 0, 1, 0, 0]",2,9.0,8.0,1.0,29.0,8.0,21.0,0.20000000298023224,0.75,15.820730209350586,0.07999999821186066
8.0,1,1.0,"[0, 2, 3, 4]","[1, 0, 1, 1, 1]",0,9.0,8.0,1.0,29.0,8.0,21.0,0.4000000059604645,0.25,15.820730209350586,0.07999999821186066
8.0,5,1.0,"[0, 2, 3, 4]","[1, 0, 1, 1, 1]",0,9.0,8.0,1.0,29.0,8.0,21.0,0.6000000238418579,0.5,15.820730209350586,0.07999999821186066
3.0,0,1,"[1, 3, 4]","[0, 1, 0, 1, 1]",0,6.0,6.0,0.0,18.0,6.0,12.0,0.4000000059604645,1.0,5.400000095367432,0.029999999329447746
3.0,3,1,"[0, 3, 4]","[1, 0, 0, 1, 1]",2,6.0,6.0,0.0,18.0,6.0,12.0,0.4000000059604645,0.5,5.400000095367432,0.029999999329447746
9.0,2,2.0,"[0, 2]","[1, 0, 1, 0, 0]",0,9.0,8.0,1.0,29.0,8.0,21.0,0.4000000059604645,0.75,17.72966957092285,0.09000000357627869
9.0,7,8.0,"[1, 3, 4]","[0, 1, 0, 1, 1]",4,9.0,8.0,1.0,29.0,8.0,21.0,0.4000000059604645,0.75,17.72966957092285,0.09000000357627869
9.0,6,5.0,"[0, 1]","[1, 1, 0, 0, 0]",1,9.0,8.0,1.0,29.0,8.0,21.0,0.6000000238418579,0.75,17.72966957092285,0.09000000357627869
10.0,1,3,"[1, 2, 4]","[0, 1, 1, 0, 1]",-1,10.0,8.0,2.0,31.0,8.0,23.0,0.4000000059604645,1.0,22.082674026489258,0.10000000149011612
10.0,2,1,"[0, 2]","[1, 0, 1, 0, 0]",-1,10.0,8.0,2.0,31.0,8.0,23.0,0.4000000059604645,0.5,22.082674026489258,0.10000000149011612
10.0,6,1,"[0, 1]","[1, 1, 0, 0, 0]",-1,10.0,8.0,2.0,31.0,8.0,23.0,0.4000000059604645,0.5,22.082674026489258,0.10000000149011612
10.0,9,1.0,"[0, 2, 3, 4]","[1, 0, 1, 1, 1]",3,10.0,8.0,2.0,31.0,8.0,23.0,0.4000000059604645,0.5,22.082674026489258,0.10000000149011612
3.0,0,1,"[1, 3, 4]","[0, 1, 0, 1, 1]",0,6.0,6.0,0.0,18.0,6.0,12.0,0.4000000059604645,1.0,5.400000095367432,0.029999999329447746
3.0,3,1,"[0, 3, 4]","[1, 0, 0, 1, 1]",2,6.0,6.0,0.0,18.0,6.0,12.0,0.4000000059604645,0.5,5.400000095367432,0.029999999329447746
11.0,5,3.0,"[0, 3, 4]","[1, 0, 0, 1, 1]",0,10.0,8.0,2.0,31.0,8.0,23.0,0.20000000298023224,0.25,22.291542053222656,0.10999999940395355
11.0,7,2.0,"[0, 2]","[1, 0, 1, 0, 0]",2,10.0,8.0,2.0,31.0,8.0,23.0,0.4000000059604645,0.25,22.291542053222656,0.10999999940395355
12.0,1,4.0,"[1, 2, 4]","[0, 1, 1, 0, 1]",2,10.0,8.0,2.0,31.0,8.0,23.0,0.4000000059604645,0.5,23.266542434692383,0.11999999731779099
12.0,2,2.0,"[0, 2]","[1, 0, 1, 0, 0]",0,10.0,8.0,2.0,31.0,8.0,23.0,0.4000000059604645,0.5,23.266542434692383,0.11999999731779099
12.0,6,5.0,"[0, 1]","[1, 1, 0, 0, 0]",0,10.0,8.0,2.0,31.0,8.0,23.0,0.4000000059604645,0.75,23.266542434692383,0.11999999731779099
12.0,9,9.0,"[0, 2, 4]","[1, 0, 1, 0, 1]",4,10.0,8.0,2.0,31.0,8.0,23.0,0.4000000059604645,1.0,23.266542434692383,0.11999999731779099
13.0,0,1,"[1, 3, 4]","[0, 1, 0, 1, 1]",-1,10.0,7.0,3.0,31.0,7.0,24.0,0.4000000059604645,1.0,35.56654357910156,0.12999999523162842
13.0,3,1,"[0, 3, 4]","[1, 0, 0, 1, 1]",-1,10.0,7.0,3.0,31.0,7.0,24.0,0.4000000059604645,0.5,35.56654357910156,0.12999999523162842
13.0,6,1,"[0, 1]","[1, 1, 0, 0, 0]",-1,10.0,7.0,3.0,31.0,7.0,24.0,0.4000000059604645,0.5,35.56654357910156,0.12999999523162842
13.0,9,1,"[0, 2, 4]","[1, 0, 1, 0, 1]",-1,10.0,7.0,3.0,31.0,7.0,24.0,0.4000000059604645,0.5,35.56654357910156,0.12999999523162842
13.0,7,1.0,"[0, 2, 3, 4]","[1, 0, 1, 1, 1]",4,10.0,7.0,3.0,31.0,7.0,24.0,0.4000000059604645,0.5,35.56654357910156,0.12999999523162842
14.0,2,1.0,"[0, 2, 3, 4]","[1, 0, 1, 1, 1]",0,10.0,7.0,3.0,31.0,7.0,24.0,0.4000000059604645,0.5,35.81654357910156,0.14000000059604645
15.0,0,8.0,"[1, 3, 4]","[0, 1, 0, 1, 1]",0,10.0,6.0,4.0,31.0,6.0,25.0,0.20000000298023224,0.5,36.19154357910156,0.15000000596046448
15.0,0,1,"[1, 3, 4]","[0, 1, 0, 1, 1]",0,10.0,6.0,4.0,31.0,6.0,25.0,0.20000000298023224,0.5,36.19154357910156,0.15000000596046448
15.0,3,3.0,"[0, 3, 4]","[1, 0, 0, 1, 1]",0,10.0,6.0,4.0,31.0,6.0,25.0,0.20000000298023224,0.25,36.19154357910156,0.15000000596046448
15.0,6,5.0,"[0, 1]","[1, 1, 0, 0, 0]",0,10.0,6.0,4.0,31.0,6.0,25.0,0.20000000298023224,0.25,36.19154357910156,0.15000000596046448
15.0,9,9.0,"[0, 2, 4]","[1, 0, 1, 0, 1]",0,10.0,6.0,4.0,31.0,6.0,25.0,0.20000000298023224,0.5,36.19154357910156,0.15000000596046448
15.0,7,4.0,"[1, 2, 4]","[0, 1, 1, 0, 1]",4,10.0,6.0,4.0,31.0,6.0,25.0,0.20000000298023224,0.75,36.19154357910156,0.15000000596046448
16.0,9,1,"[0, 2, 4]","[1, 0, 1, 0, 1]",-1,11.0,6.0,5.0,36.0,6.0,30.0,0.4000000059604645,0.75,49.61654281616211,0.1599999964237213
16.0,10,0,"[2, 4]","[0, 0, 1, 0, 1]",-1,11.0,6.0,5.0,36.0,6.0,30.0,0.4000000059604645,0.75,49.61654281616211,0.1599999964237213
17.0,0,1,"[1, 3, 4]","[0, 1, 0, 1, 1]",-1,12.0,7.0,5.0,40.0,7.0,33.0,0.4000000059604645,0.75,57.86654281616211,0.17000000178813934
17.0,3,3.0,"[0, 3, 4]","[1, 0, 0, 1, 1]",3,12.0,7.0,5.0,40.0,7.0,33.0,0.4000000059604645,0.5,57.86654281616211,0.17000000178813934
17.0,11,0,"[0, 1]","[1, 1, 0, 0, 0]",-1,12.0,7.0,5.0,40.0,7.0,33.0,0.6000000238418579,0.5,57.86654281616211,0.17000000178813934
18.0,9,1,"[0, 2, 4]","[1, 0, 1, 0, 1]",-1,12.0,7.0,5.0,40.0,7.0,33.0,0.4000000059604645,0.75,58.06654357910156,0.18000000715255737
18.0,10,0,"[2, 4]","[0, 0, 1, 0, 1]",-1,12.0,7.0,5.0,40.0,7.0,33.0,0.4000000059604645,0.5,58.06654357910156,0.18000000715255737
18.0,7,6.0,"[2, 4]","[0, 0, 1, 0, 1]",2,12.0,7.0,5.0,40.0,7.0,33.0,0.4000000059604645,0.5,58.06654357910156,0.18000000715255737
19.0,0,8.0,"[1, 3, 4]","[0, 1, 0, 1, 1]",2,13.0,8.0,5.0,45.0,8.0,37.0,0.4000000059604645,0.5,58.9665412902832,0.1899999976158142
19.0,0,1,"[1, 3, 4]","[0, 1, 0, 1, 1]",2,13.0,8.0,5.0,45.0,8.0,37.0,0.4000000059604645,0.5,58.9665412902832,0.1899999976158142
19.0,11,5.0,"[0, 1]","[1, 1, 0, 0, 0]",1,13.0,8.0,5.0,45.0,8.0,37.0,0.4000000059604645,0.5,58.9665412902832,0.1899999976158142
19.0,12,8.0,"[1, 3, 4]","[0, 1, 0, 1, 1]",4,13.0,8.0,5.0,45.0,8.0,37.0,0.6000000238418579,0.5,58.9665412902832,0.1899999976158142
19.0,3,1.0,"[0, 2, 3, 4]","[1, 0, 1, 1, 1]",4,13.0,8.0,5.0,45.0,8.0,37.0,0.800000011920929,0.75,58.9665412902832,0.1899999976158142
20.0,9,9.0,"[0, 2, 4]","[1, 0, 1, 0, 1]",4,14.0,9.0,5.0,46.0,9.0,37.0,0.6000000238418579,1.0,61.906612396240234,0.20000000298023224
20.0,10,6.0,"[2, 4]","[0, 0, 1, 0, 1]",4,14.0,9.0,5.0,46.0,9.0,37.0,0.6000000238418579,0.75,61.906612396240234,0.20000000298023224
20.0,6,2,"[0, 3, 4]","[1, 0, 0, 1, 1]",-1,14.0,9.0,5.0,46.0,9.0,37.0,0.6000000238418579,1.0,61.906612396240234,0.20000000298023224
20.0,13,0,"[0, 3, 4]","[1, 0, 0, 1, 1]",-1,14.0,9.0,5.0,46.0,9.0,37.0,0.6000000238418579,1.0,61.906612396240234,0.20000000298023224
20.0,3,3,"[0, 2, 3, 4]","[1, 0, 1, 1, 1]",-1,14.0,9.0,5.0,46.0,9.0,37.0,0.6000000238418579,1.0,61.906612396240234,0.20000000298023224
21.0,0,1,"[1, 3, 4]","[0, 1, 0, 1, 1]",-1,14.0,8.0,6.0,46.0,8.0,38.0,0.20000000298023224,1.0,71.08161163330078,0.20999999344348907
21.0,10,6.0,"[2, 4]","[0, 0, 1, 0, 1]",2,14.0,8.0,6.0,46.0,8.0,38.0,0.20000000298023224,0.25,71.08161163330078,0.20999999344348907
21.0,12,7.0,[3],"[0, 0, 0, 1, 0]",3,14.0,8.0,6.0,46.0,8.0,38.0,0.4000000059604645,0.25,71.08161163330078,0.20999999344348907
21.0,11,7.0,[3],"[0, 0, 0, 1, 0]",3,14.0,8.0,6.0,46.0,8.0,38.0,0.6000000238418579,0.5,71.08161163330078,0.20999999344348907
22.0,6,3.0,"[0, 3, 4]","[1, 0, 0, 1, 1]",0,14.0,8.0,6.0,46.0,8.0,38.0,0.6000000238418579,0.75,76.6634521484375,0.2199999988079071
22.0,13,3.0,"[0, 3, 4]","[1, 0, 0, 1, 1]",0,14.0,8.0,6.0,46.0,8.0,38.0,0.6000000238418579,1.0,76.6634521484375,0.2199999988079071
22.0,3,1.0,"[0, 2, 3, 4]","[1, 0, 1, 1, 1]",2,14.0,8.0,6.0,46.0,8.0,38.0,0.6000000238418579,1.0,76.6634521484375,0.2199999988079071
23.0,0,1,"[1, 3, 4]","[0, 1, 0, 1, 1]",-1,15.0,8.0,7.0,47.0,8.0,39.0,0.4000000059604645,1.0,78.73345184326172,0.23000000417232513
23.0,6,3.0,"[0, 3, 4]","[1, 0, 0, 1, 1]",4,15.0,8.0,7.0,47.0,8.0,39.0,0.4000000059604645,0.5,78.73345184326172,0.23000000417232513
23.0,13,3.0,"[0, 3, 4]","[1, 0, 0, 1, 1]",4,15.0,8.0,7.0,47.0,8.0,39.0,0.6000000238418579,0.5,78.73345184326172,0.23000000417232513
23.0,3,1.0,"[0, 2, 3, 4]","[1, 0, 1, 1, 1]",4,15.0,8.0,7.0,47.0,8.0,39.0,0.6000000238418579,0.75,78.73345184326172,0.23000000417232513
23.0,14,6.0,"[2, 4]","[0, 0, 1, 0, 1]",4,15.0,8.0,7.0,47.0,8.0,39.0,0.6000000238418579,1.0,78.73345184326172,0.23000000417232513
23.0,12,6.0,"[2, 4]","[0, 0, 1, 0, 1]",4,15.0,8.0,7.0,47.0,8.0,39.0,0.6000000238418579,1.0,78.73345184326172,0.23000000417232513
24.0,10,9.0,"[0, 2, 4]","[1, 0, 1, 0, 1]",2,15.0,8.0,7.0,47.0,8.0,39.0,0.4000000059604645,1.0,82.65845489501953,0.23999999463558197
24.0,3,1.0,"[0, 2, 3, 4]","[1, 0, 1, 1, 1]",1,15.0,8.0,7.0,47.0,8.0,39.0,0.6000000238418579,0.75,82.65845489501953,0.23999999463558197
24.0,3,3,"[0, 2, 3, 4]","[1, 0, 1, 1, 1]",1,15.0,8.0,7.0,47.0,8.0,39.0,0.6000000238418579,0.75,82.65845489501953,0.23999999463558197
24.0,14,6.0,"[2, 4]","[0, 0, 1, 0, 1]",2,15.0,8.0,7.0,47.0,8.0,39.0,0.6000000238418579,1.0,82.65845489501953,0.23999999463558197
24.0,12,6.0,"[2, 4]","[0, 0, 1, 0, 1]",2,15.0,8.0,7.0,47.0,8.0,39.0,0.6000000238418579,1.0,82.65845489501953,0.23999999463558197
25.0,0,8.0,"[1, 3, 4]","[0, 1, 0, 1, 1]",2,15.0,8.0,7.0,47.0,8.0,39.0,0.4000000059604645,1.0,89.14552307128906,0.25
25.0,0,1,"[1, 3, 4]","[0, 1, 0, 1, 1]",2,15.0,8.0,7.0,47.0,8.0,39.0,0.4000000059604645,1.0,89.14552307128906,0.25
25.0,14,0,"[2, 4]","[0, 0, 1, 0, 1]",-1,15.0,8.0,7.0,47.0,8.0,39.0,0.4000000059604645,0.5,89.14552307128906,0.25
25.0,12,2,"[2, 4]","[0, 0, 1, 0, 1]",-1,15.0,8.0,7.0,47.0,8.0,39.0,0.4000000059604645,0.5,89.14552307128906,0.25
25.0,11,2,"[1, 2, 4]","[0, 1, 1, 0, 1]",-1,15.0,8.0,7.0,47.0,8.0,39.0,0.4000000059604645,0.5,89.14552307128906,0.25
25.0,6,1.0,"[0, 2, 3, 4]","[1, 0, 1, 1, 1]",4,15.0,8.0,7.0,47.0,8.0,39.0,0.4000000059604645,0.5,89.14552307128906,0.25
26.0,3,3,"[0, 2, 3, 4]","[1, 0, 1, 1, 1]",-1,16.0,9.0,7.0,49.0,9.0,40.0,0.4000000059604645,0.5,89.14552307128906,0.25999999046325684
26.0,15,0,"[1, 2, 4]","[0, 1, 1, 0, 1]",-1,16.0,9.0,7.0,49.0,9.0,40.0,0.4000000059604645,0.75,89.14552307128906,0.25999999046325684
25.0,0,1,"[1, 3, 4]","[0, 1, 0, 1, 1]",2,15.0,8.0,7.0,47.0,8.0,39.0,0.4000000059604645,1.0,89.14552307128906,0.25
27.0,14,0,"[2, 4]","[0, 0, 1, 0, 1]",-1,16.0,8.0,8.0,49.0,8.0,41.0,0.4000000059604645,0.5,91.07052612304688,0.27000001072883606
27.0,12,2,"[2, 4]","[0, 0, 1, 0, 1]",-1,16.0,8.0,8.0,49.0,8.0,41.0,0.4000000059604645,0.5,91.07052612304688,0.27000001072883606
27.0,11,2,"[1, 2, 4]","[0, 1, 1, 0, 1]",-1,16.0,8.0,8.0,49.0,8.0,41.0,0.4000000059604645,0.5,91.07052612304688,0.27000001072883606
28.0,3,1.0,"[0, 2, 3, 4]","[1, 0, 1, 1, 1]",1,17.0,9.0,8.0,50.0,9.0,41.0,0.0,0.5,91.07052612304688,0.2800000011920929
28.0,3,3,"[0, 2, 3, 4]","[1, 0, 1, 1, 1]",1,17.0,9.0,8.0,50.0,9.0,41.0,0.0,0.5,91.07052612304688,0.2800000011920929
28.0,15,4.0,"[1, 2, 4]","[0, 1, 1, 0, 1]",1,17.0,9.0,8.0,50.0,9.0,41.0,0.0,0.0,91.07052612304688,0.2800000011920929
28.0,10,6.0,"[2, 4]","[0, 0, 1, 0, 1]",2,17.0,9.0,8.0,50.0,9.0,41.0,0.20000000298023224,0.0,91.07052612304688,0.2800000011920929
28.0,16,6.0,"[2, 4]","[0, 0, 1, 0, 1]",2,17.0,9.0,8.0,50.0,9.0,41.0,0.4000000059604645,0.25,91.07052612304688,0.2800000011920929
28.0,6,8.0,"[1, 3, 4]","[0, 1, 0, 1, 1]",3,17.0,9.0,8.0,50.0,9.0,41.0,0.4000000059604645,0.5,91.07052612304688,0.2800000011920929
25.0,0,1,"[1, 3, 4]","[0, 1, 0, 1, 1]",2,15.0,8.0,7.0,47.0,8.0,39.0,0.4000000059604645,1.0,89.14552307128906,0.25
29.0,14,6.0,"[2, 4]","[0, 0, 1, 0, 1]",4,18.0,10.0,8.0,53.0,10.0,43.0,0.6000000238418579,0.75,94.76469421386719,0.28999999165534973
29.0,12,6.0,"[2, 4]","[0, 0, 1, 0, 1]",4,18.0,10.0,8.0,53.0,10.0,43.0,0.800000011920929,0.75,94.76469421386719,0.28999999165534973
29.0,11,4.0,"[1, 2, 4]","[0, 1, 1, 0, 1]",4,18.0,10.0,8.0,53.0,10.0,43.0,0.800000011920929,1.0,94.76469421386719,0.28999999165534973
29.0,16,6.0,"[2, 4]","[0, 0, 1, 0, 1]",4,18.0,10.0,8.0,53.0,10.0,43.0,0.800000011920929,1.0,94.76469421386719,0.28999999165534973
29.0,17,1.0,"[0, 2, 3, 4]","[1, 0, 1, 1, 1]",4,18.0,10.0,8.0,53.0,10.0,43.0,0.800000011920929,1.0,94.76469421386719,0.28999999165534973
28.0,3,3,"[0, 2, 3, 4]","[1, 0, 1, 1, 1]",1,17.0,9.0,8.0,50.0,9.0,41.0,0.0,0.5,91.07052612304688,0.2800000011920929
30.0,12,2,"[2, 4]","[0, 0, 1, 0, 1]",-1,18.0,10.0,8.0,53.0,10.0,43.0,0.6000000238418579,0.75,101.1917724609375,0.30000001192092896
30.0,11,2,"[1, 2, 4]","[0, 1, 1, 0, 1]",-1,18.0,10.0,8.0,53.0,10.0,43.0,0.6000000238418579,0.75,101.1917724609375,0.30000001192092896
30.0,16,0,"[2, 4]","[0, 0, 1, 0, 1]",-1,18.0,10.0,8.0,53.0,10.0,43.0,0.6000000238418579,0.75,101.1917724609375,0.30000001192092896
30.0,17,0,"[0, 2, 3, 4]","[1, 0, 1, 1, 1]",-1,18.0,10.0,8.0,53.0,10.0,43.0,0.6000000238418579,0.75,101.1917724609375,0.30000001192092896
30.0,15,4.0,"[1, 2, 4]","[0, 1, 1, 0, 1]",1,18.0,10.0,8.0,53.0,10.0,43.0,0.6000000238418579,0.75,101.1917724609375,0.30000001192092896
31.0,0,1,"[1, 3, 4]","[0, 1, 0, 1, 1]",-1,18.0,9.0,9.0,53.0,9.0,44.0,0.4000000059604645,0.75,101.61676788330078,0.3100000023841858
31.0,10,1.0,"[0, 2, 3, 4]","[1, 0, 1, 1, 1]",2,18.0,9.0,9.0,53.0,9.0,44.0,0.4000000059604645,0.5,101.61676788330078,0.3100000023841858
28.0,3,3,"[0, 2, 3, 4]","[1, 0, 1, 1, 1]",1,17.0,9.0,8.0,50.0,9.0,41.0,0.0,0.5,91.07052612304688,0.2800000011920929
32.0,12,6.0,"[2, 4]","[0, 0, 1, 0, 1]",2,18.0,7.0,11.0,53.0,7.0,46.0,0.20000000298023224,0.25,102.51676940917969,0.3199999928474426
32.0,11,4.0,"[1, 2, 4]","[0, 1, 1, 0, 1]",2,18.0,7.0,11.0,53.0,7.0,46.0,0.20000000298023224,0.25,102.51676940917969,0.3199999928474426
32.0,16,6.0,"[2, 4]","[0, 0, 1, 0, 1]",2,18.0,7.0,11.0,53.0,7.0,46.0,0.20000000298023224,0.5,102.51676940917969,0.3199999928474426
32.0,17,1.0,"[0, 2, 3, 4]","[1, 0, 1, 1, 1]",0,18.0,7.0,11.0,53.0,7.0,46.0,0.20000000298023224,0.5,102.51676940917969,0.3199999928474426
33.0,0,8.0,"[1, 3, 4]","[0, 1, 0, 1, 1]",0,19.0,8.0,11.0,56.0,8.0,48.0,0.4000000059604645,0.5,115.77005767822266,0.33000001311302185
33.0,0,1,"[1, 3, 4]","[0, 1, 0, 1, 1]",0,19.0,8.0,11.0,56.0,8.0,48.0,0.4000000059604645,0.5,115.77005767822266,0.33000001311302185
33.0,11,4.0,"[1, 2, 4]","[0, 1, 1, 0, 1]",4,19.0,8.0,11.0,56.0,8.0,48.0,0.4000000059604645,0.5,115.77005767822266,0.33000001311302185
33.0,16,6.0,"[2, 4]","[0, 0, 1, 0, 1]",4,19.0,8.0,11.0,56.0,8.0,48.0,0.6000000238418579,0.5,115.77005767822266,0.33000001311302185
33.0,10,9.0,"[0, 2, 4]","[1, 0, 1, 0, 1]",2,19.0,8.0,11.0,56.0,8.0,48.0,0.6000000238418579,0.75,115.77005767822266,0.33000001311302185
33.0,18,1.0,"[0, 2, 3, 4]","[1, 0, 1, 1, 1]",4,19.0,8.0,11.0,56.0,8.0,48.0,0.6000000238418579,1.0,115.77005767822266,0.33000001311302185
28.0,3,3,"[0, 2, 3, 4]","[1, 0, 1, 1, 1]",1,17.0,9.0,8.0,50.0,9.0,41.0,0.0,0.5,91.07052612304688,0.2800000011920929
34.0,17,5.0,"[0, 1]","[1, 1, 0, 0, 0]",0,19.0,8.0,11.0,56.0,8.0,48.0,0.4000000059604645,0.75,124.13005828857422,0.3400000035762787
34.0,10,9.0,"[0, 2, 4]","[1, 0, 1, 0, 1]",0,19.0,8.0,11.0,56.0,8.0,48.0,0.6000000238418579,0.75,124.13005828857422,0.3400000035762787
34.0,18,1.0,"[0, 2, 3, 4]","[1, 0, 1, 1, 1]",3,19.0,8.0,11.0,56.0,8.0,48.0,0.6000000238418579,1.0,124.13005828857422,0.3400000035762787
33.0,0,1,"[1, 3, 4]","[0, 1, 0, 1, 1]",0,19.0,8.0,11.0,56.0,8.0,48.0,0.4000000059604645,0.5,115.77005767822266,0.33000001311302185
35.0,19,0,"[0, 2, 3, 4]","[1, 0, 1, 1, 1]",-1,20.0,9.0,11.0,61.0,9.0,52.0,0.4000000059604645,0.75,124.90505981445312,0.3499999940395355
35.0,10,4,"[0, 2, 4]","[1, 0, 1, 0, 1]",-1,20.0,9.0,11.0,61.0,9.0,52.0,0.4000000059604645,0.75,124.90505981445312,0.3499999940395355
35.0,18,0,"[0, 2, 3, 4]","[1, 0, 1, 1, 1]",-1,20.0,9.0,11.0,61.0,9.0,52.0,0.4000000059604645,0.75,124.90505981445312,0.3499999940395355
35.0,12,3,[3],"[0, 0, 0, 1, 0]",-1,20.0,9.0,11.0,61.0,9.0,52.0,0.4000000059604645,0.75,124.90505981445312,0.3499999940395355
28.0,3,3,"[0, 2, 3, 4]","[1, 0, 1, 1, 1]",1,17.0,9.0,8.0,50.0,9.0,41.0,0.0,0.5,91.07052612304688,0.2800000011920929
36.0,11,1.0,"[0, 2, 3, 4]","[1, 0, 1, 1, 1]",2,21.0,10.0,11.0,63.0,10.0,53.0,0.4000000059604645,0.5,132.7294921875,0.36000001430511475
36.0,20,3.0,"[0, 3, 4]","[1, 0, 0, 1, 1]",3,21.0,10.0,11.0,63.0,10.0,53.0,0.6000000238418579,0.5,132.7294921875,0.36000001430511475
33.0,0,1,"[1, 3, 4]","[0, 1, 0, 1, 1]",0,19.0,8.0,11.0,56.0,8.0,48.0,0.4000000059604645,0.5,115.77005767822266,0.33000001311302185
37.0,19,1.0,"[0, 2, 3, 4]","[1, 0, 1, 1, 1]",2,21.0,10.0,11.0,63.0,10.0,53.0,0.6000000238418579,0.75,133.71998596191406,0.3700000047683716
37.0,10,9.0,"[0, 2, 4]","[1, 0, 1, 0, 1]",2,21.0,10.0,11.0,63.0,10.0,53.0,0.6000000238418579,0.75,133.71998596191406,0.3700000047683716
37.0,18,1.0,"[0, 2, 3, 4]","[1, 0, 1, 1, 1]",3,21.0,10.0,11.0,63.0,10.0,53.0,0.6000000238418579,1.0,133.71998596191406,0.3700000047683716
37.0,12,7.0,[3],"[0, 0, 0, 1, 0]",3,21.0,10.0,11.0,63.0,10.0,53.0,0.6000000238418579,1.0,133.71998596191406,0.3700000047683716
37.0,17,2.0,"[0, 2]","[1, 0, 1, 0, 0]",0,21.0,10.0,11.0,63.0,10.0,53.0,0.6000000238418579,1.0,133.71998596191406,0.3700000047683716
38.0,3,3,"[0, 2, 3, 4]","[1, 0, 1, 1, 1]",-1,23.0,10.0,13.0,70.0,10.0,60.0,0.20000000298023224,1.0,137.03866577148438,0.3799999952316284
38.0,10,4,"[0, 2, 4]","[1, 0, 1, 0, 1]",-1,23.0,10.0,13.0,70.0,10.0,60.0,0.20000000298023224,0.25,137.03866577148438,0.3799999952316284
38.0,18,0,"[0, 2, 3, 4]","[1, 0, 1, 1, 1]",-1,23.0,10.0,13.0,70.0,10.0,60.0,0.20000000298023224,0.25,137.03866577148438,0.3799999952316284
38.0,12,3,[3],"[0, 0, 0, 1, 0]",-1,23.0,10.0,13.0,70.0,10.0,60.0,0.20000000298023224,0.25,137.03866577148438,0.3799999952316284
38.0,17,2,"[0, 2]","[1, 0, 1, 0, 0]",-1,23.0,10.0,13.0,70.0,10.0,60.0,0.20000000298023224,0.25,137.03866577148438,0.3799999952316284
38.0,21,1.0,"[0, 2, 3, 4]","[1, 0, 1, 1, 1]",2,23.0,10.0,13.0,70.0,10.0,60.0,0.20000000298023224,0.25,137.03866577148438,0.3799999952316284
38.0,20,7.0,[3],"[0, 0, 0, 1, 0]",3,23.0,10.0,13.0,70.0,10.0,60.0,0.20000000298023224,0.25,137.03866577148438,0.3799999952316284
38.0,22,4.0,"[1, 2, 4]","[0, 1, 1, 0, 1]",4,23.0,10.0,13.0,70.0,10.0,60.0,0.4000000059604645,0.5,137.03866577148438,0.3799999952316284
33.0,0,1,"[1, 3, 4]","[0, 1, 0, 1, 1]",0,19.0,8.0,11.0,56.0,8.0,48.0,0.4000000059604645,0.5,115.77005767822266,0.33000001311302185
40.0,3,3,"[0, 2, 3, 4]","[1, 0, 1, 1, 1]",-1,23.0,9.0,14.0,70.0,9.0,61.0,0.4000000059604645,1.0,139.14356994628906,0.4000000059604645
40.0,10,4,"[0, 2, 4]","[1, 0, 1, 0, 1]",-1,23.0,9.0,14.0,70.0,9.0,61.0,0.4000000059604645,0.5,139.14356994628906,0.4000000059604645
40.0,18,0,"[0, 2, 3, 4]","[1, 0, 1, 1, 1]",-1,23.0,9.0,14.0,70.0,9.0,61.0,0.4000000059604645,0.5,139.14356994628906,0.4000000059604645
40.0,12,3,[3],"[0, 0, 0, 1, 0]",-1,23.0,9.0,14.0,70.0,9.0,61.0,0.4000000059604645,0.5,139.14356994628906,0.4000000059604645
40.0,17,2,"[0, 2]","[1, 0, 1, 0, 0]",-1,23.0,9.0,14.0,70.0,9.0,61.0,0.4000000059604645,0.5,139.14356994628906,0.4000000059604645
40.0,19,9.0,"[0, 2, 4]","[1, 0, 1, 0, 1]",0,23.0,9.0,14.0,70.0,9.0,61.0,0.4000000059604645,0.5,139.14356994628906,0.4000000059604645
33.0,0,1,"[1, 3, 4]","[0, 1, 0, 1, 1]",0,19.0,8.0,11.0,56.0,8.0,48.0,0.4000000059604645,0.5,115.77005767822266,0.33000001311302185
41.0,22,9.0,"[0, 2, 4]","[1, 0, 1, 0, 1]",4,24.0,10.0,14.0,71.0,10.0,61.0,0.20000000298023224,0.25,139.9935760498047,0.4099999964237213
41.0,23,0,"[0, 2]","[1, 0, 1, 0, 0]",-1,24.0,10.0,14.0,71.0,10.0,61.0,0.4000000059604645,0.25,139.9935760498047,0.4099999964237213
41.0,21,1.0,"[0, 2, 3, 4]","[1, 0, 1, 1, 1]",4,24.0,10.0,14.0,71.0,10.0,61.0,0.4000000059604645,0.5,139.9935760498047,0.4099999964237213
42.0,3,1.0,"[0, 2, 3, 4]","[1, 0, 1, 1, 1]",2,24.0,10.0,14.0,71.0,10.0,61.0,0.4000000059604645,0.5,140.89356994628906,0.41999998688697815
42.0,10,9.0,"[0, 2, 4]","[1, 0, 1, 0, 1]",2,24.0,10.0,14.0,71.0,10.0,61.0,0.6000000238418579,0.75,140.89356994628906,0.41999998688697815
42.0,18,1.0,"[0, 2, 3, 4]","[1, 0, 1, 1, 1]",3,24.0,10.0,14.0,71.0,10.0,61.0,0.6000000238418579,1.0,140.89356994628906,0.41999998688697815
42.0,12,7.0,[3],"[0, 0, 0, 1, 0]",3,24.0,10.0,14.0,71.0,10.0,61.0,0.6000000238418579,1.0,140.89356994628906,0.41999998688697815
42.0,17,2.0,"[0, 2]","[1, 0, 1, 0, 0]",2,24.0,10.0,14.0,71.0,10.0,61.0,0.6000000238418579,1.0,140.89356994628906,0.41999998688697815
33.0,0,1,"[1, 3, 4]","[0, 1, 0, 1, 1]",0,19.0,8.0,11.0,56.0,8.0,48.0,0.4000000059604645,0.5,115.77005767822266,0.33000001311302185
43.0,23,2.0,"[0, 2]","[1, 0, 1, 0, 0]",2,25.0,10.0,15.0,76.0,10.0,66.0,0.4000000059604645,0.5,166.34356689453125,0.4300000071525574
43.0,10,4,"[0, 2, 4]","[1, 0, 1, 0, 1]",-1,25.0,10.0,15.0,76.0,10.0,66.0,0.4000000059604645,0.5,166.34356689453125,0.4300000071525574
43.0,18,0,"[0, 2, 3, 4]","[1, 0, 1, 1, 1]",-1,25.0,10.0,15.0,76.0,10.0,66.0,0.4000000059604645,0.75,166.34356689453125,0.4300000071525574
43.0,12,3,[3],"[0, 0, 0, 1, 0]",-1,25.0,10.0,15.0,76.0,10.0,66.0,0.4000000059604645,0.75,166.34356689453125,0.4300000071525574
43.0,17,2,"[0, 2]","[1, 0, 1, 0, 0]",-1,25.0,10.0,15.0,76.0,10.0,66.0,0.4000000059604645,0.75,166.34356689453125,0.4300000071525574
43.0,22,8.0,"[1, 3, 4]","[0, 1, 0, 1, 1]",1,25.0,10.0,15.0,76.0,10.0,66.0,0.4000000059604645,0.75,166.34356689453125,0.4300000071525574
43.0,19,2,"[2, 4]","[0, 0, 1, 0, 1]",-1,25.0,10.0,15.0,76.0,10.0,66.0,0.4000000059604645,0.75,166.34356689453125,0.4300000071525574
44.0,22,8.0,"[1, 3, 4]","[0, 1, 0, 1, 1]",3,25.0,10.0,15.0,76.0,10.0,66.0,0.20000000298023224,0.75,169.48806762695312,0.4399999976158142
44.0,24,4.0,"[1, 2, 4]","[0, 1, 1, 0, 1]",1,25.0,10.0,15.0,76.0,10.0,66.0,0.4000000059604645,0.25,169.48806762695312,0.4399999976158142
44.0,21,3.0,"[0, 3, 4]","[1, 0, 0, 1, 1]",0,25.0,10.0,15.0,76.0,10.0,66.0,0.6000000238418579,0.5,169.48806762695312,0.4399999976158142
33.0,0,1,"[1, 3, 4]","[0, 1, 0, 1, 1]",0,19.0,8.0,11.0,56.0,8.0,48.0,0.4000000059604645,0.5,115.77005767822266,0.33000001311302185
45.0,10,9.0,"[0, 2, 4]","[1, 0, 1, 0, 1]",0,25.0,10.0,15.0,76.0,10.0,66.0,0.800000011920929,1.0,171.75445556640625,0.44999998807907104
45.0,18,1.0,"[0, 2, 3, 4]","[1, 0, 1, 1, 1]",3,25.0,10.0,15.0,76.0,10.0,66.0,0.800000011920929,1.0,171.75445556640625,0.44999998807907104
45.0,12,7.0,[3],"[0, 0, 0, 1, 0]",3,25.0,10.0,15.0,76.0,10.0,66.0,0.800000011920929,1.0,171.75445556640625,0.44999998807907104
45.0,17,2.0,"[0, 2]","[1, 0, 1, 0, 0]",0,25.0,10.0,15.0,76.0,10.0,66.0,0.800000011920929,1.0,171.75445556640625,0.44999998807907104
45.0,19,6.0,"[2, 4]","[0, 0, 1, 0, 1]",4,25.0,10.0,15.0,76.0,10.0,66.0,0.800000011920929,1.0,171.75445556640625,0.44999998807907104
46.0,10,9.0,"[0, 2, 4]","[1, 0, 1, 0, 1]",2,25.0,9.0,16.0,76.0,9.0,67.0,0.20000000298023224,1.0,171.75445556640625,0.46000000834465027
46.0,18,1.0,"[0, 2, 3, 4]","[1, 0, 1, 1, 1]",4,25.0,9.0,16.0,76.0,9.0,67.0,0.4000000059604645,0.25,171.75445556640625,0.46000000834465027
46.0,12,3,[3],"[0, 0, 0, 1, 0]",-1,25.0,9.0,16.0,76.0,9.0,67.0,0.6000000238418579,0.5,171.75445556640625,0.46000000834465027
46.0,17,2.0,"[0, 2]","[1, 0, 1, 0, 0]",2,25.0,9.0,16.0,76.0,9.0,67.0,0.6000000238418579,0.75,171.75445556640625,0.46000000834465027
46.0,19,6.0,"[2, 4]","[0, 0, 1, 0, 1]",2,25.0,9.0,16.0,76.0,9.0,67.0,0.6000000238418579,0.75,171.75445556640625,0.46000000834465027
46.0,24,2.0,"[0, 2]","[1, 0, 1, 0, 0]",2,25.0,9.0,16.0,76.0,9.0,67.0,0.6000000238418579,1.0,171.75445556640625,0.46000000834465027
46.0,21,6.0,"[2, 4]","[0, 0, 1, 0, 1]",2,25.0,9.0,16.0,76.0,9.0,67.0,0.6000000238418579,1.0,171.75445556640625,0.46000000834465027
33.0,0,1,"[1, 3, 4]","[0, 1, 0, 1, 1]",0,19.0,8.0,11.0,56.0,8.0,48.0,0.4000000059604645,0.5,115.77005767822266,0.33000001311302185
47.0,19,2,"[2, 4]","[0, 0, 1, 0, 1]",-1,26.0,9.0,17.0,80.0,9.0,71.0,0.4000000059604645,0.75,198.22415161132812,0.4699999988079071
47.0,24,1,"[0, 2]","[1, 0, 1, 0, 0]",-1,26.0,9.0,17.0,80.0,9.0,71.0,0.4000000059604645,0.75,198.22415161132812,0.4699999988079071
47.0,21,3,"[2, 4]","[0, 0, 1, 0, 1]",-1,26.0,9.0,17.0,80.0,9.0,71.0,0.4000000059604645,0.75,198.22415161132812,0.4699999988079071
47.0,25,2.0,"[0, 2]","[1, 0, 1, 0, 0]",0,26.0,9.0,17.0,80.0,9.0,71.0,0.4000000059604645,0.75,198.22415161132812,0.4699999988079071
48.0,12,7.0,[3],"[0, 0, 0, 1, 0]",3,26.0,9.0,17.0,80.0,9.0,71.0,0.4000000059604645,0.75,198.41969299316406,0.47999998927116394
48.0,18,4.0,"[1, 2, 4]","[0, 1, 1, 0, 1]",4,26.0,9.0,17.0,80.0,9.0,71.0,0.6000000238418579,0.75,198.41969299316406,0.47999998927116394
49.0,0,1,"[1, 3, 4]","[0, 1, 0, 1, 1]",-1,26.0,9.0,17.0,80.0,9.0,71.0,0.4000000059604645,1.0,211.74468994140625,0.49000000953674316
49.0,19,6.0,"[2, 4]","[0, 0, 1, 0, 1]",4,26.0,9.0,17.0,80.0,9.0,71.0,0.4000000059604645,0.75,211.74468994140625,0.49000000953674316
49.0,24,1,"[0, 2]","[1, 0, 1, 0, 0]",-1,26.0,9.0,17.0,80.0,9.0,71.0,0.6000000238418579,0.75,211.74468994140625,0.49000000953674316
49.0,21,6.0,"[2, 4]","[0, 0, 1, 0, 1]",4,26.0,9.0,17.0,80.0,9.0,71.0,0.6000000238418579,1.0,211.74468994140625,0.49000000953674316
49.0,25,1,[3],"[0, 0, 0, 1, 0]",-1,26.0,9.0,17.0,80.0,9.0,71.0,0.6000000238418579,1.0,211.74468994140625,0.49000000953674316
49.0,18,4.0,"[1, 2, 4]","[0, 1, 1, 0, 1]",4,26.0,9.0,17.0,80.0,9.0,71.0,0.6000000238418579,1.0,211.74468994140625,0.49000000953674316
50.0,21,3,"[2, 4]","[0, 0, 1, 0, 1]",-1,26.0,8.0,18.0,80.0,8.0,72.0,0.4000000059604645,1.0,230.64468383789062,0.5
50.0,18,4.0,"[1, 2, 4]","[0, 1, 1, 0, 1]",1,26.0,8.0,18.0,80.0,8.0,72.0,0.4000000059604645,0.5,230.64468383789062,0.5
50.0,12,8.0,"[1, 3, 4]","[0, 1, 0, 1, 1]",3,26.0,8.0,18.0,80.0,8.0,72.0,0.6000000238418579,0.5,230.64468383789062,0.5
51.0,0,8.0,"[1, 3, 4]","[0, 1, 0, 1, 1]",0,26.0,7.0,19.0,80.0,7.0,73.0,0.6000000238418579,0.75,233.77468872070312,0.5099999904632568
51.0,0,1,"[1, 3, 4]","[0, 1, 0, 1, 1]",0,26.0,7.0,19.0,80.0,7.0,73.0,0.6000000238418579,0.75,233.77468872070312,0.5099999904632568
51.0,24,2.0,"[0, 2]","[1, 0, 1, 0, 0]",0,26.0,7.0,19.0,80.0,7.0,73.0,0.6000000238418579,0.75,233.77468872070312,0.5099999904632568
51.0,25,7.0,[3],"[0, 0, 0, 1, 0]",3,26.0,7.0,19.0,80.0,7.0,73.0,0.6000000238418579,0.75,233.77468872070312,0.5099999904632568
52.0,21,6.0,"[2, 4]","[0, 0, 1, 0, 1]",2,26.0,7.0,19.0,80.0,7.0,73.0,0.20000000298023224,0.75,233.77468872070312,0.5199999809265137
52.0,24,2.0,"[0, 2]","[1, 0, 1, 0, 0]",2,26.0,7.0,19.0,80.0,7.0,73.0,0.4000000059604645,0.25,233.77468872070312,0.5199999809265137
52.0,25,1,[3],"[0, 0, 0, 1, 0]",-1,26.0,7.0,19.0,80.0,7.0,73.0,0.4000000059604645,0.5,233.77468872070312,0.5199999809265137
52.0,18,5.0,"[0, 1]","[1, 1, 0, 0, 0]",1,26.0,7.0,19.0,80.0,7.0,73.0,0.4000000059604645,0.75,233.77468872070312,0.5199999809265137
52.0,19,5.0,"[0, 1]","[1, 1, 0, 0, 0]",1,26.0,7.0,19.0,80.0,7.0,73.0,0.6000000238418579,0.75,233.77468872070312,0.5199999809265137
51.0,0,1,"[1, 3, 4]","[0, 1, 0, 1, 1]",0,26.0,7.0,19.0,80.0,7.0,73.0,0.6000000238418579,0.75,233.77468872070312,0.5099999904632568
53.0,19,3,"[0, 1]","[1, 1, 0, 0, 0]",-1,26.0,6.0,20.0,80.0,6.0,74.0,0.4000000059604645,0.75,240.62469482421875,0.5299999713897705
54.0,25,7.0,[3],"[0, 0, 0, 1, 0]",3,26.0,5.0,21.0,80.0,5.0,75.0,0.20000000298023224,0.75,240.62469482421875,0.5400000214576721
51.0,0,1,"[1, 3, 4]","[0, 1, 0, 1, 1]",0,26.0,7.0,19.0,80.0,7.0,73.0,0.6000000238418579,0.75,233.77468872070312,0.5099999904632568
55.0,19,5.0,"[0, 1]","[1, 1, 0, 0, 0]",0,26.0,4.0,22.0,80.0,4.0,76.0,0.4000000059604645,0.5,255.0996856689453,0.550000011920929
56.0,25,8.0,"[1, 3, 4]","[0, 1, 0, 1, 1]",1,26.0,4.0,22.0,80.0,4.0,76.0,0.20000000298023224,0.5,258.2996826171875,0.5600000023841858
56.0,24,2.0,"[0, 2]","[1, 0, 1, 0, 0]",2,26.0,4.0,22.0,80.0,4.0,76.0,0.4000000059604645,0.25,258.2996826171875,0.5600000023841858
51.0,0,1,"[1, 3, 4]","[0, 1, 0, 1, 1]",0,26.0,7.0,19.0,80.0,7.0,73.0,0.6000000238418579,0.75,233.77468872070312,0.5099999904632568
58.0,19,7.0,[3],"[0, 0, 0, 1, 0]",3,27.0,5.0,22.0,83.0,5.0,78.0,0.20000000298023224,0.75,258.62969970703125,0.5799999833106995
58.0,26,6.0,"[2, 4]","[0, 0, 1, 0, 1]",4,27.0,5.0,22.0,83.0,5.0,78.0,0.4000000059604645,0.25,258.62969970703125,0.5799999833106995
58.0,24,8.0,"[1, 3, 4]","[0, 1, 0, 1, 1]",4,27.0,5.0,22.0,83.0,5.0,78.0,0.6000000238418579,0.5,258.62969970703125,0.5799999833106995
51.0,0,1,"[1, 3, 4]","[0, 1, 0, 1, 1]",0,26.0,7.0,19.0,80.0,7.0,73.0,0.6000000238418579,0.75,233.77468872070312,0.5099999904632568
59.0,27,0,"[0, 2, 3, 4]","[1, 0, 1, 1, 1]",-1,29.0,7.0,22.0,88.0,7.0,81.0,0.4000000059604645,0.75,259.99224853515625,0.5899999737739563
59.0,28,0,"[1, 2, 4]","[0, 1, 1, 0, 1]",-1,29.0,7.0,22.0,88.0,7.0,81.0,0.4000000059604645,0.75,259.99224853515625,0.5899999737739563
59.0,25,1.0,"[0, 2, 3, 4]","[1, 0, 1, 1, 1]",2,29.0,7.0,22.0,88.0,7.0,81.0,0.4000000059604645,0.75,259.99224853515625,0.5899999737739563
51.0,0,1,"[1, 3, 4]","[0, 1, 0, 1, 1]",0,26.0,7.0,19.0,80.0,7.0,73.0,0.6000000238418579,0.75,233.77468872070312,0.5099999904632568
61.0,27,1.0,"[0, 2, 3, 4]","[1, 0, 1, 1, 1]",0,29.0,5.0,24.0,88.0,5.0,83.0,0.20000000298023224,0.25,263.0672607421875,0.6100000143051147
61.0,28,0,"[1, 2, 4]","[0, 1, 1, 0, 1]",-1,29.0,5.0,24.0,88.0,5.0,83.0,0.4000000059604645,0.25,263.0672607421875,0.6100000143051147
61.0,26,1.0,"[0, 2, 3, 4]","[1, 0, 1, 1, 1]",4,29.0,5.0,24.0,88.0,5.0,83.0,0.4000000059604645,0.5,263.0672607421875,0.6100000143051147
62.0,29,7.0,[3],"[0, 0, 0, 1, 0]",3,30.0,6.0,24.0,89.0,6.0,83.0,0.4000000059604645,0.5,265.685546875,0.6200000047683716
63.0,0,1,"[1, 3, 4]","[0, 1, 0, 1, 1]",-1,30.0,6.0,24.0,89.0,6.0,83.0,0.4000000059604645,0.75,267.3052673339844,0.6299999952316284
63.0,28,0,"[1, 2, 4]","[0, 1, 1, 0, 1]",-1,30.0,6.0,24.0,89.0,6.0,83.0,0.4000000059604645,0.5,267.3052673339844,0.6299999952316284
63.0,27,3.0,"[0, 3, 4]","[1, 0, 0, 1, 1]",0,30.0,6.0,24.0,89.0,6.0,83.0,0.4000000059604645,0.5,267.3052673339844,0.6299999952316284
63.0,24,1.0,"[0, 2, 3, 4]","[1, 0, 1, 1, 1]",0,30.0,6.0,24.0,89.0,6.0,83.0,0.6000000238418579,0.5,267.3052673339844,0.6299999952316284
64.0,30,0,"[0, 3, 4]","[1, 0, 0, 1, 1]",-1,31.0,6.0,25.0,92.0,6.0,86.0,0.20000000298023224,0.75,268.08026123046875,0.6399999856948853
64.0,26,2,[3],"[0, 0, 0, 1, 0]",-1,31.0,6.0,25.0,92.0,6.0,86.0,0.20000000298023224,0.25,268.08026123046875,0.6399999856948853
64.0,24,1.0,"[0, 2, 3, 4]","[1, 0, 1, 1, 1]",2,31.0,6.0,25.0,92.0,6.0,86.0,0.20000000298023224,0.25,268.08026123046875,0.6399999856948853
65.0,0,8.0,"[1, 3, 4]","[0, 1, 0, 1, 1]",2,32.0,7.0,25.0,97.0,7.0,90.0,0.20000000298023224,0.25,269.70526123046875,0.6499999761581421
65.0,0,1,"[1, 3, 4]","[0, 1, 0, 1, 1]",2,32.0,7.0,25.0,97.0,7.0,90.0,0.20000000298023224,0.25,269.70526123046875,0.6499999761581421
65.0,28,4.0,"[1, 2, 4]","[0, 1, 1, 0, 1]",2,32.0,7.0,25.0,97.0,7.0,90.0,0.20000000298023224,0.25,269.70526123046875,0.6499999761581421
65.0,31,4.0,"[1, 2, 4]","[0, 1, 1, 0, 1]",1,32.0,7.0,25.0,97.0,7.0,90.0,0.20000000298023224,0.25,269.70526123046875,0.6499999761581421
65.0,27,8.0,"[1, 3, 4]","[0, 1, 0, 1, 1]",3,32.0,7.0,25.0,97.0,7.0,90.0,0.20000000298023224,0.5,269.70526123046875,0.6499999761581421
66.0,30,3.0,"[0, 3, 4]","[1, 0, 0, 1, 1]",4,33.0,7.0,26.0,99.0,7.0,92.0,0.4000000059604645,0.5,277.15753173828125,0.6600000262260437
66.0,26,7.0,[3],"[0, 0, 0, 1, 0]",3,33.0,7.0,26.0,99.0,7.0,92.0,0.6000000238418579,0.5,277.15753173828125,0.6600000262260437
66.0,31,4.0,"[1, 2, 4]","[0, 1, 1, 0, 1]",4,33.0,7.0,26.0,99.0,7.0,92.0,0.6000000238418579,0.75,277.15753173828125,0.6600000262260437
66.0,32,6.0,"[2, 4]","[0, 0, 1, 0, 1]",4,33.0,7.0,26.0,99.0,7.0,92.0,0.6000000238418579,1.0,277.15753173828125,0.6600000262260437
65.0,0,1,"[1, 3, 4]","[0, 1, 0, 1, 1]",2,32.0,7.0,25.0,97.0,7.0,90.0,0.20000000298023224,0.25,269.70526123046875,0.6499999761581421
67.0,31,0,"[1, 2, 4]","[0, 1, 1, 0, 1]",-1,34.0,8.0,26.0,103.0,8.0,95.0,0.6000000238418579,1.0,279.9779052734375,0.6700000166893005
67.0,32,0,"[2, 4]","[0, 0, 1, 0, 1]",-1,34.0,8.0,26.0,103.0,8.0,95.0,0.6000000238418579,1.0,279.9779052734375,0.6700000166893005
67.0,33,0,"[0, 2, 4]","[1, 0, 1, 0, 1]",-1,34.0,8.0,26.0,103.0,8.0,95.0,0.6000000238418579,1.0,279.9779052734375,0.6700000166893005
68.0,28,5.0,"[0, 1]","[1, 1, 0, 0, 0]",1,34.0,7.0,27.0,103.0,7.0,96.0,0.20000000298023224,1.0,284.17791748046875,0.6800000071525574
68.0,30,9.0,"[0, 2, 4]","[1, 0, 1, 0, 1]",2,34.0,7.0,27.0,103.0,7.0,96.0,0.4000000059604645,0.25,284.17791748046875,0.6800000071525574
65.0,0,1,"[1, 3, 4]","[0, 1, 0, 1, 1]",2,32.0,7.0,25.0,97.0,7.0,90.0,0.20000000298023224,0.25,269.70526123046875,0.6499999761581421
69.0,31,4.0,"[1, 2, 4]","[0, 1, 1, 0, 1]",1,36.0,9.0,27.0,111.0,9.0,102.0,0.6000000238418579,0.75,284.9979248046875,0.6899999976158142
69.0,32,6.0,"[2, 4]","[0, 0, 1, 0, 1]",2,36.0,9.0,27.0,111.0,9.0,102.0,0.6000000238418579,0.75,284.9979248046875,0.6899999976158142
69.0,33,9.0,"[0, 2, 4]","[1, 0, 1, 0, 1]",4,36.0,9.0,27.0,111.0,9.0,102.0,0.6000000238418579,0.75,284.9979248046875,0.6899999976158142
69.0,34,0,[3],"[0, 0, 0, 1, 0]",-1,36.0,9.0,27.0,111.0,9.0,102.0,0.800000011920929,0.75,284.9979248046875,0.6899999976158142
69.0,35,5.0,"[0, 1]","[1, 1, 0, 0, 0]",0,36.0,9.0,27.0,111.0,9.0,102.0,0.800000011920929,1.0,284.9979248046875,0.6899999976158142
70.0,31,0,"[1, 2, 4]","[0, 1, 1, 0, 1]",-1,38.0,9.0,29.0,121.0,9.0,112.0,0.4000000059604645,1.0,287.17913818359375,0.699999988079071
70.0,32,0,"[2, 4]","[0, 0, 1, 0, 1]",-1,38.0,9.0,29.0,121.0,9.0,112.0,0.4000000059604645,0.5,287.17913818359375,0.699999988079071
70.0,35,5.0,"[0, 1]","[1, 1, 0, 0, 0]",0,38.0,9.0,29.0,121.0,9.0,112.0,0.4000000059604645,0.5,287.17913818359375,0.699999988079071
70.0,36,5.0,"[0, 1]","[1, 1, 0, 0, 0]",0,38.0,9.0,29.0,121.0,9.0,112.0,0.6000000238418579,0.5,287.17913818359375,0.699999988079071
70.0,37,2.0,"[0, 2]","[1, 0, 1, 0, 0]",0,38.0,9.0,29.0,121.0,9.0,112.0,0.6000000238418579,0.75,287.17913818359375,0.699999988079071
65.0,0,1,"[1, 3, 4]","[0, 1, 0, 1, 1]",2,32.0,7.0,25.0,97.0,7.0,90.0,0.20000000298023224,0.25,269.70526123046875,0.6499999761581421
71.0,34,7.0,[3],"[0, 0, 0, 1, 0]",3,39.0,10.0,29.0,126.0,10.0,116.0,0.4000000059604645,0.75,288.24041748046875,0.7099999785423279
71.0,38,0,"[0, 1]","[1, 1, 0, 0, 0]",-1,39.0,10.0,29.0,126.0,10.0,116.0,0.6000000238418579,0.75,288.24041748046875,0.7099999785423279
71.0,37,0,"[0, 2]","[1, 0, 1, 0, 0]",-1,39.0,10.0,29.0,126.0,10.0,116.0,0.6000000238418579,1.0,288.24041748046875,0.7099999785423279
71.0,33,8.0,"[1, 3, 4]","[0, 1, 0, 1, 1]",4,39.0,10.0,29.0,126.0,10.0,116.0,0.6000000238418579,1.0,288.24041748046875,0.7099999785423279
72.0,31,4.0,"[1, 2, 4]","[0, 1, 1, 0, 1]",4,39.0,10.0,29.0,126.0,10.0,116.0,0.4000000059604645,1.0,290.57843017578125,0.7200000286102295
72.0,32,6.0,"[2, 4]","[0, 0, 1, 0, 1]",4,39.0,10.0,29.0,126.0,10.0,116.0,0.6000000238418579,0.75,290.57843017578125,0.7200000286102295
72.0,30,8.0,"[1, 3, 4]","[0, 1, 0, 1, 1]",1,39.0,10.0,29.0,126.0,10.0,116.0,0.6000000238418579,1.0,290.57843017578125,0.7200000286102295
72.0,33,8.0,"[1, 3, 4]","[0, 1, 0, 1, 1]",1,39.0,10.0,29.0,126.0,10.0,116.0,0.6000000238418579,1.0,290.57843017578125,0.7200000286102295
65.0,0,1,"[1, 3, 4]","[0, 1, 0, 1, 1]",2,32.0,7.0,25.0,97.0,7.0,90.0,0.20000000298023224,0.25,269.70526123046875,0.6499999761581421
73.0,38,5.0,"[0, 1]","[1, 1, 0, 0, 0]",1,40.0,10.0,30.0,128.0,10.0,118.0,0.4000000059604645,0.5,300.793212890625,0.7300000190734863
73.0,37,2.0,"[0, 2]","[1, 0, 1, 0, 0]",2,40.0,10.0,30.0,128.0,10.0,118.0,0.6000000238418579,0.5,300.793212890625,0.7300000190734863
73.0,35,1,"[1, 2, 4]","[0, 1, 1, 0, 1]",-1,40.0,10.0,30.0,128.0,10.0,118.0,0.6000000238418579,0.75,300.793212890625,0.7300000190734863
73.0,32,0,"[2, 4]","[0, 0, 1, 0, 1]",-1,40.0,10.0,30.0,128.0,10.0,118.0,0.6000000238418579,0.75,300.793212890625,0.7300000190734863
73.0,30,2,"[1, 3, 4]","[0, 1, 0, 1, 1]",-1,40.0,10.0,30.0,128.0,10.0,118.0,0.6000000238418579,0.75,300.793212890625,0.7300000190734863
73.0,33,1,"[1, 3, 4]","[0, 1, 0, 1, 1]",-1,40.0,10.0,30.0,128.0,10.0,118.0,0.6000000238418579,0.75,300.793212890625,0.7300000190734863
73.0,34,7.0,[3],"[0, 0, 0, 1, 0]",3,40.0,10.0,30.0,128.0,10.0,118.0,0.6000000238418579,0.75,300.793212890625,0.7300000190734863
74.0,37,0,"[0, 2]","[1, 0, 1, 0, 0]",-1,40.0,10.0,30.0,128.0,10.0,118.0,0.800000011920929,0.75,303.59210205078125,0.7400000095367432
75.0,0,1,"[1, 3, 4]","[0, 1, 0, 1, 1]",-1,40.0,10.0,30.0,128.0,10.0,118.0,0.0,1.0,303.59210205078125,0.75
75.0,35,1,"[1, 2, 4]","[0, 1, 1, 0, 1]",-1,40.0,10.0,30.0,128.0,10.0,118.0,0.0,0.0,303.59210205078125,0.75
75.0,32,0,"[2, 4]","[0, 0, 1, 0, 1]",-1,40.0,10.0,30.0,128.0,10.0,118.0,0.0,0.0,303.59210205078125,0.75
75.0,30,2,"[1, 3, 4]","[0, 1, 0, 1, 1]",-1,40.0,10.0,30.0,128.0,10.0,118.0,0.0,0.0,303.59210205078125,0.75
75.0,33,1,"[1, 3, 4]","[0, 1, 0, 1, 1]",-1,40.0,10.0,30.0,128.0,10.0,118.0,0.0,0.0,303.59210205078125,0.75
75.0,31,1,[3],"[0, 0, 0, 1, 0]",-1,40.0,10.0,30.0,128.0,10.0,118.0,0.0,0.0,303.59210205078125,0.75
75.0,36,1,"[0, 1]","[1, 1, 0, 0, 0]",-1,40.0,10.0,30.0,128.0,10.0,118.0,0.0,0.0,303.59210205078125,0.75
75.0,38,2.0,"[0, 2]","[1, 0, 1, 0, 0]",0,40.0,10.0,30.0,128.0,10.0,118.0,0.0,0.0,303.59210205078125,0.75
75.0,34,3.0,"[0, 3, 4]","[1, 0, 0, 1, 1]",0,40.0,10.0,30.0,128.0,10.0,118.0,0.20000000298023224,0.0,303.59210205078125,0.75
76.0,37,2.0,"[0, 2]","[1, 0, 1, 0, 0]",0,40.0,10.0,30.0,128.0,10.0,118.0,0.20000000298023224,0.25,303.84210205078125,0.7599999904632568
77.0,0,8.0,"[1, 3, 4]","[0, 1, 0, 1, 1]",2,41.0,10.0,31.0,132.0,10.0,122.0,0.20000000298023224,0.5,305.0721130371094,0.7699999809265137
77.0,0,1,"[1, 3, 4]","[0, 1, 0, 1, 1]",2,41.0,10.0,31.0,132.0,10.0,122.0,0.20000000298023224,0.5,305.0721130371094,0.7699999809265137
77.0,35,4.0,"[1, 2, 4]","[0, 1, 1, 0, 1]",1,41.0,10.0,31.0,132.0,10.0,122.0,0.20000000298023224,0.25,305.0721130371094,0.7699999809265137
77.0,32,6.0,"[2, 4]","[0, 0, 1, 0, 1]",2,41.0,10.0,31.0,132.0,10.0,122.0,0.4000000059604645,0.25,305.0721130371094,0.7699999809265137
77.0,30,8.0,"[1, 3, 4]","[0, 1, 0, 1, 1]",1,41.0,10.0,31.0,132.0,10.0,122.0,0.6000000238418579,0.5,305.0721130371094,0.7699999809265137
77.0,33,8.0,"[1, 3, 4]","[0, 1, 0, 1, 1]",4,41.0,10.0,31.0,132.0,10.0,122.0,0.6000000238418579,0.75,305.0721130371094,0.7699999809265137
77.0,31,1,[3],"[0, 0, 0, 1, 0]",-1,41.0,10.0,31.0,132.0,10.0,122.0,0.800000011920929,0.75,305.0721130371094,0.7699999809265137
77.0,36,5.0,"[0, 1]","[1, 1, 0, 0, 0]",1,41.0,10.0,31.0,132.0,10.0,122.0,0.800000011920929,1.0,305.0721130371094,0.7699999809265137
77.0,38,4.0,"[1, 2, 4]","[0, 1, 1, 0, 1]",1,41.0,10.0,31.0,132.0,10.0,122.0,0.800000011920929,1.0,305.0721130371094,0.7699999809265137
77.0,37,2.0,"[0, 2]","[1, 0, 1, 0, 0]",2,41.0,10.0,31.0,132.0,10.0,122.0,0.800000011920929,1.0,305.0721130371094,0.7699999809265137
78.0,30,2,"[1, 3, 4]","[0, 1, 0, 1, 1]",-1,41.0,10.0,31.0,132.0,10.0,122.0,0.6000000238418579,1.0,327.1285095214844,0.7799999713897705
78.0,36,1,"[0, 1]","[1, 1, 0, 0, 0]",-1,41.0,10.0,31.0,132.0,10.0,122.0,0.6000000238418579,0.75,327.1285095214844,0.7799999713897705
78.0,38,2,"[1, 2, 4]","[0, 1, 1, 0, 1]",-1,41.0,10.0,31.0,132.0,10.0,122.0,0.6000000238418579,0.75,327.1285095214844,0.7799999713897705
78.0,37,0,"[0, 2]","[1, 0, 1, 0, 0]",-1,41.0,10.0,31.0,132.0,10.0,122.0,0.6000000238418579,0.75,327.1285095214844,0.7799999713897705
78.0,34,3,"[1, 2, 4]","[0, 1, 1, 0, 1]",-1,41.0,10.0,31.0,132.0,10.0,122.0,0.6000000238418579,0.75,327.1285095214844,0.7799999713897705
77.0,0,1,"[1, 3, 4]","[0, 1, 0, 1, 1]",2,41.0,10.0,31.0,132.0,10.0,122.0,0.20000000298023224,0.5,305.0721130371094,0.7699999809265137
79.0,31,7.0,[3],"[0, 0, 0, 1, 0]",3,41.0,10.0,31.0,132.0,10.0,122.0,0.20000000298023224,0.25,327.1285095214844,0.7900000214576721
79.0,35,2.0,"[0, 2]","[1, 0, 1, 0, 0]",0,41.0,10.0,31.0,132.0,10.0,122.0,0.4000000059604645,0.25,327.1285095214844,0.7900000214576721
79.0,33,1.0,"[0, 2, 3, 4]","[1, 0, 1, 1, 1]",0,41.0,10.0,31.0,132.0,10.0,122.0,0.6000000238418579,0.5,327.1285095214844,0.7900000214576721
80.0,30,8.0,"[1, 3, 4]","[0, 1, 0, 1, 1]",1,42.0,10.0,32.0,137.0,10.0,127.0,0.4000000059604645,0.75,332.4535217285156,0.800000011920929
80.0,36,5.0,"[0, 1]","[1, 1, 0, 0, 0]",0,42.0,10.0,32.0,137.0,10.0,127.0,0.6000000238418579,0.5,332.4535217285156,0.800000011920929
80.0,38,4.0,"[1, 2, 4]","[0, 1, 1, 0, 1]",4,42.0,10.0,32.0,137.0,10.0,127.0,0.6000000238418579,0.75,332.4535217285156,0.800000011920929
80.0,37,2.0,"[0, 2]","[1, 0, 1, 0, 0]",0,42.0,10.0,32.0,137.0,10.0,127.0,0.6000000238418579,1.0,332.4535217285156,0.800000011920929
80.0,34,4.0,"[1, 2, 4]","[0, 1, 1, 0, 1]",1,42.0,10.0,32.0,137.0,10.0,127.0,0.6000000238418579,1.0,332.4535217285156,0.800000011920929
80.0,32,1.0,"[0, 2, 3, 4]","[1, 0, 1, 1, 1]",4,42.0,10.0,32.0,137.0,10.0,127.0,0.6000000238418579,1.0,332.4535217285156,0.800000011920929
80.0,33,1.0,"[0, 2, 3, 4]","[1, 0, 1, 1, 1]",2,42.0,10.0,32.0,137.0,10.0,127.0,0.6000000238418579,1.0,332.4535217285156,0.800000011920929
77.0,0,1,"[1, 3, 4]","[0, 1, 0, 1, 1]",2,41.0,10.0,31.0,132.0,10.0,122.0,0.20000000298023224,0.5,305.0721130371094,0.7699999809265137
81.0,39,0,[3],"[0, 0, 0, 1, 0]",-1,42.0,10.0,32.0,137.0,10.0,127.0,0.4000000059604645,0.5,346.8034973144531,0.8100000023841858
81.0,38,4.0,"[1, 2, 4]","[0, 1, 1, 0, 1]",4,42.0,10.0,32.0,137.0,10.0,127.0,0.4000000059604645,0.5,346.8034973144531,0.8100000023841858
81.0,37,0,"[0, 2]","[1, 0, 1, 0, 0]",-1,42.0,10.0,32.0,137.0,10.0,127.0,0.6000000238418579,0.5,346.8034973144531,0.8100000023841858
81.0,34,4.0,"[1, 2, 4]","[0, 1, 1, 0, 1]",4,42.0,10.0,32.0,137.0,10.0,127.0,0.6000000238418579,0.75,346.8034973144531,0.8100000023841858
81.0,32,1.0,"[0, 2, 3, 4]","[1, 0, 1, 1, 1]",4,42.0,10.0,32.0,137.0,10.0,127.0,0.6000000238418579,0.75,346.8034973144531,0.8100000023841858
81.0,33,1.0,"[0, 2, 3, 4]","[1, 0, 1, 1, 1]",4,42.0,10.0,32.0,137.0,10.0,127.0,0.6000000238418579,1.0,346.8034973144531,0.8100000023841858
81.0,31,2,"[0, 2]","[1, 0, 1, 0, 0]",-1,42.0,10.0,32.0,137.0,10.0,127.0,0.6000000238418579,1.0,346.8034973144531,0.8100000023841858
82.0,32,1,"[0, 2, 3, 4]","[1, 0, 1, 1, 1]",-1,42.0,10.0,32.0,137.0,10.0,127.0,0.6000000238418579,1.0,351.7535095214844,0.8199999928474426
82.0,33,2,"[0, 2, 3, 4]","[1, 0, 1, 1, 1]",-1,42.0,10.0,32.0,137.0,10.0,127.0,0.6000000238418579,1.0,351.7535095214844,0.8199999928474426
83.0,0,1,"[1, 3, 4]","[0, 1, 0, 1, 1]",-1,42.0,10.0,32.0,137.0,10.0,127.0,0.20000000298023224,1.0,351.7535095214844,0.8299999833106995
83.0,39,0,[3],"[0, 0, 0, 1, 0]",-1,42.0,10.0,32.0,137.0,10.0,127.0,0.20000000298023224,0.5,351.7535095214844,0.8299999833106995
83.0,37,0,"[0, 2]","[1, 0, 1, 0, 0]",-1,42.0,10.0,32.0,137.0,10.0,127.0,0.20000000298023224,0.5,351.7535095214844,0.8299999833106995
83.0,31,2,"[0, 2]","[1, 0, 1, 0, 0]",-1,42.0,10.0,32.0,137.0,10.0,127.0,0.20000000298023224,0.5,351.7535095214844,0.8299999833106995
83.0,36,4.0,"[1, 2, 4]","[0, 1, 1, 0, 1]",2,42.0,10.0,32.0,137.0,10.0,127.0,0.20000000298023224,0.5,351.7535095214844,0.8299999833106995
83.0,40,6.0,"[2, 4]","[0, 0, 1, 0, 1]",2,42.0,10.0,32.0,137.0,10.0,127.0,0.4000000059604645,0.5,351.7535095214844,0.8299999833106995
84.0,32,1.0,"[0, 2, 3, 4]","[1, 0, 1, 1, 1]",2,42.0,10.0,32.0,137.0,10.0,127.0,0.4000000059604645,0.75,357.90350341796875,0.8399999737739563
84.0,33,1.0,"[0, 2, 3, 4]","[1, 0, 1, 1, 1]",2,42.0,10.0,32.0,137.0,10.0,127.0,0.4000000059604645,0.75,357.90350341796875,0.8399999737739563
84.0,38,2.0,"[0, 2]","[1, 0, 1, 0, 0]",0,42.0,10.0,32.0,137.0,10.0,127.0,0.4000000059604645,1.0,357.90350341796875,0.8399999737739563
85.0,0,8.0,"[1, 3, 4]","[0, 1, 0, 1, 1]",0,42.0,10.0,32.0,137.0,10.0,127.0,0.4000000059604645,1.0,366.3254089355469,0.8500000238418579
85.0,0,1,"[1, 3, 4]","[0, 1, 0, 1, 1]",0,42.0,10.0,32.0,137.0,10.0,127.0,0.4000000059604645,1.0,366.3254089355469,0.8500000238418579
85.0,39,7.0,[3],"[0, 0, 0, 1, 0]",3,42.0,10.0,32.0,137.0,10.0,127.0,0.4000000059604645,0.75,366.3254089355469,0.8500000238418579
85.0,37,2.0,"[0, 2]","[1, 0, 1, 0, 0]",0,42.0,10.0,32.0,137.0,10.0,127.0,0.4000000059604645,0.75,366.3254089355469,0.8500000238418579
85.0,31,2.0,"[0, 2]","[1, 0, 1, 0, 0]",0,42.0,10.0,32.0,137.0,10.0,127.0,0.4000000059604645,0.75,366.3254089355469,0.8500000238418579
85.0,33,2,"[0, 2, 3, 4]","[1, 0, 1, 1, 1]",-1,42.0,10.0,32.0,137.0,10.0,127.0,0.4000000059604645,0.75,366.3254089355469,0.8500000238418579
85.0,38,3,"[0, 2]","[1, 0, 1, 0, 0]",-1,42.0,10.0,32.0,137.0,10.0,127.0,0.4000000059604645,0.75,366.3254089355469,0.8500000238418579
85.0,36,9.0,"[0, 2, 4]","[1, 0, 1, 0, 1]",2,42.0,10.0,32.0,137.0,10.0,127.0,0.4000000059604645,0.75,366.3254089355469,0.8500000238418579
86.0,34,7.0,[3],"[0, 0, 0, 1, 0]",3,43.0,10.0,33.0,142.0,10.0,132.0,0.20000000298023224,0.75,366.3254089355469,0.8600000143051147
86.0,39,7.0,[3],"[0, 0, 0, 1, 0]",3,43.0,10.0,33.0,142.0,10.0,132.0,0.4000000059604645,0.75,366.3254089355469,0.8600000143051147
86.0,37,2.0,"[0, 2]","[1, 0, 1, 0, 0]",0,43.0,10.0,33.0,142.0,10.0,132.0,0.4000000059604645,1.0,366.3254089355469,0.8600000143051147
86.0,31,2.0,"[0, 2]","[1, 0, 1, 0, 0]",0,43.0,10.0,33.0,142.0,10.0,132.0,0.4000000059604645,1.0,366.3254089355469,0.8600000143051147
85.0,0,1,"[1, 3, 4]","[0, 1, 0, 1, 1]",0,42.0,10.0,32.0,137.0,10.0,127.0,0.4000000059604645,1.0,366.3254089355469,0.8500000238418579
87.0,33,1.0,"[0, 2, 3, 4]","[1, 0, 1, 1, 1]",4,44.0,10.0,34.0,146.0,10.0,136.0,0.4000000059604645,0.75,374.805419921875,0.8700000047683716
87.0,38,2.0,"[0, 2]","[1, 0, 1, 0, 0]",0,44.0,10.0,34.0,146.0,10.0,136.0,0.6000000238418579,0.75,374.805419921875,0.8700000047683716
87.0,39,0,[3],"[0, 0, 0, 1, 0]",-1,44.0,10.0,34.0,146.0,10.0,136.0,0.6000000238418579,1.0,374.805419921875,0.8700000047683716
87.0,37,0,"[0, 2]","[1, 0, 1, 0, 0]",-1,44.0,10.0,34.0,146.0,10.0,136.0,0.6000000238418579,1.0,374.805419921875,0.8700000047683716
87.0,31,2,"[0, 2]","[1, 0, 1, 0, 0]",-1,44.0,10.0,34.0,146.0,10.0,136.0,0.6000000238418579,1.0,374.805419921875,0.8700000047683716
87.0,40,8.0,"[1, 3, 4]","[0, 1, 0, 1, 1]",1,44.0,10.0,34.0,146.0,10.0,136.0,0.6000000238418579,1.0,374.805419921875,0.8700000047683716
88.0,38,3,"[0, 2]","[1, 0, 1, 0, 0]",-1,45.0,10.0,35.0,150.0,10.0,140.0,0.4000000059604645,1.0,383.23040771484375,0.8799999952316284
88.0,40,1,"[1, 3, 4]","[0, 1, 0, 1, 1]",-1,45.0,10.0,35.0,150.0,10.0,140.0,0.4000000059604645,0.75,383.23040771484375,0.8799999952316284
88.0,41,0,"[2, 4]","[0, 0, 1, 0, 1]",-1,45.0,10.0,35.0,150.0,10.0,140.0,0.4000000059604645,0.75,383.23040771484375,0.8799999952316284
85.0,0,1,"[1, 3, 4]","[0, 1, 0, 1, 1]",0,42.0,10.0,32.0,137.0,10.0,127.0,0.4000000059604645,1.0,366.3254089355469,0.8500000238418579
89.0,39,7.0,[3],"[0, 0, 0, 1, 0]",3,45.0,10.0,35.0,150.0,10.0,140.0,0.20000000298023224,0.25,386.9054260253906,0.8899999856948853
89.0,37,2.0,"[0, 2]","[1, 0, 1, 0, 0]",0,45.0,10.0,35.0,150.0,10.0,140.0,0.4000000059604645,0.25,386.9054260253906,0.8899999856948853
89.0,31,2.0,"[0, 2]","[1, 0, 1, 0, 0]",0,45.0,10.0,35.0,150.0,10.0,140.0,0.6000000238418579,0.5,386.9054260253906,0.8899999856948853
89.0,33,3.0,"[0, 3, 4]","[1, 0, 0, 1, 1]",3,45.0,10.0,35.0,150.0,10.0,140.0,0.6000000238418579,0.75,386.9054260253906,0.8899999856948853
89.0,42,1.0,"[0, 2, 3, 4]","[1, 0, 1, 1, 1]",3,45.0,10.0,35.0,150.0,10.0,140.0,0.6000000238418579,0.75,386.9054260253906,0.8899999856948853
90.0,38,2.0,"[0, 2]","[1, 0, 1, 0, 0]",0,45.0,10.0,35.0,150.0,10.0,140.0,0.6000000238418579,0.75,422.6612548828125,0.8999999761581421
90.0,40,8.0,"[1, 3, 4]","[0, 1, 0, 1, 1]",3,45.0,10.0,35.0,150.0,10.0,140.0,0.6000000238418579,1.0,422.6612548828125,0.8999999761581421
90.0,41,6.0,"[2, 4]","[0, 0, 1, 0, 1]",4,45.0,10.0,35.0,150.0,10.0,140.0,0.6000000238418579,1.0,422.6612548828125,0.8999999761581421
90.0,31,2,"[0, 2]","[1, 0, 1, 0, 0]",-1,45.0,10.0,35.0,150.0,10.0,140.0,0.6000000238418579,1.0,422.6612548828125,0.8999999761581421
90.0,33,3,"[0, 3, 4]","[1, 0, 0, 1, 1]",-1,45.0,10.0,35.0,150.0,10.0,140.0,0.6000000238418579,1.0,422.6612548828125,0.8999999761581421
91.0,0,1,"[1, 3, 4]","[0, 1, 0, 1, 1]",-1,45.0,10.0,35.0,150.0,10.0,140.0,0.4000000059604645,1.0,427.62152099609375,0.9100000262260437
91.0,37,5.0,"[0, 1]","[1, 1, 0, 0, 0]",0,45.0,10.0,35.0,150.0,10.0,140.0,0.4000000059604645,0.5,427.62152099609375,0.9100000262260437
91.0,38,2.0,"[0, 2]","[1, 0, 1, 0, 0]",0,45.0,10.0,35.0,150.0,10.0,140.0,0.6000000238418579,0.5,427.62152099609375,0.9100000262260437
91.0,40,8.0,"[1, 3, 4]","[0, 1, 0, 1, 1]",4,45.0,10.0,35.0,150.0,10.0,140.0,0.6000000238418579,0.75,427.62152099609375,0.9100000262260437
91.0,41,6.0,"[2, 4]","[0, 0, 1, 0, 1]",4,45.0,10.0,35.0,150.0,10.0,140.0,0.6000000238418579,1.0,427.62152099609375,0.9100000262260437
91.0,39,3.0,"[0, 3, 4]","[1, 0, 0, 1, 1]",4,45.0,10.0,35.0,150.0,10.0,140.0,0.6000000238418579,1.0,427.62152099609375,0.9100000262260437
92.0,31,2.0,"[0, 2]","[1, 0, 1, 0, 0]",0,45.0,10.0,35.0,150.0,10.0,140.0,0.4000000059604645,1.0,428.571533203125,0.9200000166893005
92.0,33,3.0,"[0, 3, 4]","[1, 0, 0, 1, 1]",4,45.0,10.0,35.0,150.0,10.0,140.0,0.4000000059604645,0.75,428.571533203125,0.9200000166893005
92.0,40,1,"[1, 3, 4]","[0, 1, 0, 1, 1]",-1,45.0,10.0,35.0,150.0,10.0,140.0,0.6000000238418579,0.75,428.571533203125,0.9200000166893005
92.0,41,0,"[2, 4]","[0, 0, 1, 0, 1]",-1,45.0,10.0,35.0,150.0,10.0,140.0,0.6000000238418579,1.0,428.571533203125,0.9200000166893005
92.0,39,1,"[0, 3, 4]","[1, 0, 0, 1, 1]",-1,45.0,10.0,35.0,150.0,10.0,140.0,0.6000000238418579,1.0,428.571533203125,0.9200000166893005
92.0,36,8.0,"[1, 3, 4]","[0, 1, 0, 1, 1]",4,45.0,10.0,35.0,150.0,10.0,140.0,0.6000000238418579,1.0,428.571533203125,0.9200000166893005
93.0,0,8.0,"[1, 3, 4]","[0, 1, 0, 1, 1]",2,45.0,10.0,35.0,150.0,10.0,140.0,0.4000000059604645,1.0,432.5215148925781,0.9300000071525574
93.0,0,1,"[1, 3, 4]","[0, 1, 0, 1, 1]",2,45.0,10.0,35.0,150.0,10.0,140.0,0.4000000059604645,1.0,432.5215148925781,0.9300000071525574
93.0,42,6.0,"[2, 4]","[0, 0, 1, 0, 1]",2,45.0,10.0,35.0,150.0,10.0,140.0,0.4000000059604645,0.75,432.5215148925781,0.9300000071525574
93.0,31,2.0,"[0, 2]","[1, 0, 1, 0, 0]",2,45.0,10.0,35.0,150.0,10.0,140.0,0.6000000238418579,0.75,432.5215148925781,0.9300000071525574
93.0,36,8.0,"[1, 3, 4]","[0, 1, 0, 1, 1]",1,45.0,10.0,35.0,150.0,10.0,140.0,0.6000000238418579,1.0,432.5215148925781,0.9300000071525574
94.0,40,8.0,"[1, 3, 4]","[0, 1, 0, 1, 1]",1,45.0,10.0,35.0,150.0,10.0,140.0,0.4000000059604645,1.0,443.4765319824219,0.9399999976158142
94.0,41,6.0,"[2, 4]","[0, 0, 1, 0, 1]",2,45.0,10.0,35.0,150.0,10.0,140.0,0.6000000238418579,0.5,443.4765319824219,0.9399999976158142
94.0,39,1,"[0, 3, 4]","[1, 0, 0, 1, 1]",-1,45.0,10.0,35.0,150.0,10.0,140.0,0.6000000238418579,0.75,443.4765319824219,0.9399999976158142
94.0,37,7.0,[3],"[0, 0, 0, 1, 0]",3,45.0,10.0,35.0,150.0,10.0,140.0,0.6000000238418579,0.75,443.4765319824219,0.9399999976158142
94.0,31,2,"[0, 2]","[1, 0, 1, 0, 0]",-1,45.0,10.0,35.0,150.0,10.0,140.0,0.800000011920929,0.75,443.4765319824219,0.9399999976158142
94.0,36,8.0,"[1, 3, 4]","[0, 1, 0, 1, 1]",3,45.0,10.0,35.0,150.0,10.0,140.0,0.800000011920929,1.0,443.4765319824219,0.9399999976158142
94.0,43,4.0,"[1, 2, 4]","[0, 1, 1, 0, 1]",4,45.0,10.0,35.0,150.0,10.0,140.0,0.800000011920929,1.0,443.4765319824219,0.9399999976158142
95.0,0,1,"[1, 3, 4]","[0, 1, 0, 1, 1]",-1,45.0,10.0,35.0,150.0,10.0,140.0,0.6000000238418579,1.0,451.4215393066406,0.949999988079071
95.0,38,4.0,"[1, 2, 4]","[0, 1, 1, 0, 1]",4,45.0,10.0,35.0,150.0,10.0,140.0,0.6000000238418579,0.75,451.4215393066406,0.949999988079071
95.0,41,6.0,"[2, 4]","[0, 0, 1, 0, 1]",4,45.0,10.0,35.0,150.0,10.0,140.0,0.800000011920929,0.75,451.4215393066406,0.949999988079071
95.0,36,8.0,"[1, 3, 4]","[0, 1, 0, 1, 1]",4,45.0,10.0,35.0,150.0,10.0,140.0,0.800000011920929,1.0,451.4215393066406,0.949999988079071
95.0,43,4.0,"[1, 2, 4]","[0, 1, 1, 0, 1]",4,45.0,10.0,35.0,150.0,10.0,140.0,0.800000011920929,1.0,451.4215393066406,0.949999988079071
96.0,39,3.0,"[0, 3, 4]","[1, 0, 0, 1, 1]",0,45.0,10.0,35.0,150.0,10.0,140.0,0.4000000059604645,1.0,452.0965270996094,0.9599999785423279
96.0,31,2.0,"[0, 2]","[1, 0, 1, 0, 0]",0,45.0,10.0,35.0,150.0,10.0,140.0,0.6000000238418579,0.5,452.0965270996094,0.9599999785423279
96.0,42,4.0,"[1, 2, 4]","[0, 1, 1, 0, 1]",2,45.0,10.0,35.0,150.0,10.0,140.0,0.6000000238418579,0.75,452.0965270996094,0.9599999785423279
96.0,41,6.0,"[2, 4]","[0, 0, 1, 0, 1]",2,45.0,10.0,35.0,150.0,10.0,140.0,0.800000011920929,0.75,452.0965270996094,0.9599999785423279
96.0,36,4,"[1, 3, 4]","[0, 1, 0, 1, 1]",-1,45.0,10.0,35.0,150.0,10.0,140.0,0.800000011920929,1.0,452.0965270996094,0.9599999785423279
96.0,43,4.0,"[1, 2, 4]","[0, 1, 1, 0, 1]",2,45.0,10.0,35.0,150.0,10.0,140.0,0.800000011920929,1.0,452.0965270996094,0.9599999785423279
96.0,37,5.0,"[0, 1]","[1, 1, 0, 0, 0]",0,45.0,10.0,35.0,150.0,10.0,140.0,0.800000011920929,1.0,452.0965270996094,0.9599999785423279
97.0,0,8.0,"[1, 3, 4]","[0, 1, 0, 1, 1]",2,45.0,10.0,35.0,150.0,10.0,140.0,0.6000000238418579,1.0,458.176513671875,0.9700000286102295
97.0,0,1,"[1, 3, 4]","[0, 1, 0, 1, 1]",2,45.0,10.0,35.0,150.0,10.0,140.0,0.6000000238418579,1.0,458.176513671875,0.9700000286102295
97.0,31,2,"[0, 2]","[1, 0, 1, 0, 0]",-1,45.0,10.0,35.0,150.0,10.0,140.0,0.6000000238418579,0.75,458.176513671875,0.9700000286102295
97.0,41,0,"[2, 4]","[0, 0, 1, 0, 1]",-1,45.0,10.0,35.0,150.0,10.0,140.0,0.6000000238418579,0.75,458.176513671875,0.9700000286102295
97.0,43,0,"[1, 2, 4]","[0, 1, 1, 0, 1]",-1,45.0,10.0,35.0,150.0,10.0,140.0,0.6000000238418579,0.75,458.176513671875,0.9700000286102295
97.0,37,3,"[0, 1]","[1, 1, 0, 0, 0]",-1,45.0,10.0,35.0,150.0,10.0,140.0,0.6000000238418579,0.75,458.176513671875,0.9700000286102295
97.0,40,2,"[0, 2, 3, 4]","[1, 0, 1, 1, 1]",-1,45.0,10.0,35.0,150.0,10.0,140.0,0.6000000238418579,0.75,458.176513671875,0.9700000286102295
98.0,36,8.0,"[1, 3, 4]","[0, 1, 0, 1, 1]",1,46.0,10.0,36.0,151.0,10.0,141.0,0.0,0.75,458.176513671875,0.9800000190734863
98.0,44,4.0,"[1, 2, 4]","[0, 1, 1, 0, 1]",1,46.0,10.0,36.0,151.0,10.0,141.0,0.20000000298023224,0.0,458.176513671875,0.9800000190734863
98.0,45,8.0,"[1, 3, 4]","[0, 1, 0, 1, 1]",1,46.0,10.0,36.0,151.0,10.0,141.0,0.20000000298023224,0.25,458.176513671875,0.9800000190734863
98.0,42,2.0,"[0, 2]","[1, 0, 1, 0, 0]",2,46.0,10.0,36.0,151.0,10.0,141.0,0.20000000298023224,0.5,458.176513671875,0.9800000190734863
97.0,0,1,"[1, 3, 4]","[0, 1, 0, 1, 1]",2,45.0,10.0,35.0,150.0,10.0,140.0,0.6000000238418579,1.0,458.176513671875,0.9700000286102295
99.0,31,2.0,"[0, 2]","[1, 0, 1, 0, 0]",0,47.0,10.0,37.0,154.0,10.0,144.0,0.20000000298023224,0.5,464.6715393066406,0.9900000095367432
99.0,41,6.0,"[2, 4]","[0, 0, 1, 0, 1]",4,47.0,10.0,37.0,154.0,10.0,144.0,0.4000000059604645,0.5,464.6715393066406,0.9900000095367432
99.0,43,4.0,"[1, 2, 4]","[0, 1, 1, 0, 1]",4,47.0,10.0,37.0,154.0,10.0,144.0,0.6000000238418579,0.75,464.6715393066406,0.9900000095367432
99.0,37,5.0,"[0, 1]","[1, 1, 0, 0, 0]",1,47.0,10.0,37.0,154.0,10.0,144.0,0.6000000238418579,1.0,464.6715393066406,0.9900000095367432
99.0,40,1.0,"[0, 2, 3, 4]","[1, 0, 1, 1, 1]",3,47.0,10.0,37.0,154.0,10.0,144.0,0.6000000238418579,1.0,464.6715393066406,0.9900000095367432
99.0,45,8.0,"[1, 3, 4]","[0, 1, 0, 1, 1]",4,47.0,10.0,37.0,154.0,10.0,144.0,0.6000000238418579,1.0,464.6715393066406,0.9900000095367432
99.0,42,2.0,"[0, 2]","[1, 0, 1, 0, 0]",0,47.0,10.0,37.0,154.0,10.0,144.0,0.6000000238418579,1.0,464.6715393066406,0.9900000095367432
