episode,epoch,episode_reward,episode_duration,wait_time,epsilon,original_episode
1,0,34.1969,50.0,5.6309,0.99625,1
2,0,20.8361,50.0,9.8078,0.994375,2
3,0,33.9449,50.0,7.0076,0.9925,3
4,1,26.4611,50.0,9.1675,0.990625,4
5,1,29.8676,50.0,8.5388,0.98875,5
6,1,27.1412,50.0,11.724,0.986875,6
7,1,31.8407,50.0,8.9117,0.985,7
8,2,26.9607,50.0,10.7435,0.983125,13
9,2,23.3156,50.0,10.1966,0.98125,14
10,2,32.2393,50.0,7.6682,0.979375,15
11,2,29.4879,50.0,9.4005,0.9775,16
12,3,34.529,50.0,5.6252,0.975625,17
13,3,35.4349,50.0,6.6782,0.97375,18
14,3,25.397,50.0,10.0198,0.971875,19
15,3,26.2313,50.0,9.5665,0.97,20
16,4,28.1013,50.0,9.6057,0.968125,26
17,4,26.8502,50.0,9.2101,0.96625,27
18,4,37.5089,50.0,4.788,0.964375,28
19,4,18.2735,50.0,12.9012,0.9625,29
20,5,30.8126,50.0,7.1181,0.960625,30
21,5,31.0691,50.0,8.0259,0.95875,31
22,5,29.2469,50.0,9.3145,0.956875,32
23,5,29.6783,50.0,10.4581,0.955,33
24,6,27.7178,50.0,10.6023,0.953125,39
25,6,31.5569,50.0,6.7597,0.95125,40
26,6,32.3097,50.0,6.8934,0.949375,41
27,6,25.7675,50.0,7.3548,0.9475,42
28,7,33.6981,50.0,6.1945,0.945625,43
29,7,35.7092,50.0,4.8586,0.943788,44
30,7,31.1007,50.0,6.983,0.941913,45
31,7,29.8148,50.0,12.4733,0.940037,46
32,8,29.8159,50.0,9.2839,0.938163,52
33,8,32.2876,50.0,7.302,0.936287,53
34,8,26.4739,50.0,10.0169,0.934412,54
35,8,35.3406,50.0,5.7729,0.932538,55
36,9,20.2179,50.0,13.336,0.930662,56
37,9,32.8744,50.0,9.7975,0.928787,57
38,9,24.6116,50.0,10.5136,0.926913,58
39,9,31.9123,50.0,8.0471,0.925037,59
40,10,25.0813,50.0,10.4513,0.923162,65
41,10,29.4937,50.0,7.5305,0.921288,66
42,10,23.0951,50.0,12.7551,0.919412,67
43,10,30.8258,50.0,9.6623,0.917538,68
44,11,31.1106,50.0,7.6252,0.915663,69
45,11,34.9331,50.0,4.8967,0.913787,70
46,11,28.7496,50.0,9.0577,0.911913,71
47,11,19.7283,50.0,12.1887,0.910038,72
48,12,30.6095,50.0,7.7098,0.908162,78
49,12,20.8432,50.0,15.5822,0.906288,79
50,12,35.8429,50.0,3.6317,0.904412,80
51,12,26.8498,50.0,11.5458,0.902537,81
52,13,30.5357,50.0,7.0819,0.900663,82
53,13,31.6108,50.0,9.2011,0.898787,83
54,13,27.1442,50.0,11.1696,0.896913,84
55,13,31.3561,50.0,7.8194,0.895037,85
56,14,29.3318,50.0,9.288,0.893162,91
57,14,35.8354,50.0,5.5648,0.891288,92
58,14,34.9774,50.0,6.7157,0.889412,93
59,14,35.1072,50.0,4.9745,0.887537,94
60,15,34.8076,50.0,6.0188,0.885663,95
61,15,27.3739,50.0,12.1373,0.883787,96
62,15,27.5086,50.0,8.0896,0.881912,97
63,15,30.4276,50.0,8.8596,0.880038,98
64,16,37.5121,50.0,6.7971,0.878162,104
65,16,23.6303,50.0,11.2432,0.876287,105
66,16,32.7274,50.0,6.3839,0.874413,106
67,16,29.0866,50.0,5.9742,0.872537,107
68,17,31.4498,50.0,7.1669,0.870663,108
69,17,33.0666,50.0,5.4202,0.868788,109
70,17,25.1422,50.0,10.8359,0.866912,110
71,17,33.4827,50.0,7.1631,0.865038,111
72,18,29.9504,50.0,9.2638,0.863163,117
73,18,20.84,50.0,12.6469,0.861287,118
74,18,31.2986,50.0,9.8624,0.859413,119
75,18,32.2863,50.0,6.7304,0.857575,120
76,19,24.4321,50.0,8.1008,0.8557,121
77,19,26.9499,50.0,9.495,0.853825,122
78,19,30.3915,50.0,10.3887,0.85195,123
79,19,25.997,50.0,11.2625,0.850075,124
80,20,30.1868,50.0,8.4761,0.8482,130
81,20,29.1861,50.0,7.4707,0.846325,131
82,20,22.4551,50.0,9.9938,0.84445,132
83,20,25.9729,50.0,10.9187,0.842575,133
84,21,26.9677,50.0,8.9798,0.8407,134
85,21,29.4127,50.0,8.6917,0.838825,135
86,21,26.4383,50.0,10.3593,0.83695,136
87,21,27.458,50.0,7.3967,0.835075,137
88,22,21.3186,50.0,15.2536,0.8332,143
89,22,35.6651,50.0,5.7813,0.831325,144
90,22,33.1986,50.0,6.9152,0.82945,145
91,22,33.9111,50.0,6.6753,0.827575,146
92,23,29.2939,50.0,6.3834,0.8257,147
93,23,16.9563,50.0,14.2953,0.823825,148
94,23,29.2306,50.0,7.8225,0.821987,149
95,23,25.6414,50.0,9.3856,0.820113,150
96,24,30.063,50.0,9.3963,0.818237,156
97,24,29.4566,50.0,10.4005,0.816362,157
98,24,35.9977,50.0,6.3156,0.814488,158
99,24,28.4508,50.0,8.2107,0.812612,159
100,25,29.6082,50.0,9.4267,0.810737,160
101,25,35.2684,50.0,6.9067,0.808863,161
102,25,31.8822,50.0,7.5425,0.806987,162
103,25,26.7611,50.0,9.8975,0.805113,163
104,26,31.217,50.0,7.264,0.803238,169
105,26,27.3021,50.0,8.2383,0.801362,170
106,26,31.0041,50.0,8.78,0.799488,171
107,26,30.8301,50.0,8.0199,0.797613,172
108,27,32.4897,50.0,9.5482,0.795737,173
109,27,35.7077,50.0,6.3421,0.793863,174
110,27,33.4612,50.0,5.335,0.791988,175
111,27,33.1056,50.0,6.0574,0.790112,176
112,28,27.6528,50.0,10.1794,0.788237,182
113,28,35.0155,50.0,6.3477,0.786362,183
114,28,26.0875,50.0,9.9302,0.784488,184
115,28,26.1889,50.0,9.6017,0.782613,185
116,29,25.3658,50.0,10.3367,0.780737,186
117,29,32.6962,50.0,7.4019,0.778863,187
118,29,29.3562,50.0,7.9834,0.776987,188
119,29,28.466,50.0,8.9021,0.775112,189
120,30,30.4511,50.0,7.1655,0.773238,195
121,30,19.9479,50.0,10.9315,0.771362,196
122,30,23.5686,50.0,10.9118,0.769487,197
123,30,24.5985,50.0,8.6851,0.767613,198
124,31,23.7959,50.0,11.5549,0.765737,199
125,31,37.1121,50.0,4.7842,0.763862,200
126,31,32.7855,50.0,5.7384,0.761988,201
127,31,26.5876,50.0,9.2273,0.760112,202
128,32,24.8481,50.0,12.5933,0.758238,208
129,32,28.3912,50.0,8.7971,0.756363,209
130,32,16.0524,50.0,14.8519,0.754487,210
131,32,24.7749,50.0,11.2646,0.752613,211
132,33,33.8467,50.0,5.4328,0.750738,212
133,33,30.4476,50.0,10.4734,0.748862,213
134,33,31.2224,50.0,6.1729,0.746987,214
135,33,32.7934,50.0,7.6565,0.74515,215
136,34,28.4027,50.0,7.9883,0.743275,221
137,34,23.6678,50.0,12.5977,0.7414,222
138,34,25.9699,50.0,10.4791,0.739525,223
139,34,27.1497,50.0,8.5648,0.737688,224
140,35,30.0328,50.0,9.6896,0.735812,225
141,35,26.7534,50.0,8.4673,0.733937,226
142,35,24.2993,50.0,10.5427,0.732062,227
143,35,29.5643,50.0,7.9267,0.730187,228
144,36,30.1464,50.0,7.9498,0.728312,234
145,36,30.7071,50.0,9.8267,0.726438,235
146,36,31.5821,50.0,9.7948,0.724562,236
147,36,32.936,50.0,10.5102,0.722687,237
148,37,31.1422,50.0,8.203,0.720813,238
149,37,26.566,50.0,12.5151,0.718938,239
150,37,31.3034,50.0,7.1738,0.717062,240
151,37,34.7878,50.0,5.4477,0.715187,241
152,38,18.2308,50.0,13.3023,0.713313,247
153,38,30.6472,50.0,6.7294,0.711437,248
154,38,36.9921,50.0,4.9182,0.709562,249
155,38,30.2649,50.0,8.8154,0.707688,250
156,39,31.577,50.0,7.5934,0.705812,251
157,39,29.3177,50.0,9.8504,0.703937,252
158,39,32.8834,50.0,7.2426,0.702063,253
159,39,31.6555,50.0,8.6833,0.700187,254
160,40,22.293,50.0,12.735,0.698313,260
161,40,24.3013,50.0,11.0937,0.696438,261
162,40,24.9491,50.0,14.4645,0.694562,262
163,40,33.226,50.0,5.2363,0.692688,263
164,41,27.8757,50.0,6.7307,0.690813,264
165,41,29.0388,50.0,9.0517,0.688937,265
166,41,23.2783,50.0,10.4144,0.687062,266
167,41,31.4947,50.0,7.5397,0.685225,267
168,42,31.7704,50.0,7.2257,0.68335,273
169,42,30.8467,50.0,9.6234,0.681475,274
170,42,31.0144,50.0,8.2884,0.6796,275
171,42,25.5822,50.0,10.7306,0.677725,276
172,43,23.0597,50.0,12.9746,0.67585,277
173,43,34.9036,50.0,6.5313,0.673975,278
174,43,31.0277,50.0,7.4661,0.6721,279
175,43,31.9036,50.0,9.3104,0.670225,280
176,44,32.032,50.0,6.6773,0.66835,286
177,44,29.7597,50.0,7.1766,0.666475,287
178,44,30.2673,50.0,6.4952,0.6646,288
179,44,34.9689,50.0,4.2859,0.662725,289
180,45,23.8467,50.0,12.106,0.66085,290
181,45,27.0813,50.0,9.0648,0.658975,291
182,45,28.7151,50.0,6.9896,0.6571,292
183,45,36.2797,50.0,5.924,0.655225,293
184,46,27.1346,50.0,8.2673,0.65335,299
185,46,32.7104,50.0,7.6571,0.651475,300
186,46,31.2407,50.0,7.2412,0.6496,301
187,46,17.6554,50.0,14.1086,0.647725,302
188,47,28.5115,50.0,8.7373,0.64585,303
189,47,27.7934,50.0,8.654,0.643975,304
190,47,27.2284,50.0,10.5057,0.6421,305
191,47,24.0761,50.0,10.7463,0.640225,306
192,48,32.72,50.0,6.1679,0.63835,312
193,48,27.6036,50.0,10.6534,0.636475,313
194,48,27.7258,50.0,8.3344,0.6346,314
195,48,29.7735,50.0,7.4578,0.632725,315
196,49,29.7182,50.0,7.7219,0.63085,316
197,49,18.1801,50.0,13.6175,0.628975,317
198,49,29.6505,50.0,7.6154,0.6271,318
199,49,25.6187,50.0,10.409,0.625225,319
200,50,30.3354,50.0,7.66,0.62335,325
201,50,31.6988,50.0,9.3229,0.621475,326
202,50,30.7172,50.0,6.4368,0.6196,327
203,50,29.3364,50.0,8.8159,0.617725,328
204,51,34.0622,50.0,6.5661,0.61585,329
205,51,31.9723,50.0,7.2047,0.613975,330
206,51,31.8754,50.0,6.5192,0.6121,331
207,51,33.7079,50.0,8.134,0.610262,332
208,52,24.5937,50.0,11.0688,0.608388,338
209,52,17.6697,50.0,11.8715,0.606513,339
210,52,33.4467,50.0,6.0985,0.604637,340
211,52,19.5858,50.0,12.3262,0.602762,341
212,53,28.4113,50.0,9.015,0.600888,342
213,53,33.3842,50.0,5.5944,0.599012,343
214,53,32.352,50.0,6.58,0.597137,344
215,53,38.4395,50.0,6.3263,0.595263,345
216,54,24.2415,50.0,9.3419,0.593387,351
217,54,28.9966,50.0,8.3261,0.591512,352
218,54,29.3084,50.0,8.7738,0.589638,353
219,54,27.388,50.0,9.8511,0.587762,354
220,55,29.4694,50.0,7.949,0.585888,355
221,55,31.8992,50.0,8.8519,0.584013,356
222,55,29.1016,50.0,7.935,0.582137,357
223,55,30.6215,50.0,10.8396,0.580263,358
224,56,25.5528,50.0,8.9183,0.578388,364
225,56,34.0679,50.0,4.344,0.576512,365
226,56,28.0348,50.0,6.8731,0.574637,366
227,56,31.3256,50.0,7.6711,0.572763,367
228,57,18.2376,50.0,12.7158,0.570887,368
229,57,26.8204,50.0,9.6342,0.569012,369
230,57,32.952,50.0,6.0106,0.567138,370
231,57,28.7621,50.0,7.6757,0.565263,371
232,58,26.6179,50.0,9.8938,0.563388,377
233,58,32.3789,50.0,5.9159,0.561512,378
234,58,16.7929,50.0,14.3471,0.559638,379
235,58,34.9005,50.0,9.6317,0.557762,380
236,59,28.6792,50.0,10.5448,0.555887,381
237,59,28.5595,50.0,9.3831,0.554013,382
238,59,29.6907,50.0,8.5199,0.552137,383
239,59,36.4503,50.0,3.9359,0.550262,384
240,60,24.2801,50.0,10.7086,0.548388,390
241,60,20.517,50.0,12.5948,0.546512,391
242,60,23.8652,50.0,11.3197,0.544638,392
243,60,23.7415,50.0,10.8932,0.542763,393
244,61,32.1639,50.0,5.309,0.540887,394
245,61,27.6219,50.0,10.4479,0.539012,395
246,61,30.396,50.0,10.3739,0.537137,396
247,61,26.1589,50.0,10.2324,0.535262,397
248,62,35.9978,50.0,5.395,0.533387,403
249,62,26.341,50.0,11.3859,0.531513,404
250,62,33.431,50.0,8.1109,0.529637,405
251,62,33.7365,50.0,6.0363,0.527762,406
252,63,10.0587,50.0,15.8497,0.525888,407
253,63,29.8137,50.0,6.0713,0.52405,408
254,63,24.631,50.0,8.6401,0.522175,409
255,63,19.9364,50.0,11.7499,0.5203,410
256,64,30.5519,50.0,8.3914,0.518425,416
257,64,32.056,50.0,8.675,0.51655,417
258,64,29.6741,50.0,6.6817,0.514675,418
259,64,23.6563,50.0,11.3184,0.5128,419
260,65,28.2601,50.0,10.477,0.510925,420
261,65,32.6405,50.0,5.1105,0.50905,421
262,65,30.498,50.0,7.4779,0.507175,422
263,65,26.7245,50.0,9.3255,0.5053,423
264,66,31.9064,50.0,9.0007,0.503425,429
265,66,32.9744,50.0,7.809,0.50155,430
266,66,30.2431,50.0,8.4063,0.499675,431
267,66,24.4571,50.0,10.1928,0.4978,432
268,67,28.5703,50.0,7.5858,0.495925,433
269,67,32.2345,50.0,8.204,0.49405,434
270,67,22.6436,50.0,12.3109,0.492175,435
271,67,30.887,50.0,10.6382,0.4903,436
272,68,29.3917,50.0,7.0144,0.488425,442
273,68,22.5019,50.0,9.9811,0.48655,443
274,68,31.0412,50.0,7.6104,0.484675,444
275,68,28.0086,50.0,8.7203,0.4828,445
276,69,28.525,50.0,8.449,0.480925,446
277,69,23.391,50.0,10.7738,0.47905,447
278,69,29.6869,50.0,7.3904,0.477175,448
279,69,32.7617,50.0,7.7486,0.4753,449
280,70,23.3195,50.0,12.7469,0.473425,455
281,70,27.2765,50.0,9.2935,0.47155,456
282,70,24.5912,50.0,11.15,0.469675,457
283,70,30.1986,50.0,8.504,0.4678,458
284,71,30.8099,50.0,9.3485,0.465925,459
285,71,26.7199,50.0,8.7763,0.46405,460
286,71,24.9559,50.0,9.3554,0.462175,461
287,71,33.9093,50.0,4.8948,0.4603,462
288,72,26.4844,50.0,8.5708,0.458425,468
289,72,26.3586,50.0,11.61,0.45655,469
290,72,33.6268,50.0,4.7854,0.454675,470
291,72,30.6128,50.0,9.5505,0.4528,471
292,73,27.4575,50.0,9.8802,0.450925,472
293,73,37.9292,50.0,5.4736,0.44905,473
294,73,32.2998,50.0,7.0046,0.447175,474
295,73,31.1223,50.0,5.663,0.4453,475
296,74,23.6872,50.0,10.7383,0.443425,481
297,74,29.0311,50.0,7.8027,0.44155,482
298,74,26.9015,50.0,11.6169,0.439675,483
299,74,31.4277,50.0,5.1887,0.4378,484
300,75,23.3699,50.0,11.7059,0.435925,485
301,75,30.7822,50.0,5.9281,0.43405,486
302,75,29.4565,50.0,8.8206,0.432175,487
303,75,30.5479,50.0,6.9769,0.4303,488
304,76,22.5708,50.0,11.2763,0.428425,494
305,76,22.5895,50.0,10.6942,0.42655,495
306,76,37.2445,50.0,6.8678,0.424675,496
307,76,23.1406,50.0,9.935,0.4228,497
308,77,32.1459,50.0,9.1013,0.420925,498
309,77,32.0123,50.0,6.2179,0.41905,499
310,77,26.1831,50.0,10.9092,0.417175,500
311,77,28.0028,50.0,11.3796,0.4153,501
312,78,12.168,50.0,14.9421,0.413425,507
313,78,25.8926,50.0,7.9901,0.41155,508
314,78,31.2414,50.0,6.4971,0.409675,509
315,78,24.2675,50.0,8.7644,0.4078,510
316,79,30.6313,50.0,9.7726,0.405925,511
317,79,27.9333,50.0,9.8356,0.40405,512
318,79,17.3379,50.0,13.9277,0.402175,513
319,79,29.3556,50.0,6.4652,0.4003,514
320,80,30.344,50.0,8.1166,0.398425,520
321,80,31.9768,50.0,6.878,0.39655,521
322,80,28.3503,50.0,8.1422,0.394675,522
323,80,34.674,50.0,5.9684,0.3928,523
324,81,33.9584,50.0,6.8514,0.390925,524
325,81,21.6277,50.0,10.796,0.389087,525
326,81,24.3347,50.0,10.6126,0.387212,526
327,81,31.8448,50.0,7.5334,0.385337,527
328,82,21.3806,50.0,10.7765,0.383463,533
329,82,28.7154,50.0,7.8596,0.381587,534
330,82,24.3123,50.0,10.5101,0.379713,535
331,82,19.8803,50.0,12.0237,0.377838,536
332,83,30.7892,50.0,8.3445,0.375962,537
333,83,24.0928,50.0,8.1409,0.374088,538
334,83,22.7864,50.0,9.8315,0.372213,539
335,83,33.0834,50.0,6.8119,0.370337,540
336,84,29.0789,50.0,7.9543,0.368462,546
337,84,19.8372,50.0,12.7309,0.366587,547
338,84,21.5669,50.0,13.1414,0.364712,548
339,84,31.4525,50.0,8.8763,0.362837,549
340,85,25.7868,50.0,10.3345,0.360962,550
341,85,19.5577,50.0,14.6723,0.359088,551
342,85,19.6473,50.0,12.1654,0.357212,552
343,85,23.0115,50.0,11.3335,0.355337,553
344,86,32.5067,50.0,5.6652,0.353463,559
345,86,32.3729,50.0,9.4774,0.351588,560
346,86,25.736,50.0,8.7982,0.349712,561
347,86,34.2192,50.0,6.9684,0.347838,562
348,87,41.4323,50.0,2.9294,0.345963,563
349,87,24.5326,50.0,11.1924,0.344087,564
350,87,23.5542,50.0,9.5365,0.342212,565
351,87,26.4464,50.0,9.7575,0.340337,566
352,88,25.0624,50.0,13.1288,0.338462,572
353,88,33.4656,50.0,5.2365,0.336587,573
354,88,27.0546,50.0,8.8561,0.334712,574
355,88,23.535,50.0,8.3354,0.332838,575
356,89,26.0234,50.0,10.3491,0.330962,576
357,89,26.4589,50.0,8.5813,0.329087,577
358,89,23.9126,50.0,9.8223,0.327213,578
359,89,25.8008,50.0,8.2698,0.325337,579
360,90,22.6617,50.0,11.7399,0.323462,585
361,90,33.2278,50.0,6.8238,0.321588,586
362,90,27.5957,50.0,9.8311,0.319713,587
363,90,30.2683,50.0,11.0404,0.317837,588
364,91,23.1131,50.0,10.8219,0.315963,589
365,91,21.3455,50.0,11.505,0.314087,590
366,91,33.0515,50.0,6.5588,0.312212,591
367,91,33.0161,50.0,7.4221,0.310337,592
368,92,29.1024,50.0,9.1608,0.3085,598
369,92,28.5777,50.0,8.3617,0.306625,599
370,92,26.5045,50.0,10.9711,0.30475,600
371,92,24.1803,50.0,9.5937,0.302875,601
372,93,31.4118,50.0,8.6558,0.301,602
373,93,24.387,50.0,9.539,0.299125,603
374,93,27.9724,50.0,7.8409,0.29725,604
375,93,25.6556,50.0,10.6482,0.295375,605
376,94,28.6789,50.0,8.5322,0.2935,611
377,94,32.4012,50.0,5.6287,0.291625,612
378,94,29.3825,50.0,7.0894,0.28975,613
379,94,27.7262,50.0,8.835,0.287875,614
380,95,23.8377,50.0,11.3929,0.286,615
381,95,32.466,50.0,7.193,0.284125,616
382,95,31.7853,50.0,9.8738,0.28225,617
383,95,22.8293,50.0,12.3043,0.280375,618
384,96,29.2279,50.0,9.093,0.2785,624
385,96,24.932,50.0,7.9631,0.276625,625
386,96,24.4242,50.0,10.8794,0.27475,626
387,96,25.6758,50.0,10.1411,0.272875,627
388,97,26.6975,50.0,9.9395,0.271,628
389,97,25.4884,50.0,10.6096,0.269125,629
390,97,24.1151,50.0,12.8917,0.26725,630
391,97,23.08,50.0,10.874,0.265375,631
392,98,27.683,50.0,8.5658,0.2635,637
393,98,19.5158,50.0,11.0706,0.261625,638
394,98,18.8492,50.0,12.7305,0.25975,639
395,98,13.8346,50.0,16.5048,0.257875,640
396,99,25.8013,50.0,10.2636,0.256,641
397,99,34.5961,50.0,4.7873,0.254125,642
398,99,22.4795,50.0,10.1533,0.25225,643
399,99,27.3384,50.0,8.6534,0.250375,644
400,100,25.2494,50.0,9.9307,0.2485,650
401,100,21.0472,50.0,11.011,0.246625,651
402,100,28.0851,50.0,9.3506,0.24475,652
403,100,28.9349,50.0,9.481,0.242875,653
404,101,19.3702,50.0,13.0826,0.241,654
405,101,32.0477,50.0,7.0065,0.239125,655
406,101,35.3958,50.0,8.357,0.23725,656
407,101,24.889,50.0,9.9661,0.235375,657
408,102,29.3287,50.0,9.7203,0.2335,663
409,102,26.6801,50.0,9.242,0.231625,664
410,102,28.8022,50.0,8.4219,0.22975,665
411,102,26.0353,50.0,9.668,0.227875,666
412,103,30.2085,50.0,9.9652,0.226,667
413,103,32.3952,50.0,7.3094,0.224125,668
414,103,26.9746,50.0,10.2245,0.22225,669
415,103,33.88,50.0,5.5142,0.220375,670
416,104,29.9129,50.0,6.6259,0.2185,676
417,104,26.5423,50.0,10.41,0.216625,677
418,104,26.8525,50.0,10.2459,0.21475,678
419,104,26.8443,50.0,8.1998,0.212875,679
420,105,25.2597,50.0,11.0195,0.211,680
421,105,29.0212,50.0,7.9032,0.209125,681
422,105,31.0679,50.0,8.683,0.20725,682
423,105,31.3393,50.0,5.9942,0.205375,683
424,106,31.4544,50.0,9.6648,0.2035,689
425,106,20.9253,50.0,11.1838,0.201625,690
426,106,37.3375,50.0,6.3315,0.19975,691
427,106,26.7055,50.0,14.7628,0.197875,692
428,107,23.7679,50.0,10.8028,0.196,693
429,107,32.6079,50.0,6.4034,0.194125,694
430,107,29.1678,50.0,8.7366,0.19225,695
431,107,27.25,50.0,8.4373,0.190375,696
432,108,28.7823,50.0,12.0672,0.1885,702
433,108,26.2845,50.0,7.1865,0.186625,703
434,108,23.1088,50.0,11.8617,0.18475,704
435,108,30.9855,50.0,7.2246,0.182875,705
436,109,31.6514,50.0,7.48,0.181,706
437,109,35.4763,50.0,4.9249,0.179125,707
438,109,26.1944,50.0,11.9008,0.17725,708
439,109,30.4995,50.0,6.0467,0.175375,709
440,110,32.281,50.0,6.8368,0.1735,715
441,110,24.6551,50.0,10.3177,0.171625,716
442,110,30.6044,50.0,9.7367,0.16975,717
443,110,31.8836,50.0,5.4142,0.167875,718
444,111,34.0806,50.0,6.6513,0.166,719
445,111,26.9624,50.0,8.0392,0.164125,720
446,111,33.8313,50.0,4.9542,0.16225,721
447,111,31.7458,50.0,5.39,0.160375,722
448,112,32.845,50.0,4.729,0.1585,728
449,112,29.1707,50.0,6.1912,0.156625,729
450,112,31.9002,50.0,7.2619,0.15475,730
451,112,30.0446,50.0,8.4784,0.152875,731
452,113,21.9613,50.0,12.0759,0.151,732
453,113,31.319,50.0,6.1342,0.149125,733
454,113,30.0892,50.0,8.2862,0.14725,734
455,113,30.9012,50.0,7.5279,0.145375,735
456,114,34.1442,50.0,4.6508,0.1435,741
457,114,30.9419,50.0,8.5004,0.141625,742
458,114,29.0535,50.0,10.5398,0.13975,743
459,114,28.0845,50.0,7.1902,0.137875,744
460,115,29.901,50.0,6.7896,0.136,745
461,115,24.6844,50.0,10.3858,0.134125,746
462,115,28.8655,50.0,9.0814,0.13225,747
463,115,27.8453,50.0,9.6479,0.130375,748
464,116,28.6257,50.0,7.6506,0.1285,754
465,116,32.0303,50.0,6.7373,0.126625,755
466,116,33.7718,50.0,4.8207,0.12475,756
467,116,33.1507,50.0,5.8145,0.122875,757
468,117,33.0852,50.0,5.3941,0.121,758
469,117,35.1971,50.0,5.7842,0.119163,759
470,117,30.9494,50.0,6.0835,0.117287,760
471,117,33.2621,50.0,5.0409,0.11545,761
472,118,34.0823,50.0,4.0411,0.113575,767
473,118,32.8023,50.0,5.2227,0.1117,768
474,118,29.7277,50.0,8.9106,0.109825,769
475,118,24.9147,50.0,9.1017,0.10795,770
476,119,27.7078,50.0,9.489,0.106075,771
477,119,34.9277,50.0,6.6533,0.1042,772
478,119,30.762,50.0,7.7034,0.102325,773
479,119,32.4999,50.0,7.3431,0.10045,774
480,120,27.91,50.0,9.7648,0.1,780
481,120,33.9108,50.0,6.3209,0.1,781
482,120,33.0779,50.0,5.7894,0.1,782
483,120,36.1398,50.0,5.8998,0.1,783
484,121,30.5684,50.0,7.4178,0.1,784
485,121,30.5328,50.0,7.4345,0.1,785
486,121,35.982,50.0,5.9354,0.1,786
487,121,32.031,50.0,6.2342,0.1,787
488,122,30.7798,50.0,6.314,0.1,793
489,122,35.3679,50.0,4.8497,0.1,794
490,122,29.453,50.0,7.3034,0.1,795
491,122,33.3577,50.0,6.2073,0.1,796
492,123,33.8763,50.0,6.5929,0.1,797
493,123,33.8774,50.0,4.9517,0.1,798
494,123,32.8181,50.0,5.9683,0.1,799
495,123,24.6313,50.0,10.9636,0.1,800
496,124,30.5428,50.0,6.5965,0.1,806
497,124,20.5811,50.0,11.5078,0.1,807
498,124,33.8663,50.0,6.4096,0.1,808
499,124,32.4378,50.0,6.1062,0.1,809
500,125,30.9622,50.0,5.3554,0.1,810
501,125,30.535,50.0,7.7316,0.1,811
502,125,30.8732,50.0,8.8249,0.1,812
503,125,35.3651,50.0,5.3029,0.1,813
504,126,21.8175,50.0,9.0952,0.1,819
505,126,29.6264,50.0,9.0792,0.1,820
506,126,29.3104,50.0,9.91,0.1,821
507,126,32.0358,50.0,6.3102,0.1,822
508,127,28.5455,50.0,9.5866,0.1,823
509,127,24.6706,50.0,7.5452,0.1,824
510,127,25.864,50.0,11.2589,0.1,825
511,127,30.4874,50.0,7.3778,0.1,826
512,128,28.8182,50.0,6.8685,0.1,832
513,128,32.5995,50.0,5.0079,0.1,833
514,128,25.2944,50.0,9.149,0.1,834
515,128,32.064,50.0,7.0817,0.1,835
516,129,30.6017,50.0,7.361,0.1,836
517,129,29.6786,50.0,7.3722,0.1,837
518,129,20.672,50.0,9.7786,0.1,838
519,129,33.1541,50.0,6.4661,0.1,839
520,130,32.6305,50.0,6.4884,0.1,845
521,130,29.5384,50.0,7.8774,0.1,846
522,130,33.5991,50.0,4.2044,0.1,847
523,130,32.7848,50.0,6.8178,0.1,848
524,131,31.226,50.0,5.174,0.1,849
525,131,22.8174,50.0,9.3408,0.1,850
526,131,30.4094,50.0,7.3928,0.1,851
527,131,31.508,50.0,6.3282,0.1,852
528,132,24.0777,50.0,9.1757,0.1,858
529,132,33.3378,50.0,7.5379,0.1,859
530,132,32.5393,50.0,6.4438,0.1,860
531,132,31.3274,50.0,7.7692,0.1,861
532,133,25.1704,50.0,9.089,0.1,862
533,133,31.1227,50.0,7.0403,0.1,863
534,133,30.682,50.0,5.3456,0.1,864
535,133,17.887,50.0,12.3298,0.1,865
536,134,26.5909,50.0,11.0735,0.1,871
537,134,28.244,50.0,7.9722,0.1,872
538,134,32.4353,50.0,8.0142,0.1,873
539,134,27.8183,50.0,8.843,0.1,874
540,135,26.9218,50.0,7.9953,0.1,875
541,135,20.1375,50.0,9.8223,0.1,876
542,135,32.9359,50.0,6.6116,0.1,877
543,135,28.1306,50.0,10.8384,0.1,878
544,136,26.234,50.0,9.1641,0.1,884
545,136,34.2211,50.0,4.1602,0.1,885
546,136,34.3686,50.0,5.7355,0.1,886
547,136,28.7541,50.0,7.7083,0.1,887
548,137,34.0356,50.0,4.1602,0.1,888
549,137,28.3884,50.0,7.0477,0.1,889
550,137,25.2869,50.0,15.2841,0.1,890
551,137,23.3725,50.0,12.2293,0.1,891
552,138,26.7651,50.0,9.4431,0.1,897
553,138,34.0856,50.0,4.6625,0.1,898
554,138,30.9084,50.0,7.4394,0.1,899
555,138,31.9081,50.0,4.8215,0.1,900
556,139,29.642,50.0,7.5903,0.1,901
557,139,23.4486,50.0,8.8646,0.1,902
558,139,30.3988,50.0,7.3521,0.1,903
559,139,27.0719,50.0,10.1906,0.1,904
560,140,21.1992,50.0,10.7615,0.1,910
561,140,29.1076,50.0,11.5045,0.1,911
562,140,34.1191,50.0,4.1602,0.1,912
563,140,26.7878,50.0,9.4384,0.1,913
564,141,30.1153,50.0,9.8498,0.1,914
565,141,31.1343,50.0,7.3277,0.1,915
566,141,31.8488,50.0,7.6686,0.1,916
567,141,31.9378,50.0,5.8625,0.1,917
568,142,27.3305,50.0,10.1782,0.1,923
569,142,28.2307,50.0,8.9386,0.1,924
570,142,25.4055,50.0,10.5094,0.1,925
571,142,27.5599,50.0,9.0894,0.1,926
572,143,26.6201,50.0,10.6818,0.1,927
573,143,32.1571,50.0,9.2694,0.1,928
574,143,32.2822,50.0,6.1554,0.1,929
575,143,32.8245,50.0,5.8417,0.1,930
576,144,32.6961,50.0,6.4129,0.1,936
577,144,33.0822,50.0,5.8161,0.1,937
578,144,32.9344,50.0,6.5356,0.1,938
579,144,28.3075,50.0,7.6135,0.1,939
580,145,26.1187,50.0,8.833,0.1,940
581,145,31.0092,50.0,5.6912,0.1,941
582,145,32.2534,50.0,5.1842,0.1,942
583,145,33.1646,50.0,8.4106,0.1,943
584,146,34.4791,50.0,7.5402,0.1,949
585,146,31.5052,50.0,10.1957,0.1,950
586,146,33.9656,50.0,5.2674,0.1,951
587,146,32.2374,50.0,5.2044,0.1,952
588,147,31.3472,50.0,6.1864,0.1,953
589,147,31.5103,50.0,6.1047,0.1,954
590,147,28.9489,50.0,8.9621,0.1,955
591,147,32.3447,50.0,6.1062,0.1,956
592,148,25.6545,50.0,8.9321,0.1,962
593,148,32.2754,50.0,6.1554,0.1,963
594,148,30.3072,50.0,7.1209,0.1,964
595,148,35.4536,50.0,4.2198,0.1,965
596,149,34.7481,50.0,6.9237,0.1,966
597,149,29.0713,50.0,9.1384,0.1,967
598,149,28.4824,50.0,6.8732,0.1,968
599,149,26.2106,50.0,10.1425,0.1,969
600,150,28.3272,50.0,10.0778,0.1,975
601,150,31.1296,50.0,7.8936,0.1,976
602,150,30.9754,50.0,7.5116,0.1,977
603,150,32.4385,50.0,5.1444,0.1,978
604,151,27.3507,50.0,7.298,0.1,979
605,151,29.6321,50.0,7.5959,0.1,980
606,151,25.5739,50.0,8.8406,0.1,981
607,151,26.1933,50.0,10.0719,0.1,982
608,152,30.0651,50.0,8.2844,0.1,988
609,152,30.0876,50.0,9.69,0.1,989
610,152,32.0824,50.0,6.4721,0.1,990
611,152,36.779,50.0,5.8006,0.1,991
612,153,33.2568,50.0,5.0855,0.1,992
613,153,34.7871,50.0,5.4875,0.1,993
614,153,31.1035,50.0,5.967,0.1,994
615,153,23.8647,50.0,10.8904,0.1,995
616,154,23.0222,50.0,9.7012,0.1,1001
617,154,32.1434,50.0,6.4721,0.1,1002
618,154,33.6321,50.0,7.3547,0.1,1003
619,154,32.8463,50.0,4.9238,0.1,1004
620,155,32.2008,50.0,8.3953,0.1,1005
621,155,24.8108,50.0,9.518,0.1,1006
622,155,29.1214,50.0,7.742,0.1,1007
623,155,29.615,50.0,7.125,0.1,1008
624,156,32.4974,50.0,5.4225,0.1,1014
625,156,34.7783,50.0,4.215,0.1,1015
626,156,29.9941,50.0,7.4333,0.1,1016
627,156,31.7494,50.0,6.1344,0.1,1017
628,157,27.4015,50.0,9.013,0.1,1018
629,157,31.1156,50.0,5.8175,0.1,1019
630,157,32.0353,50.0,7.4356,0.1,1020
631,157,30.47,50.0,5.8161,0.1,1021
632,158,34.1542,50.0,4.5442,0.1,1027
633,158,23.4333,50.0,10.0023,0.1,1028
634,158,30.7197,50.0,5.4315,0.1,1029
635,158,29.5382,50.0,8.3682,0.1,1030
636,159,29.4133,50.0,7.988,0.1,1031
637,159,34.8857,50.0,6.5942,0.1,1032
638,159,30.797,50.0,8.7363,0.1,1033
639,159,34.126,50.0,4.5549,0.1,1034
640,160,29.118,50.0,10.7914,0.1,1040
641,160,27.47,50.0,9.3274,0.1,1041
642,160,32.217,50.0,5.5756,0.1,1042
643,160,31.3185,50.0,6.838,0.1,1043
644,161,31.5726,50.0,5.6331,0.1,1044
645,161,32.9878,50.0,4.9988,0.1,1045
646,161,26.8927,50.0,8.9796,0.1,1046
647,161,31.9863,50.0,5.4956,0.1,1047
648,162,32.2044,50.0,6.0419,0.1,1053
649,162,30.4063,50.0,7.3788,0.1,1054
650,162,29.9352,50.0,8.6314,0.1,1055
651,162,32.3133,50.0,6.1554,0.1,1056
652,163,34.221,50.0,6.0506,0.1,1057
653,163,32.7513,50.0,7.8125,0.1,1058
654,163,32.2908,50.0,6.1554,0.1,1059
655,163,29.3497,50.0,7.0284,0.1,1060
656,164,30.1909,50.0,7.5458,0.1,1066
657,164,28.5739,50.0,9.1211,0.1,1067
658,164,32.1615,50.0,6.9304,0.1,1068
659,164,36.4842,50.0,6.1984,0.1,1069
660,165,32.0713,50.0,6.3054,0.1,1070
661,165,37.1193,50.0,4.3277,0.1,1071
662,165,25.6481,50.0,9.2336,0.1,1072
663,165,26.0755,50.0,10.8194,0.1,1073
664,166,23.9615,50.0,11.3299,0.1,1079
665,166,31.3731,50.0,6.1864,0.1,1080
666,166,31.2209,50.0,6.0284,0.1,1081
667,166,29.3981,50.0,6.1217,0.1,1082
668,167,21.4544,50.0,10.1895,0.1,1083
669,167,31.1447,50.0,6.7244,0.1,1084
670,167,28.0548,50.0,11.059,0.1,1085
671,167,28.7915,50.0,7.0974,0.1,1086
672,168,27.6428,50.0,9.1404,0.1,1092
673,168,29.8574,50.0,7.7181,0.1,1093
674,168,30.2308,50.0,9.2638,0.1,1094
675,168,33.0987,50.0,7.5572,0.1,1095
676,169,29.116,50.0,7.9598,0.1,1096
677,169,29.6615,50.0,9.0872,0.1,1097
678,169,24.4568,50.0,10.6699,0.1,1098
679,169,27.669,50.0,9.2828,0.1,1099
680,170,18.3593,50.0,15.3864,0.1,1105
681,170,26.6572,50.0,11.7742,0.1,1106
682,170,30.9245,50.0,8.2,0.1,1107
683,170,27.8697,50.0,8.3737,0.1,1108
684,171,24.6638,50.0,10.8596,0.1,1109
685,171,24.8,50.0,10.2357,0.1,1110
686,171,34.9978,50.0,4.8361,0.1,1111
687,171,32.1013,50.0,6.3381,0.1,1112
688,172,29.8488,50.0,7.0192,0.1,1118
689,172,32.0178,50.0,6.4721,0.1,1119
690,172,33.3101,50.0,4.7796,0.1,1120
691,172,29.8506,50.0,7.1129,0.1,1121
692,173,27.7587,50.0,10.1754,0.1,1122
693,173,36.1914,50.0,4.8058,0.1,1123
694,173,29.1536,50.0,11.4806,0.1,1124
695,173,29.6492,50.0,10.1266,0.1,1125
696,174,28.9993,50.0,8.5709,0.1,1131
697,174,32.6146,50.0,6.8458,0.1,1132
698,174,33.6963,50.0,6.2079,0.1,1133
699,174,32.7173,50.0,5.9837,0.1,1134
700,175,32.6921,50.0,9.7682,0.1,1135
701,175,31.1696,50.0,6.7584,0.1,1136
702,175,35.1215,50.0,5.8705,0.1,1137
703,175,26.7319,50.0,8.0271,0.1,1138
704,176,22.5263,50.0,12.5388,0.1,1144
705,176,29.8789,50.0,7.2256,0.1,1145
706,176,34.6914,50.0,4.0348,0.1,1146
707,176,29.418,50.0,7.8236,0.1,1147
708,177,31.2033,50.0,6.0154,0.1,1148
709,177,32.2481,50.0,5.2804,0.1,1149
710,177,22.3576,50.0,11.6918,0.1,1150
711,177,31.3259,50.0,6.7344,0.1,1151
712,178,27.747,50.0,9.4497,0.1,1157
713,178,30.4487,50.0,9.3631,0.1,1158
714,178,31.9017,50.0,7.2798,0.1,1159
715,178,30.8547,50.0,8.5086,0.1,1160
716,179,26.3512,50.0,8.3287,0.1,1161
717,179,26.3404,50.0,10.8826,0.1,1162
718,179,33.5985,50.0,5.6034,0.1,1163
719,179,32.6831,50.0,5.5457,0.1,1164
720,180,28.9893,50.0,7.0377,0.1,1170
721,180,28.3941,50.0,9.783,0.1,1171
722,180,32.1919,50.0,9.9121,0.1,1172
723,180,32.734,50.0,5.6789,0.1,1173
724,181,28.4801,50.0,8.3073,0.1,1174
725,181,29.0991,50.0,8.9403,0.1,1175
726,181,31.5044,50.0,6.6038,0.1,1176
727,181,30.8004,50.0,9.3733,0.1,1177
728,182,23.3764,50.0,12.558,0.1,1183
729,182,34.0212,50.0,8.4271,0.1,1184
730,182,28.2727,50.0,8.3992,0.1,1185
731,182,30.8164,50.0,7.9443,0.1,1186
732,183,29.7934,50.0,9.3101,0.1,1187
733,183,31.2561,50.0,6.8005,0.1,1188
734,183,30.1243,50.0,9.9207,0.1,1189
735,183,28.0116,50.0,10.7629,0.1,1190
736,184,27.3998,50.0,8.6239,0.1,1196
737,184,28.6263,50.0,9.8698,0.1,1197
738,184,28.0847,50.0,9.2259,0.1,1198
739,184,29.5305,50.0,9.8472,0.1,1199
740,185,29.7536,50.0,10.3914,0.1,1200
741,185,30.1295,50.0,8.8682,0.1,1201
742,185,30.1591,50.0,7.3893,0.1,1202
743,185,25.9516,50.0,7.7257,0.1,1203
744,186,30.7928,50.0,8.2113,0.1,1209
745,186,25.1573,50.0,9.673,0.1,1210
746,186,24.491,50.0,11.8496,0.1,1211
747,186,30.1072,50.0,8.2259,0.1,1212
748,187,29.5516,50.0,8.6011,0.1,1213
749,187,31.4252,50.0,9.9565,0.1,1214
750,187,34.2161,50.0,4.2399,0.1,1215
751,187,33.3365,50.0,6.1894,0.1,1216
752,188,32.6994,50.0,5.5627,0.1,1222
753,188,27.9483,50.0,9.4838,0.1,1223
754,188,37.8675,50.0,5.3573,0.1,1224
755,188,29.4067,50.0,7.5163,0.1,1225
756,189,34.9616,50.0,7.9638,0.1,1226
757,189,32.5768,50.0,5.4231,0.1,1227
758,189,30.4735,50.0,5.3678,0.1,1228
759,189,32.1633,50.0,8.5077,0.1,1229
760,190,35.8182,50.0,3.6197,0.1,1235
761,190,28.0678,50.0,10.1346,0.1,1236
762,190,28.4966,50.0,7.8999,0.1,1237
763,190,33.3315,50.0,5.8124,0.1,1238
764,191,32.5728,50.0,7.0726,0.1,1239
765,191,33.7497,50.0,5.9352,0.1,1240
766,191,28.9107,50.0,8.4402,0.1,1241
767,191,23.7491,50.0,9.9845,0.1,1242
768,192,33.0974,50.0,6.805,0.1,1248
769,192,32.2337,50.0,5.6036,0.1,1249
770,192,34.2436,50.0,4.2399,0.1,1250
771,192,30.7864,50.0,6.4467,0.1,1251
772,193,28.0892,50.0,9.411,0.1,1252
773,193,31.9346,50.0,5.3242,0.1,1253
774,193,28.7922,50.0,8.37,0.1,1254
775,193,33.8124,50.0,6.5546,0.1,1255
776,194,31.8417,50.0,5.5526,0.1,1261
777,194,34.0404,50.0,7.5191,0.1,1262
778,194,32.6203,50.0,6.5454,0.1,1263
779,194,27.5297,50.0,7.3976,0.1,1264
780,195,30.255,50.0,10.3247,0.1,1265
781,195,33.9802,50.0,5.6237,0.1,1266
782,195,30.5769,50.0,6.7221,0.1,1267
783,195,31.4808,50.0,7.1072,0.1,1268
784,196,25.5055,50.0,9.336,0.1,1274
785,196,32.9207,50.0,5.688,0.1,1275
786,196,21.634,50.0,13.2149,0.1,1276
787,196,35.7226,50.0,3.6197,0.1,1277
788,197,26.3103,50.0,10.7015,0.1,1278
789,197,27.544,50.0,9.6221,0.1,1279
790,197,25.1426,50.0,10.8506,0.1,1280
791,197,26.366,50.0,7.7204,0.1,1281
792,198,35.575,50.0,4.0886,0.1,1287
793,198,29.9232,50.0,9.0322,0.1,1288
794,198,29.3424,50.0,8.8379,0.1,1289
795,198,24.3466,50.0,12.3032,0.1,1290
796,199,33.0045,50.0,6.9691,0.1,1291
797,199,26.6314,50.0,10.3484,0.1,1292
798,199,23.7852,50.0,10.4319,0.1,1293
799,199,30.5494,50.0,8.9003,0.1,1294
