episode,epoch,episode_reward,episode_duration,wait_time,epsilon
1,0,10.5572,50.00,5.6309,0.997031
2,0,8.4371,50.00,9.8078,0.995547
3,0,11.3139,50.00,7.0076,0.994062
4,1,9.8063,50.00,9.1675,0.992578
5,1,10.0154,50.00,8.5388,0.991094
6,1,10.5679,50.00,11.7240,0.989609
7,1,11.0220,50.00,8.9117,0.988125
13,2,9.8563,50.00,10.7435,0.986641
14,2,9.1008,50.00,10.1966,0.985156
15,2,11.5153,50.00,7.6682,0.983672
16,2,9.9918,50.00,9.6584,0.982187
17,3,11.1474,50.00,9.1138,0.980703
18,3,10.8676,50.00,5.5634,0.979219
19,3,10.2761,50.00,10.0198,0.977734
20,3,10.0930,50.00,9.5665,0.976250
26,4,10.2268,50.00,10.6948,0.974766
27,4,10.4705,50.00,9.6321,0.973281
28,4,10.6085,50.00,7.4652,0.971797
29,4,9.8058,50.00,12.6591,0.970313
30,5,10.0332,50.00,3.9206,0.968828
31,5,10.5876,50.00,7.5688,0.967344
32,5,10.1647,50.00,6.9575,0.965859
33,5,10.1615,50.00,10.4581,0.964375
39,6,10.6355,50.00,8.2649,0.962891
40,6,9.7613,50.00,6.7597,0.961406
41,6,9.8013,50.00,6.8934,0.959922
42,6,9.9248,50.00,7.9356,0.958438
43,7,10.5389,50.00,5.7740,0.956953
44,7,10.2714,50.00,7.5812,0.955469
45,7,9.8528,50.00,7.2354,0.953984
46,7,10.8086,50.00,9.5424,0.952500
52,8,9.0287,50.00,6.4221,0.951045
53,8,10.2551,50.00,8.0775,0.949561
54,8,10.3264,50.00,6.4557,0.948077
55,8,9.0996,50.00,11.3154,0.946592
56,9,9.4935,50.00,9.6418,0.945108
57,9,10.6922,50.00,7.5754,0.943623
58,9,10.6297,50.00,6.5390,0.942139
59,9,10.3588,50.00,9.4882,0.940655
65,10,9.9102,50.00,4.6346,0.939170
66,10,10.4597,50.00,7.2565,0.937686
67,10,10.0633,50.00,7.7797,0.936202
68,10,9.9127,50.00,5.9609,0.934717
69,11,9.5641,50.00,13.6277,0.933233
70,11,9.7799,50.00,9.3996,0.931748
71,11,10.6293,50.00,8.7973,0.930264
72,11,11.8845,50.00,8.2132,0.928780
78,12,9.3028,50.00,11.4783,0.927295
79,12,8.9564,50.00,9.2067,0.925811
80,12,9.8910,50.00,6.7712,0.924327
81,12,10.6128,50.00,11.1804,0.922842
82,13,10.6249,50.00,8.6258,0.921358
83,13,10.0556,50.00,9.9738,0.919873
84,13,9.7717,50.00,6.7134,0.918389
85,13,10.0050,50.00,10.1838,0.916905
91,14,10.8370,50.00,6.9434,0.915420
92,14,9.8579,50.00,7.8801,0.913936
93,14,11.0559,50.00,9.6456,0.912452
94,14,10.0773,50.00,7.5303,0.910967
95,15,10.1949,50.00,7.8611,0.909483
96,15,9.9629,50.00,8.0182,0.907998
97,15,9.6534,50.00,6.2229,0.906514
98,15,9.8741,50.00,5.8436,0.905030
104,16,10.4566,50.00,10.0423,0.903545
105,16,10.0726,50.00,9.0278,0.902061
106,16,10.2155,50.00,10.3454,0.900577
107,16,11.0897,50.00,8.7894,0.899092
108,17,10.1556,50.00,8.5034,0.897608
109,17,8.8785,50.00,6.3459,0.896123
110,17,11.1294,50.00,8.7325,0.894639
111,17,10.6505,50.00,3.2006,0.893155
117,18,10.2144,50.00,8.5667,0.891670
118,18,10.1369,50.00,8.9074,0.890186
119,18,10.1641,50.00,11.9809,0.888702
120,18,10.7129,50.00,7.7136,0.887217
121,19,9.7334,50.00,10.0355,0.885733
122,19,10.1329,50.00,8.6019,0.884248
123,19,10.4175,50.00,9.3709,0.882764
124,19,8.3807,50.00,14.1887,0.881280
130,20,9.5688,50.00,5.7105,0.879795
131,20,10.6336,50.00,7.6386,0.878311
132,20,9.7259,50.00,7.4644,0.876827
133,20,8.9716,50.00,9.7769,0.875342
134,21,10.5871,50.00,8.6581,0.873858
135,21,9.4878,50.00,8.8177,0.872373
136,21,11.4407,50.00,7.6111,0.870889
137,21,9.9230,50.00,7.6055,0.869405
143,22,9.6536,50.00,8.9988,0.867920
144,22,9.5841,50.00,9.4728,0.866436
145,22,10.1392,50.00,8.1965,0.864952
146,22,10.7073,50.00,10.8173,0.863467
147,23,9.9474,50.00,9.0402,0.861983
148,23,9.2363,50.00,10.8203,0.860498
149,23,10.4282,50.00,4.6407,0.859014
150,23,9.1021,50.00,12.3257,0.857530
156,24,9.7985,50.00,6.8790,0.856045
157,24,9.8007,50.00,11.4313,0.854561
158,24,10.6134,50.00,9.3820,0.853077
159,24,9.9414,50.00,10.7088,0.851592
160,25,9.3861,50.00,9.8878,0.850108
161,25,9.6264,50.00,7.7243,0.848623
162,25,9.8792,50.00,11.9288,0.847139
163,25,10.0639,50.00,10.8299,0.845655
169,26,11.1827,50.00,8.8746,0.844170
170,26,11.8002,50.00,5.9027,0.842686
171,26,9.8849,50.00,7.0344,0.841202
172,26,10.2630,50.00,8.2248,0.839717
173,27,10.2083,50.00,11.1600,0.838233
174,27,10.0275,50.00,8.3425,0.836748
175,27,10.3856,50.00,8.7818,0.835264
176,27,8.8033,50.00,9.1098,0.833780
182,28,10.7494,50.00,10.1217,0.832295
183,28,11.4874,50.00,9.4560,0.830811
184,28,10.6004,50.00,7.3594,0.829327
185,28,11.3800,50.00,10.0042,0.827842
186,29,9.6670,50.00,7.4286,0.826358
187,29,10.6904,50.00,8.3413,0.824873
188,29,10.7696,50.00,8.6638,0.823389
189,29,10.1721,50.00,8.4634,0.821905
195,30,10.4412,50.00,6.1092,0.820420
196,30,10.2533,50.00,8.1813,0.818936
197,30,8.9983,50.00,12.0974,0.817452
198,30,10.2749,50.00,9.2969,0.815967
199,31,9.3450,50.00,10.7008,0.814483
200,31,11.4333,50.00,7.6848,0.812998
201,31,10.6102,50.00,9.8202,0.811514
202,31,10.3574,50.00,6.6594,0.810030
208,32,10.2269,50.00,9.9691,0.808545
209,32,10.8505,50.00,6.9861,0.807061
210,32,9.8226,50.00,9.0782,0.805577
211,32,9.4460,50.00,8.4761,0.804092
212,33,9.1107,50.00,10.8870,0.802608
213,33,10.4825,50.00,6.9538,0.801123
214,33,10.2786,50.00,7.1384,0.799639
215,33,11.4094,50.00,8.9753,0.798155
221,34,9.9403,50.00,5.1292,0.796670
222,34,9.5205,50.00,12.2638,0.795186
223,34,9.6634,50.00,11.0634,0.793702
224,34,10.7913,50.00,6.2816,0.792217
225,35,11.7446,50.00,9.0918,0.790733
226,35,9.5828,50.00,11.4829,0.789248
227,35,10.1217,50.00,9.7621,0.787764
228,35,10.5357,50.00,6.4205,0.786280
234,36,10.0091,50.00,4.7836,0.784795
235,36,10.1742,50.00,11.0394,0.783311
236,36,9.5506,50.00,6.3319,0.781827
237,36,11.0571,50.00,6.7669,0.780372
238,37,10.2950,50.00,6.7140,0.778887
239,37,10.4014,50.00,5.1215,0.777403
240,37,10.3605,50.00,4.5544,0.775919
241,37,10.3734,50.00,9.5691,0.774434
247,38,9.3643,50.00,7.8724,0.772950
248,38,10.1303,50.00,7.6796,0.771466
249,38,10.3906,50.00,6.5702,0.769981
250,38,10.5873,50.00,9.2305,0.768497
251,39,10.9080,50.00,9.8109,0.767012
252,39,9.8952,50.00,9.5758,0.765528
253,39,9.8010,50.00,8.9340,0.764044
254,39,12.6913,50.00,4.2652,0.762559
260,40,11.9777,50.00,9.8855,0.761075
261,40,9.3999,50.00,11.0008,0.759591
262,40,10.3975,50.00,5.6415,0.758106
263,40,10.3334,50.00,9.7490,0.756622
264,41,9.4264,50.00,8.0190,0.755138
265,41,9.5858,50.00,9.2050,0.753653
266,41,11.1468,50.00,10.3463,0.752169
267,41,9.4807,50.00,8.6614,0.750684
273,42,10.5861,50.00,9.4392,0.749200
274,42,8.6499,50.00,14.5886,0.747716
275,42,11.3532,50.00,10.3763,0.746231
276,42,9.7139,50.00,8.3599,0.744747
277,43,9.7941,50.00,9.0200,0.743263
278,43,10.0198,50.00,8.9129,0.741778
279,43,10.2355,50.00,10.6741,0.740294
280,43,9.3462,50.00,13.8141,0.738809
286,44,10.1321,50.00,8.5536,0.737325
287,44,10.6919,50.00,8.9212,0.735841
288,44,11.8668,50.00,7.1404,0.734356
289,44,10.1947,50.00,8.3428,0.732872
290,45,11.3890,50.00,8.3492,0.731388
291,45,9.9862,50.00,7.4102,0.729903
292,45,10.5630,50.00,9.1727,0.728419
293,45,10.7092,50.00,8.7417,0.726934
299,46,10.3687,50.00,11.1076,0.725450
300,46,9.1286,50.00,10.6038,0.723966
301,46,10.4638,50.00,11.0852,0.722481
302,46,11.4703,50.00,8.1117,0.720997
303,47,10.3250,50.00,7.3026,0.719512
304,47,9.1821,50.00,10.1838,0.718028
305,47,11.1181,50.00,9.3144,0.716544
306,47,10.1902,50.00,9.7607,0.715059
312,48,9.7805,50.00,12.3898,0.713575
313,48,11.0179,50.00,6.2304,0.712091
314,48,9.3091,50.00,10.4136,0.710606
315,48,10.8325,50.00,6.5946,0.709152
316,49,11.1981,50.00,6.3619,0.707667
317,49,9.9684,50.00,7.9779,0.706183
318,49,11.0026,50.00,6.6627,0.704698
319,49,10.2120,50.00,6.7250,0.703214
325,50,10.0905,50.00,3.9846,0.701730
326,50,11.3035,50.00,9.7484,0.700245
327,50,9.2679,50.00,9.9707,0.698761
328,50,10.3398,50.00,8.4850,0.697277
329,51,10.2314,50.00,9.7342,0.695792
330,51,10.0191,50.00,9.6831,0.694308
331,51,11.1853,50.00,5.9703,0.692823
332,51,9.8908,50.00,6.0758,0.691339
338,52,10.2601,50.00,6.2258,0.689855
339,52,10.4454,50.00,5.7550,0.688370
340,52,10.1185,50.00,6.7567,0.686886
341,52,9.8294,50.00,8.2904,0.685402
342,53,10.6390,50.00,3.3238,0.683917
343,53,10.1602,50.00,10.4479,0.682433
344,53,9.9786,50.00,7.6208,0.680948
345,53,10.5691,50.00,8.0208,0.679464
351,54,11.2031,50.00,5.4456,0.677980
352,54,10.0927,50.00,8.2562,0.676495
353,54,10.3277,50.00,6.0236,0.675011
354,54,9.6928,50.00,7.5026,0.673527
355,55,10.1691,50.00,8.9982,0.672042
356,55,10.0051,50.00,10.8384,0.670558
357,55,9.0671,50.00,10.2752,0.669073
358,55,8.3163,50.00,13.1629,0.667589
364,56,9.6102,50.00,11.9043,0.666105
365,56,9.6760,50.00,8.6173,0.664620
366,56,10.0891,50.00,5.1286,0.663136
367,56,10.4684,50.00,6.6948,0.661652
368,57,8.9262,50.00,13.4647,0.660167
369,57,11.4859,50.00,6.0536,0.658683
370,57,10.0717,50.00,7.2030,0.657198
371,57,10.4929,50.00,9.9138,0.655714
377,58,10.0051,50.00,11.2401,0.654230
378,58,9.9003,50.00,6.3335,0.652745
379,58,10.7941,50.00,11.2288,0.651261
380,58,11.2505,50.00,7.0388,0.649777
381,59,10.1932,50.00,5.6288,0.648292
382,59,10.3650,50.00,10.1291,0.646808
383,59,10.0474,50.00,9.0989,0.645323
384,59,9.6283,50.00,9.6564,0.643839
390,60,10.7077,50.00,7.8938,0.642355
391,60,11.4539,50.00,7.2390,0.640870
392,60,11.1459,50.00,6.9130,0.639386
393,60,9.2538,50.00,11.7907,0.637902
394,61,9.8179,50.00,5.6288,0.636417
395,61,10.4133,50.00,7.8922,0.634933
396,61,10.8634,50.00,6.1947,0.633448
397,61,9.3251,50.00,11.1970,0.631964
403,62,10.2137,50.00,6.4941,0.630480
404,62,10.0425,50.00,8.8221,0.628995
405,62,10.7538,50.00,4.1957,0.627511
406,62,8.6883,50.00,9.3270,0.626027
407,63,10.6752,50.00,6.0082,0.624542
408,63,11.0257,50.00,3.5330,0.623058
409,63,10.1878,50.00,7.4027,0.621573
410,63,10.7176,50.00,10.4693,0.620089
416,64,10.5642,50.00,6.0056,0.618605
417,64,9.3264,50.00,9.3879,0.617120
418,64,9.5116,50.00,5.5562,0.615636
419,64,10.6353,50.00,10.0083,0.614152
420,65,10.7721,50.00,5.9790,0.612667
421,65,10.2748,50.00,7.0994,0.611183
422,65,11.3918,50.00,5.6654,0.609698
423,65,10.1567,50.00,8.6102,0.608214
429,66,9.9510,50.00,12.6268,0.606730
430,66,10.1284,50.00,3.9836,0.605245
431,66,11.2712,50.00,7.0058,0.603761
432,66,10.6795,50.00,7.7247,0.602277
433,67,9.0099,50.00,11.3467,0.600792
434,67,11.2390,50.00,10.2298,0.599308
435,67,10.9608,50.00,7.8709,0.597823
436,67,11.7810,50.00,6.2433,0.596339
442,68,10.4680,50.00,6.3129,0.594855
443,68,8.7484,50.00,12.5682,0.593370
444,68,10.4225,50.00,5.4819,0.591886
445,68,11.5755,50.00,7.4346,0.590431
446,69,10.4920,50.00,6.0344,0.588947
447,69,10.5686,50.00,8.8427,0.587462
448,69,10.4314,50.00,6.0111,0.585978
449,69,10.5073,50.00,8.4496,0.584494
455,70,10.1064,50.00,8.5673,0.583009
456,70,10.9721,50.00,6.5909,0.581525
457,70,10.3715,50.00,4.8427,0.580041
458,70,10.5707,50.00,7.6454,0.578556
459,71,11.4998,50.00,8.2180,0.577072
460,71,9.1871,50.00,12.4903,0.575588
461,71,8.8273,50.00,11.2069,0.574103
462,71,10.1689,50.00,10.4834,0.572619
468,72,10.2504,50.00,7.5948,0.571134
469,72,8.9264,50.00,11.3344,0.569650
470,72,9.6469,50.00,8.4181,0.568166
471,72,11.5016,50.00,6.8236,0.566681
472,73,10.2808,50.00,7.6277,0.565197
473,73,11.9075,50.00,7.3620,0.563713
474,73,10.0228,50.00,7.4775,0.562228
475,73,9.8113,50.00,7.5138,0.560744
481,74,10.2654,50.00,11.5196,0.559259
482,74,10.0615,50.00,6.6340,0.557775
483,74,12.0093,50.00,8.7957,0.556291
484,74,11.5235,50.00,8.5692,0.554806
485,75,10.1864,50.00,4.7983,0.553352
486,75,9.8913,50.00,3.6650,0.551867
487,75,10.2925,50.00,7.6863,0.550383
488,75,10.0937,50.00,7.3084,0.548898
494,76,10.4394,50.00,9.5927,0.547414
495,76,9.8645,50.00,4.6644,0.545930
496,76,10.0076,50.00,8.3094,0.544445
497,76,9.2826,50.00,9.3632,0.542961
498,77,9.9171,50.00,5.6758,0.541477
499,77,9.6676,50.00,5.9537,0.539992
500,77,9.3153,50.00,11.5069,0.538508
501,77,11.3368,50.00,4.7261,0.537023
507,78,10.5717,50.00,4.8924,0.535539
508,78,10.3656,50.00,8.1127,0.534055
509,78,9.8987,50.00,8.6083,0.532570
510,78,10.3667,50.00,8.0736,0.531086
511,79,10.0064,50.00,7.0296,0.529602
512,79,10.1521,50.00,6.2308,0.528117
513,79,10.1013,50.00,11.9724,0.526633
514,79,11.3393,50.00,7.4223,0.525148
520,80,10.5390,50.00,8.0599,0.523664
521,80,10.1145,50.00,5.1633,0.522180
522,80,9.8311,50.00,7.6803,0.520695
523,80,10.2636,50.00,10.3366,0.519211
524,81,10.2666,50.00,6.3549,0.517727
525,81,9.9132,50.00,8.4375,0.516242
526,81,9.1014,50.00,10.4744,0.514758
527,81,8.8656,50.00,12.6683,0.513273
533,82,8.9577,50.00,11.8695,0.511789
534,82,10.3131,50.00,9.7055,0.510305
535,82,11.8408,50.00,5.6106,0.508820
536,82,9.9957,50.00,11.9083,0.507336
537,83,9.8172,50.00,11.7099,0.505852
538,83,10.1177,50.00,4.3950,0.504367
539,83,10.8156,50.00,9.3362,0.502883
540,83,9.8169,50.00,12.1995,0.501398
546,84,10.8143,50.00,5.3817,0.499914
547,84,12.4015,50.00,7.4710,0.498430
548,84,10.4178,50.00,9.7338,0.496945
549,84,11.5044,50.00,8.9373,0.495461
550,85,9.2104,50.00,6.6044,0.493977
551,85,10.6597,50.00,3.8525,0.492492
552,85,10.2870,50.00,10.9892,0.491008
553,85,9.2594,50.00,10.7056,0.489523
559,86,11.0928,50.00,7.4910,0.488039
560,86,9.7901,50.00,8.1544,0.486555
561,86,8.5734,50.00,10.7614,0.485070
562,86,9.7480,50.00,7.0381,0.483586
563,87,9.4749,50.00,9.6934,0.482102
564,87,10.9955,50.00,5.3724,0.480617
565,87,10.2304,50.00,7.3039,0.479133
566,87,11.4607,50.00,4.9388,0.477648
572,88,11.3029,50.00,10.2200,0.476164
573,88,10.3120,50.00,6.3524,0.474680
574,88,9.4711,50.00,8.3148,0.473195
575,88,10.4163,50.00,6.5186,0.471711
576,89,10.6917,50.00,6.1888,0.470227
577,89,10.5263,50.00,4.9821,0.468742
578,89,10.0755,50.00,6.5053,0.467258
579,89,9.3145,50.00,13.1141,0.465773
585,90,10.8042,50.00,9.6198,0.464289
586,90,10.1865,50.00,7.6301,0.462805
587,90,9.9504,50.00,6.7236,0.461320
588,90,11.4009,50.00,7.2317,0.459836
589,91,10.1292,50.00,5.8184,0.458352
590,91,11.3124,50.00,8.4315,0.456867
591,91,9.7778,50.00,7.7721,0.455383
592,91,10.2850,50.00,7.8184,0.453898
598,92,10.9597,50.00,11.1038,0.452414
599,92,9.5624,50.00,9.8269,0.450959
600,92,11.3996,50.00,11.3132,0.449475
601,92,9.4499,50.00,9.8964,0.447991
602,93,9.2766,50.00,7.6556,0.446506
603,93,11.1801,50.00,4.2615,0.445022
604,93,9.5108,50.00,9.6368,0.443538
605,93,11.1937,50.00,5.1804,0.442053
611,94,9.6762,50.00,7.5865,0.440569
612,94,10.4628,50.00,5.6582,0.439114
613,94,11.3782,50.00,7.5006,0.437630
614,94,9.1832,50.00,12.1388,0.436145
615,95,11.1536,50.00,7.7171,0.434661
616,95,9.0846,50.00,12.8250,0.433177
617,95,10.9096,50.00,10.8519,0.431692
618,95,9.7653,50.00,9.1065,0.430208
624,96,10.6956,50.00,7.7070,0.428723
625,96,10.7570,50.00,6.8742,0.427239
626,96,9.7766,50.00,8.7664,0.425755
627,96,9.5786,50.00,10.0898,0.424270
628,97,10.4800,50.00,10.6369,0.422786
629,97,10.3830,50.00,7.5836,0.421302
630,97,10.9262,50.00,7.9663,0.419817
631,97,9.9866,50.00,8.8940,0.418333
637,98,10.3014,50.00,10.5038,0.416848
638,98,10.1184,50.00,4.6648,0.415364
639,98,10.9805,50.00,8.5807,0.413880
640,98,10.7820,50.00,7.9030,0.412395
641,99,9.6872,50.00,9.5697,0.410911
642,99,12.0153,50.00,6.2873,0.409427
643,99,9.3860,50.00,10.3564,0.407942
644,99,10.0515,50.00,10.6842,0.406458
650,100,9.6697,50.00,8.1338,0.404973
651,100,9.5882,50.00,9.3208,0.403489
652,100,9.6642,50.00,6.6181,0.402005
653,100,9.0954,50.00,9.5980,0.400520
654,101,9.7897,50.00,9.7191,0.399036
655,101,10.0725,50.00,6.5350,0.397552
656,101,10.8477,50.00,7.7932,0.396067
657,101,10.5558,50.00,7.2823,0.394583
663,102,10.5396,50.00,5.9988,0.393098
664,102,10.1726,50.00,4.8282,0.391614
665,102,10.4322,50.00,6.7215,0.390130
666,102,8.4705,50.00,13.5846,0.388645
667,103,9.4018,50.00,12.2273,0.387161
668,103,9.3796,50.00,7.0063,0.385677
669,103,10.3291,50.00,5.4813,0.384192
670,103,11.0377,50.00,6.0852,0.382708
676,104,10.0598,50.00,6.3498,0.381223
677,104,9.2182,50.00,11.7532,0.379739
678,104,11.0234,50.00,8.3763,0.378255
679,104,10.2496,50.00,6.9683,0.376770
680,105,9.6452,50.00,8.2440,0.375286
681,105,10.7153,50.00,6.0062,0.373802
682,105,10.6749,50.00,8.9575,0.372317
683,105,11.0422,50.00,6.4896,0.370833
689,106,10.3219,50.00,6.8490,0.369348
690,106,10.6962,50.00,10.1346,0.367864
691,106,12.0315,50.00,6.1440,0.366380
692,106,9.5682,50.00,8.6026,0.364895
693,107,9.7118,50.00,11.7783,0.363411
694,107,9.9039,50.00,6.9271,0.361927
695,107,10.2410,50.00,4.6031,0.360442
696,107,9.9656,50.00,9.7292,0.358958
702,108,9.9304,50.00,11.0515,0.357473
703,108,9.8062,50.00,6.9498,0.355989
704,108,10.4089,50.00,10.4849,0.354505
705,108,10.6318,50.00,4.4944,0.353020
706,109,10.5150,50.00,8.5786,0.351536
707,109,10.3218,50.00,7.8194,0.350052
708,109,9.8470,50.00,10.3268,0.348567
709,109,9.5559,50.00,10.6844,0.347083
715,110,10.0536,50.00,9.5540,0.345598
716,110,10.1961,50.00,9.1021,0.344144
717,110,8.6726,50.00,12.3827,0.342659
718,110,10.0431,50.00,9.3163,0.341175
719,111,10.0665,50.00,9.5990,0.339691
720,111,10.2351,50.00,7.1438,0.338206
721,111,10.4594,50.00,6.4942,0.336722
722,111,9.4832,50.00,9.9644,0.335238
728,112,8.4310,50.00,8.7658,0.333753
729,112,9.1500,50.00,10.6962,0.332269
730,112,9.3911,50.00,13.3435,0.330784
731,112,9.8021,50.00,8.8152,0.329300
732,113,9.5487,50.00,13.3858,0.327816
733,113,10.7024,50.00,5.9123,0.326331
734,113,9.2352,50.00,10.9493,0.324847
735,113,11.4682,50.00,7.5021,0.323362
741,114,9.8777,50.00,8.8080,0.321878
742,114,9.7094,50.00,9.8352,0.320394
743,114,9.9628,50.00,9.4815,0.318909
744,114,9.7858,50.00,4.3548,0.317425
745,115,10.0792,50.00,7.2471,0.315941
746,115,9.3051,50.00,10.1708,0.314456
747,115,10.5859,50.00,5.9982,0.312972
748,115,10.3605,50.00,8.1525,0.311488
754,116,8.8346,50.00,8.7923,0.310003
755,116,8.6311,50.00,14.2131,0.308519
756,116,9.9160,50.00,7.0467,0.307034
757,116,10.3719,50.00,5.2668,0.305550
758,117,9.7284,50.00,7.8688,0.304066
759,117,10.2528,50.00,11.5530,0.302581
760,117,10.3819,50.00,9.9474,0.301097
761,117,10.2659,50.00,7.4271,0.299613
767,118,10.6333,50.00,7.2069,0.298128
768,118,10.0103,50.00,9.6521,0.296644
769,118,8.8970,50.00,9.9257,0.295159
770,118,9.2128,50.00,10.8783,0.293675
771,119,10.6886,50.00,5.5248,0.292191
772,119,9.5043,50.00,11.4540,0.290706
773,119,10.2402,50.00,10.3351,0.289222
774,119,9.7663,50.00,9.9654,0.287737
780,120,9.6927,50.00,7.7269,0.286253
781,120,10.8211,50.00,10.1263,0.284769
782,120,10.7769,50.00,9.5938,0.283284
783,120,10.0065,50.00,8.7611,0.281800
784,121,9.1615,50.00,9.2720,0.280316
785,121,8.7427,50.00,10.2823,0.278831
786,121,10.0004,50.00,4.5480,0.277347
787,121,10.0346,50.00,7.5377,0.275863
793,122,9.1180,50.00,9.5201,0.274378
794,122,9.7680,50.00,8.0334,0.272894
795,122,10.0981,50.00,7.4104,0.271409
796,122,9.3232,50.00,11.3019,0.269925
797,123,9.9339,50.00,7.6984,0.268441
798,123,10.7773,50.00,4.3344,0.266986
799,123,10.7562,50.00,8.8857,0.265502
800,123,9.4184,50.00,11.4456,0.264017
806,124,10.7691,50.00,11.1949,0.262533
807,124,9.4093,50.00,12.0875,0.261048
808,124,10.6184,50.00,4.3050,0.259564
809,124,10.1093,50.00,6.8878,0.258080
810,125,9.5872,50.00,10.5114,0.256595
811,125,11.2987,50.00,5.3859,0.255111
812,125,10.1449,50.00,7.1894,0.253656
813,125,8.3342,50.00,10.0380,0.252172
819,126,10.4666,50.00,6.7786,0.250688
820,126,10.0324,50.00,9.9925,0.249203
821,126,10.4203,50.00,10.4028,0.247719
822,126,10.1274,50.00,6.1243,0.246234
823,127,10.2147,50.00,7.0889,0.244750
824,127,11.3314,50.00,5.2315,0.243266
825,127,10.4408,50.00,8.6625,0.241781
826,127,9.4981,50.00,7.1077,0.240297
832,128,10.2241,50.00,9.5480,0.238812
833,128,9.9369,50.00,7.1959,0.237328
834,128,8.7004,50.00,10.5762,0.235844
835,128,9.9708,50.00,10.0662,0.234359
836,129,10.3341,50.00,7.6015,0.232875
837,129,10.1544,50.00,9.0325,0.231391
838,129,8.7880,50.00,8.1770,0.229906
839,129,11.0145,50.00,5.1652,0.228422
845,130,10.4382,50.00,11.4273,0.226938
846,130,10.7299,50.00,8.9421,0.225453
847,130,9.7801,50.00,7.2163,0.223969
848,130,10.6374,50.00,9.3394,0.222484
849,131,9.8790,50.00,11.1470,0.221000
850,131,10.0168,50.00,10.5008,0.219516
851,131,8.5244,50.00,9.3936,0.218031
852,131,10.8294,50.00,9.8665,0.216547
858,132,10.5144,50.00,6.4369,0.215063
859,132,9.7014,50.00,9.2923,0.213578
860,132,8.3891,50.00,11.1819,0.212094
861,132,9.9555,50.00,10.1902,0.210609
862,133,8.8597,50.00,8.6930,0.209125
863,133,10.4937,50.00,11.7592,0.207641
864,133,8.9107,50.00,12.1326,0.206156
865,133,8.6195,50.00,11.6058,0.204672
871,134,9.0493,50.00,9.4652,0.203188
872,134,10.4037,50.00,6.3829,0.201703
873,134,10.0202,50.00,8.5065,0.200219
874,134,9.4641,50.00,8.2019,0.198734
875,135,10.1360,50.00,5.5092,0.197250
876,135,9.3827,50.00,7.7320,0.195766
877,135,10.7359,50.00,10.0057,0.194281
878,135,9.9355,50.00,6.7515,0.192797
884,136,9.9642,50.00,7.4663,0.191313
885,136,8.4857,50.00,12.0187,0.189828
886,136,10.3338,50.00,6.6533,0.188344
887,136,10.0446,50.00,9.4839,0.186859
888,137,10.2626,50.00,11.1673,0.185375
889,137,11.5700,50.00,9.0842,0.183891
890,137,10.3365,50.00,5.1323,0.182406
891,137,10.8030,50.00,7.5220,0.180922
897,138,10.3080,50.00,6.0846,0.179438
898,138,9.8104,50.00,9.6636,0.177953
899,138,9.7479,50.00,5.6350,0.176469
900,138,10.1539,50.00,8.5238,0.174984
901,139,11.2229,50.00,7.9307,0.173500
902,139,9.8572,50.00,8.9068,0.172016
903,139,9.9579,50.00,7.1847,0.170531
904,139,9.9834,50.00,9.7023,0.169047
910,140,9.8928,50.00,8.1831,0.167563
911,140,10.7838,50.00,6.6244,0.166078
912,140,10.0317,50.00,6.9541,0.164594
913,140,10.3446,50.00,9.0916,0.163109
914,141,11.7320,50.00,8.9317,0.161625
915,141,9.4889,50.00,6.6459,0.160141
916,141,10.4042,50.00,5.1322,0.158656
917,141,10.6093,50.00,4.1511,0.157172
923,142,10.5354,50.00,6.5696,0.155687
924,142,10.5339,50.00,6.2623,0.154203
925,142,8.9365,50.00,11.6860,0.152719
926,142,10.4005,50.00,6.0748,0.151234
927,143,10.2219,50.00,11.6989,0.149750
928,143,9.3901,50.00,7.9953,0.148266
929,143,9.1540,50.00,12.1616,0.146781
930,143,9.4895,50.00,12.1908,0.145297
936,144,9.5510,50.00,11.3422,0.143813
937,144,8.6887,50.00,12.0073,0.142328
938,144,10.8752,50.00,7.3540,0.140844
939,144,11.0751,50.00,8.1229,0.139359
940,145,10.2403,50.00,10.2181,0.137875
941,145,8.7094,50.00,12.1029,0.136391
942,145,11.3054,50.00,6.7481,0.134906
943,145,9.4247,50.00,8.9197,0.133422
949,146,10.2207,50.00,10.5965,0.131938
950,146,10.2346,50.00,9.9935,0.130453
951,146,9.0414,50.00,9.1420,0.128969
952,146,9.9928,50.00,6.4459,0.127484
953,147,11.3895,50.00,5.3604,0.126000
954,147,10.8011,50.00,9.5069,0.124516
955,147,9.8299,50.00,5.3189,0.123031
956,147,10.1736,50.00,6.5337,0.121547
962,148,10.3703,50.00,7.9676,0.120063
963,148,11.4806,50.00,7.7925,0.118578
964,148,9.6737,50.00,9.8810,0.117094
965,148,10.6320,50.00,6.7260,0.115609
966,149,9.0047,50.00,10.3016,0.114125
967,149,9.1166,50.00,7.6229,0.112641
968,149,9.8908,50.00,6.4244,0.111156
969,149,9.5556,50.00,7.3188,0.109672
975,150,11.1490,50.00,6.9114,0.108188
976,150,11.1168,50.00,6.6120,0.106703
977,150,9.8182,50.00,7.6372,0.105219
978,150,10.3985,50.00,9.1497,0.103734
979,151,11.0380,50.00,7.4092,0.102280
980,151,10.1014,50.00,7.5365,0.100795
981,151,9.5077,50.00,10.7585,0.099311
982,151,10.4486,50.00,7.8590,0.097827
988,152,9.8422,50.00,5.6228,0.096342
989,152,10.6758,50.00,5.2902,0.094858
990,152,10.5111,50.00,9.9259,0.093373
991,152,10.7450,50.00,9.0315,0.091889
992,153,9.8222,50.00,6.9966,0.090405
993,153,10.5387,50.00,8.4109,0.088920
994,153,9.9650,50.00,7.7419,0.087436
995,153,10.6650,50.00,8.6260,0.085952
1001,154,11.2775,50.00,5.4163,0.084467
1002,154,10.6687,50.00,7.5589,0.082983
1003,154,9.2521,50.00,11.7231,0.081498
1004,154,10.5071,50.00,4.3621,0.080014
1005,155,11.5691,50.00,6.9396,0.078530
1006,155,10.2148,50.00,9.0530,0.077045
1007,155,10.2108,50.00,7.0208,0.075591
1008,155,8.9373,50.00,7.0615,0.074106
1014,156,9.8267,50.00,8.1074,0.072622
1015,156,9.0862,50.00,13.5118,0.071138
1016,156,10.1610,50.00,4.7259,0.069653
1017,156,10.3340,50.00,7.0906,0.068169
1018,157,10.1744,50.00,9.6951,0.066684
1019,157,9.9397,50.00,6.0702,0.065200
1020,157,11.9069,50.00,3.6248,0.063716
1021,157,10.6590,50.00,4.3488,0.062231
1027,158,9.9662,50.00,9.3688,0.060747
1028,158,10.0259,50.00,4.0142,0.059292
1029,158,8.5643,50.00,10.1546,0.057808
1030,158,9.6456,50.00,9.4208,0.056323
1031,159,9.6496,50.00,11.4009,0.054839
1032,159,10.1690,50.00,11.1227,0.053355
1033,159,9.9081,50.00,7.2100,0.051870
1034,159,9.1720,50.00,8.8555,0.050386
1040,160,10.3707,50.00,10.5665,0.050000
1041,160,10.9280,50.00,8.0938,0.050000
1042,160,9.8790,50.00,9.3044,0.050000
1043,160,10.1934,50.00,9.0141,0.050000
1044,161,9.5703,50.00,11.5459,0.050000
1045,161,9.8838,50.00,5.7748,0.050000
1046,161,10.2406,50.00,9.5509,0.050000
1047,161,9.0989,50.00,9.6100,0.050000
1053,162,9.9610,50.00,7.7336,0.050000
1054,162,9.9407,50.00,10.0261,0.050000
1055,162,9.5811,50.00,11.2625,0.050000
1056,162,10.7825,50.00,5.9284,0.050000
1057,163,10.5192,50.00,9.9936,0.050000
1058,163,10.0379,50.00,5.3163,0.050000
1059,163,9.8965,50.00,12.2375,0.050000
1060,163,9.8786,50.00,8.5514,0.050000
1066,164,10.8344,50.00,7.8971,0.050000
1067,164,9.7550,50.00,12.4260,0.050000
1068,164,10.3362,50.00,9.5156,0.050000
1069,164,10.7219,50.00,5.8974,0.050000
1070,165,9.9488,50.00,7.1819,0.050000
1071,165,10.4851,50.00,5.2059,0.050000
1072,165,9.7609,50.00,10.9150,0.050000
1073,165,10.2658,50.00,6.9686,0.050000
1079,166,10.9920,50.00,8.2261,0.050000
1080,166,9.9970,50.00,9.3703,0.050000
1081,166,10.7022,50.00,6.4876,0.050000
1082,166,9.5907,50.00,8.8297,0.050000
1083,167,9.6882,50.00,9.0246,0.050000
1084,167,9.9850,50.00,7.6183,0.050000
1085,167,7.8460,50.00,12.0044,0.050000
1086,167,8.8987,50.00,12.1579,0.050000
1092,168,9.7513,50.00,7.9086,0.050000
1093,168,10.1869,50.00,8.9237,0.050000
1094,168,9.5034,50.00,10.2418,0.050000
1095,168,9.8270,50.00,9.1781,0.050000
1096,169,8.8373,50.00,10.3286,0.050000
1097,169,10.6336,50.00,5.2246,0.050000
1098,169,8.7641,50.00,13.5785,0.050000
1099,169,9.4290,50.00,7.7640,0.050000
1105,170,10.2007,50.00,8.5104,0.050000
1106,170,9.4505,50.00,10.4748,0.050000
1107,170,9.4964,50.00,5.2527,0.050000
1108,170,11.3138,50.00,4.7990,0.050000
1109,171,9.9375,50.00,10.9715,0.050000
1110,171,10.3442,50.00,7.4323,0.050000
1111,171,10.3158,50.00,5.3400,0.050000
1112,171,10.3991,50.00,5.9287,0.050000
1118,172,10.6854,50.00,7.2955,0.050000
1119,172,10.0390,50.00,7.2852,0.050000
1120,172,8.7736,50.00,11.6862,0.050000
1121,172,9.2394,50.00,9.3910,0.050000
1122,173,9.8325,50.00,10.9644,0.050000
1123,173,9.8820,50.00,6.9352,0.050000
1124,173,9.5313,50.00,7.5261,0.050000
1125,173,10.0494,50.00,6.9682,0.050000
1131,174,10.8695,50.00,6.9326,0.050000
1132,174,9.8571,50.00,7.1469,0.050000
1133,174,9.2263,50.00,11.4311,0.050000
1134,174,9.7579,50.00,7.8710,0.050000
1135,175,10.7295,50.00,7.8150,0.050000
1136,175,11.6064,50.00,7.7228,0.050000
1137,175,9.6800,50.00,7.6064,0.050000
1138,175,9.2734,50.00,7.4983,0.050000
1144,176,9.8292,50.00,8.4244,0.050000
1145,176,10.8856,50.00,9.1698,0.050000
1146,176,10.4245,50.00,7.6610,0.050000
1147,176,9.4204,50.00,12.1693,0.050000
1148,177,9.7268,50.00,8.9023,0.050000
1149,177,10.7994,50.00,6.3294,0.050000
1150,177,10.6118,50.00,5.1822,0.050000
1151,177,10.5869,50.00,5.9108,0.050000
1157,178,9.2507,50.00,6.9487,0.050000
1158,178,10.3261,50.00,6.7115,0.050000
1159,178,9.3010,50.00,4.7719,0.050000
1160,178,8.9196,50.00,10.9466,0.050000
1161,179,9.2714,50.00,4.1690,0.050000
1162,179,10.3546,50.00,9.1963,0.050000
1163,179,9.8608,50.00,5.3000,0.050000
1164,179,9.5288,50.00,9.1673,0.050000
1170,180,10.1434,50.00,8.3784,0.050000
1171,180,9.3010,50.00,5.0027,0.050000
1172,180,9.9606,50.00,7.0727,0.050000
1173,180,9.9717,50.00,10.4376,0.050000
1174,181,11.5952,50.00,4.3874,0.050000
1175,181,10.0844,50.00,7.0659,0.050000
1176,181,9.7225,50.00,10.6213,0.050000
1177,181,9.3010,50.00,5.0094,0.050000
1183,182,8.5472,50.00,13.6525,0.050000
1184,182,9.3631,50.00,9.6956,0.050000
1185,182,9.2185,50.00,5.9261,0.050000
1186,182,9.7482,50.00,12.5393,0.050000
1187,183,10.8443,50.00,8.5175,0.050000
1188,183,9.7555,50.00,11.1384,0.050000
1189,183,10.0691,50.00,5.0498,0.050000
1190,183,9.3759,50.00,8.3977,0.050000
1196,184,9.5145,50.00,9.8069,0.050000
1197,184,10.6902,50.00,10.6490,0.050000
1198,184,9.6090,50.00,8.5334,0.050000
1199,184,8.6486,50.00,12.7571,0.050000
1200,185,10.2925,50.00,9.4005,0.050000
1201,185,9.3158,50.00,9.4608,0.050000
1202,185,9.3564,50.00,7.1690,0.050000
1203,185,9.6035,50.00,7.4215,0.050000
1209,186,10.1490,50.00,8.4857,0.050000
1210,186,10.0274,50.00,7.6783,0.050000
1211,186,9.1284,50.00,9.8752,0.050000
1212,186,9.6701,50.00,6.0965,0.050000
1213,187,9.4722,50.00,8.2641,0.050000
1214,187,9.9274,50.00,7.9990,0.050000
1215,187,10.7807,50.00,5.0496,0.050000
1216,187,11.0653,50.00,6.4084,0.050000
1222,188,9.9687,50.00,6.5165,0.050000
1223,188,10.4886,50.00,4.0927,0.050000
1224,188,11.2526,50.00,5.3344,0.050000
1225,188,9.5180,50.00,12.1943,0.050000
1226,189,10.3611,50.00,8.0163,0.050000
1227,189,11.4836,50.00,5.3011,0.050000
1228,189,9.5706,50.00,8.9793,0.050000
1229,189,9.7678,50.00,4.4363,0.050000
1235,190,10.9118,50.00,5.4256,0.050000
1236,190,9.6259,50.00,6.1427,0.050000
1237,190,10.4092,50.00,11.7645,0.050000
1238,190,10.3948,50.00,7.8280,0.050000
1239,191,10.4238,50.00,8.2015,0.050000
1240,191,10.6327,50.00,10.1038,0.050000
1241,191,10.3950,50.00,4.8984,0.050000
1242,191,10.4683,50.00,8.4073,0.050000
1248,192,10.8421,50.00,9.7154,0.050000
1249,192,9.3765,50.00,11.3521,0.050000
1250,192,11.2612,50.00,7.5938,0.050000
1251,192,10.6306,50.00,10.5878,0.050000
1252,193,10.1609,50.00,7.2454,0.050000
1253,193,10.3829,50.00,9.1888,0.050000
1254,193,9.8119,50.00,8.5978,0.050000
1255,193,10.6549,50.00,7.6875,0.050000
1261,194,10.9842,50.00,6.2171,0.050000
1262,194,9.2653,50.00,7.7952,0.050000
1263,194,10.4971,50.00,9.5238,0.050000
1264,194,10.2158,50.00,9.0065,0.050000
1265,195,10.2507,50.00,6.1104,0.050000
1266,195,9.7678,50.00,4.4363,0.050000
1267,195,10.2724,50.00,9.7719,0.050000
1268,195,9.5499,50.00,8.0669,0.050000
1274,196,10.6227,50.00,9.0573,0.050000
1275,196,9.8857,50.00,6.5871,0.050000
1276,196,9.9803,50.00,4.0225,0.050000
1277,196,9.6812,50.00,6.9799,0.050000
1278,197,9.2455,50.00,8.6304,0.050000
1279,197,10.8219,50.00,9.6754,0.050000
1280,197,9.8458,50.00,9.1017,0.050000
1281,197,8.6742,50.00,10.3531,0.050000
1287,198,10.5861,50.00,5.1111,0.050000
1288,198,9.6799,50.00,7.9076,0.050000
1289,198,9.7699,50.00,7.6404,0.050000
1290,198,9.8526,50.00,9.3511,0.050000
1291,199,9.4394,50.00,8.4667,0.050000
1292,199,9.2223,50.00,6.8103,0.050000
1293,199,10.3983,50.00,6.9277,0.050000
1294,199,9.6696,50.00,6.8023,0.050000
1300,200,10.9192,50.00,9.4780,0.050000
1301,200,9.9803,50.00,3.9071,0.050000
1302,200,10.0793,50.00,8.9973,0.050000
1303,200,10.3240,50.00,8.9213,0.050000
1304,201,9.2804,50.00,10.8876,0.050000
1305,201,9.2185,50.00,5.9750,0.050000
1306,201,11.3101,50.00,9.9654,0.050000
1307,201,9.7828,50.00,9.2124,0.050000
1313,202,10.1641,50.00,6.5688,0.050000
1314,202,10.4433,50.00,9.2604,0.050000
1315,202,9.8745,50.00,8.9528,0.050000
1316,202,9.5427,50.00,9.6760,0.050000
1317,203,9.6469,50.00,4.6096,0.050000
1318,203,9.2895,50.00,10.8069,0.050000
1319,203,9.6194,50.00,9.4700,0.050000
1320,203,9.3595,50.00,7.0548,0.050000
1326,204,10.7631,50.00,9.3127,0.050000
1327,204,9.7265,50.00,5.9083,0.050000
1328,204,10.0318,50.00,11.5529,0.050000
1329,204,10.0479,50.00,9.2046,0.050000
1330,205,9.9196,50.00,10.4651,0.050000
1331,205,10.0196,50.00,8.4038,0.050000
1332,205,11.3053,50.00,8.3629,0.050000
1333,205,10.0989,50.00,6.8272,0.050000
1339,206,9.5254,50.00,9.6904,0.050000
1340,206,9.1473,50.00,10.5734,0.050000
1341,206,9.2030,50.00,11.9623,0.050000
1342,206,9.7653,50.00,6.7967,0.050000
1343,207,9.8399,50.00,10.5052,0.050000
1344,207,9.8292,50.00,8.4009,0.050000
1345,207,10.4180,50.00,5.6750,0.050000
1346,207,9.7736,50.00,11.2796,0.050000
1352,208,9.3631,50.00,11.2058,0.050000
1353,208,9.2185,50.00,5.9261,0.050000
1354,208,9.8635,50.00,5.7046,0.050000
1355,208,10.6917,50.00,10.7632,0.050000
1356,209,9.3546,50.00,10.0148,0.050000
1357,209,12.0133,50.00,5.3320,0.050000
1358,209,11.0311,50.00,5.3984,0.050000
1359,209,9.0419,50.00,9.5980,0.050000
1365,210,10.4601,50.00,7.8125,0.050000
1366,210,8.5541,50.00,11.0511,0.050000
1367,210,11.0072,50.00,6.6206,0.050000
1368,210,9.4704,50.00,11.8078,0.050000
1369,211,9.6404,50.00,7.6291,0.050000
1370,211,9.7295,50.00,8.3218,0.050000
1371,211,9.1998,50.00,10.8137,0.050000
1372,211,10.7856,50.00,7.2859,0.050000
1378,212,9.2185,50.00,5.9261,0.050000
1379,212,10.0884,50.00,4.2663,0.050000
1380,212,8.6666,50.00,11.9087,0.050000
1381,212,11.3106,50.00,7.0090,0.050000
1382,213,7.6969,50.00,13.6032,0.050000
1383,213,10.2842,50.00,9.4342,0.050000
1384,213,10.7312,50.00,9.1290,0.050000
1385,213,9.1232,50.00,9.8739,0.050000
1391,214,8.7603,50.00,9.0452,0.050000
1392,214,11.0079,50.00,7.1659,0.050000
1393,214,10.6982,50.00,8.7110,0.050000
1394,214,9.9480,50.00,7.6675,0.050000
1395,215,9.2185,50.00,5.9261,0.050000
1396,215,8.9611,50.00,8.2688,0.050000
1397,215,10.1615,50.00,9.3613,0.050000
1398,215,9.5797,50.00,8.8009,0.050000
1404,216,9.4736,50.00,5.6335,0.050000
1405,216,10.8403,50.00,7.6252,0.050000
1406,216,10.4944,50.00,7.0860,0.050000
1407,216,11.8630,50.00,6.3202,0.050000
1408,217,9.4588,50.00,7.4602,0.050000
1409,217,9.6668,50.00,9.5132,0.050000
1410,217,9.2185,50.00,5.9261,0.050000
1411,217,9.2185,50.00,5.9261,0.050000
1417,218,9.5743,50.00,8.7154,0.050000
1418,218,9.2501,50.00,8.6890,0.050000
1419,218,10.6672,50.00,10.5042,0.050000
1420,218,9.8591,50.00,11.6974,0.050000
1421,219,9.9803,50.00,3.9004,0.050000
1422,219,10.4965,50.00,7.3369,0.050000
1423,219,9.2377,50.00,5.6270,0.050000
1424,219,9.2944,50.00,10.7777,0.050000
1430,220,9.2377,50.00,5.6270,0.050000
1431,220,11.4367,50.00,7.1933,0.050000
1432,220,9.6161,50.00,7.8443,0.050000
1433,220,9.6491,50.00,12.9975,0.050000
1434,221,9.2713,50.00,9.1659,0.050000
1435,221,10.3084,50.00,7.6613,0.050000
1436,221,10.4351,50.00,10.3161,0.050000
1437,221,10.0016,50.00,5.1846,0.050000
1443,222,9.0805,50.00,11.0371,0.050000
1444,222,9.5707,50.00,8.7849,0.050000
1445,222,9.2185,50.00,5.9261,0.050000
1446,222,9.9987,50.00,6.3400,0.050000
1447,223,9.2185,50.00,5.9261,0.050000
1448,223,10.3293,50.00,7.0559,0.050000
1449,223,11.3562,50.00,4.1169,0.050000
1450,223,9.8715,50.00,6.5121,0.050000
1456,224,9.2881,50.00,6.9171,0.050000
1457,224,11.0808,50.00,5.6559,0.050000
1458,224,9.9841,50.00,10.9100,0.050000
1459,224,9.7915,50.00,7.9485,0.050000
1460,225,9.4553,50.00,9.9384,0.050000
1461,225,10.9976,50.00,7.1415,0.050000
1462,225,10.2953,50.00,8.8206,0.050000
1463,225,10.4317,50.00,8.0898,0.050000
1469,226,10.1817,50.00,4.7988,0.050000
1470,226,8.0657,50.00,13.6621,0.050000
1471,226,10.4098,50.00,10.9100,0.050000
1472,226,9.5905,50.00,7.4238,0.050000
1473,227,10.5981,50.00,9.4317,0.050000
1474,227,10.1685,50.00,10.9981,0.050000
1475,227,9.6379,50.00,10.0208,0.050000
1476,227,9.6525,50.00,6.9950,0.050000
1482,228,9.8482,50.00,4.8346,0.050000
1483,228,9.2946,50.00,10.5372,0.050000
1484,228,9.6934,50.00,9.0094,0.050000
1485,228,10.5586,50.00,8.6026,0.050000
1486,229,11.1055,50.00,7.3769,0.050000
1487,229,9.4006,50.00,5.8238,0.050000
1488,229,10.1547,50.00,5.5277,0.050000
1489,229,12.0893,50.00,6.2596,0.050000
1495,230,9.6362,50.00,8.5413,0.050000
1496,230,9.7720,50.00,8.2155,0.050000
1497,230,9.9065,50.00,5.6172,0.050000
1498,230,10.4386,50.00,4.7361,0.050000
1499,231,11.0429,50.00,6.0027,0.050000
1500,231,11.1236,50.00,6.6982,0.050000
1501,231,10.4492,50.00,9.7786,0.050000
1502,231,9.7210,50.00,10.3069,0.050000
1508,232,10.0419,50.00,9.6248,0.050000
1509,232,10.0168,50.00,9.2977,0.050000
1510,232,9.4941,50.00,5.9636,0.050000
1511,232,9.5843,50.00,7.3134,0.050000
1512,233,10.1484,50.00,6.4308,0.050000
1513,233,11.9693,50.00,8.2757,0.050000
1514,233,9.8255,50.00,8.4002,0.050000
1515,233,7.2258,50.00,12.4968,0.050000
1521,234,9.6678,50.00,9.7344,0.050000
1522,234,9.9777,50.00,8.9152,0.050000
1523,234,10.3242,50.00,8.0523,0.050000
1524,234,9.2691,50.00,9.1580,0.050000
1525,235,9.7100,50.00,8.3800,0.050000
1526,235,10.0824,50.00,6.1647,0.050000
1527,235,9.4727,50.00,8.7843,0.050000
1528,235,9.7632,50.00,9.8418,0.050000
1534,236,9.6316,50.00,8.6683,0.050000
1535,236,10.5011,50.00,6.4938,0.050000
1536,236,8.6825,50.00,8.3902,0.050000
1537,236,9.7015,50.00,8.6194,0.050000
1538,237,9.6760,50.00,9.0452,0.050000
1539,237,9.6842,50.00,8.6026,0.050000
1540,237,9.6820,50.00,8.5594,0.050000
1541,237,10.5354,50.00,5.8811,0.050000
1547,238,11.9802,50.00,7.5207,0.050000
1548,238,10.5911,50.00,7.5010,0.050000
1549,238,9.7125,50.00,7.9653,0.050000
1550,238,10.3303,50.00,4.7909,0.050000
1551,239,9.7465,50.00,9.6642,0.050000
1552,239,9.1135,50.00,10.4932,0.050000
1553,239,8.5002,50.00,12.2097,0.050000
1554,239,10.9578,50.00,6.6911,0.050000
1560,240,11.1545,50.00,5.5307,0.050000
1561,240,8.7342,50.00,9.7373,0.050000
1562,240,9.6739,50.00,7.2470,0.050000
1563,240,11.4088,50.00,4.5304,0.050000
1564,241,10.1860,50.00,6.0787,0.050000
1565,241,9.8412,50.00,6.6350,0.050000
1566,241,8.5351,50.00,10.9296,0.050000
1567,241,9.2718,50.00,9.8725,0.050000
1573,242,9.4360,50.00,12.4875,0.050000
1574,242,9.4941,50.00,6.0522,0.050000
1575,242,9.4941,50.00,6.0522,0.050000
1576,242,9.8444,50.00,5.0607,0.050000
1577,243,10.7903,50.00,6.2190,0.050000
1578,243,9.4941,50.00,6.0522,0.050000
1579,243,9.8298,50.00,9.2322,0.050000
1580,243,11.7206,50.00,5.3546,0.050000
1586,244,9.4483,50.00,8.7394,0.050000
1587,244,9.4000,50.00,7.4804,0.050000
1588,244,10.3774,50.00,11.5159,0.050000
1589,244,11.5584,50.00,6.0804,0.050000
1590,245,9.7688,50.00,6.1252,0.050000
1591,245,9.4941,50.00,6.0522,0.050000
1592,245,9.4680,50.00,9.8098,0.050000
1593,245,9.7596,50.00,6.9874,0.050000
1599,246,9.9742,50.00,7.4958,0.050000
1600,246,10.1057,50.00,6.9611,0.050000
1601,246,9.8070,50.00,6.8111,0.050000
1602,246,9.5820,50.00,9.2738,0.050000
1603,247,8.5133,50.00,11.8996,0.050000
1604,247,9.6469,50.00,5.1428,0.050000
1605,247,10.9063,50.00,5.8166,0.050000
1606,247,9.3837,50.00,8.7482,0.050000
1612,248,8.9072,50.00,11.0798,0.050000
1613,248,9.6624,50.00,7.4508,0.050000
1614,248,9.6328,50.00,7.4217,0.050000
1615,248,10.4689,50.00,7.8227,0.050000
1616,249,9.7424,50.00,11.7247,0.050000
1617,249,9.4941,50.00,5.9636,0.050000
1618,249,9.4941,50.00,5.9636,0.050000
1619,249,9.7688,50.00,6.1098,0.050000
1625,250,11.4812,50.00,8.1133,0.050000
1626,250,10.0824,50.00,6.1222,0.050000
1627,250,10.7882,50.00,8.9404,0.050000
1628,250,8.1803,50.00,11.1854,0.050000
1629,251,10.9294,50.00,5.2723,0.050000
1630,251,8.8455,50.00,11.0078,0.050000
1631,251,10.2245,50.00,6.6798,0.050000
1632,251,9.4941,50.00,6.0522,0.050000
1638,252,9.2875,50.00,6.0538,0.050000
1639,252,10.4429,50.00,6.4097,0.050000
1640,252,10.4104,50.00,6.0107,0.050000
1641,252,8.7734,50.00,11.4402,0.050000
1642,253,9.6864,50.00,8.1111,0.050000
1643,253,8.5550,50.00,9.2973,0.050000
1644,253,8.5877,50.00,10.4450,0.050000
1645,253,10.2264,50.00,7.2134,0.050000
1651,254,11.0659,50.00,7.9652,0.050000
1652,254,11.1159,50.00,6.1144,0.050000
1653,254,10.6065,50.00,7.2375,0.050000
1654,254,9.5941,50.00,5.7915,0.050000
1655,255,10.5861,50.00,5.0801,0.050000
1656,255,10.8055,50.00,7.0308,0.050000
1657,255,9.4941,50.00,5.9281,0.050000
1658,255,8.1436,50.00,12.5551,0.050000
1664,256,9.0795,50.00,8.3840,0.050000
1665,256,9.2154,50.00,7.6309,0.050000
1666,256,9.9751,50.00,10.6254,0.050000
1667,256,10.0157,50.00,10.7209,0.050000
1668,257,9.0660,50.00,9.5615,0.050000
1669,257,10.1946,50.00,12.1431,0.050000
1670,257,10.4319,50.00,7.1554,0.050000
1671,257,9.0703,50.00,9.9311,0.050000
1677,258,9.4224,50.00,10.2119,0.050000
1678,258,9.4433,50.00,8.5440,0.050000
1679,258,9.5961,50.00,10.3041,0.050000
1680,258,9.3405,50.00,9.9288,0.050000
1681,259,9.9820,50.00,9.1503,0.050000
1682,259,10.9485,50.00,5.0413,0.050000
1683,259,10.5791,50.00,8.6030,0.050000
1684,259,10.3830,50.00,5.2514,0.050000
1690,260,9.7887,50.00,5.6192,0.050000
1691,260,9.9347,50.00,8.5090,0.050000
1692,260,10.9420,50.00,9.0027,0.050000
1693,260,9.0942,50.00,9.1089,0.050000
1694,261,9.4959,50.00,8.7809,0.050000
1695,261,9.2244,50.00,8.1254,0.050000
1696,261,9.5908,50.00,8.0532,0.050000
1697,261,10.7340,50.00,8.0642,0.050000
1703,262,9.2394,50.00,13.1260,0.050000
1704,262,10.0411,50.00,6.0582,0.050000
1705,262,10.2796,50.00,7.4382,0.050000
1706,262,9.3975,50.00,9.2392,0.050000
1707,263,10.9908,50.00,8.4306,0.050000
1708,263,9.4539,50.00,5.1063,0.050000
1709,263,9.4941,50.00,6.0446,0.050000
1710,263,10.2620,50.00,9.9490,0.050000
1716,264,11.4436,50.00,6.1298,0.050000
1717,264,11.5597,50.00,4.1998,0.050000
1718,264,9.5044,50.00,8.9749,0.050000
1719,264,8.6045,50.00,10.2866,0.050000
1720,265,8.4186,50.00,9.0115,0.050000
1721,265,10.4758,50.00,7.9592,0.050000
1722,265,9.7498,50.00,8.8438,0.050000
1723,265,9.8802,50.00,10.9096,0.050000
1729,266,10.4527,50.00,5.7642,0.050000
1730,266,10.0264,50.00,6.2357,0.050000
1731,266,10.8239,50.00,6.9038,0.050000
1732,266,9.0872,50.00,9.2689,0.050000
1733,267,10.1068,50.00,10.9205,0.050000
1734,267,9.8345,50.00,8.3038,0.050000
1735,267,8.9994,50.00,10.6373,0.050000
1736,267,9.2103,50.00,8.2661,0.050000
1742,268,10.5211,50.00,8.9593,0.050000
1743,268,10.7547,50.00,5.8866,0.050000
1744,268,10.0508,50.00,9.1443,0.050000
1745,268,12.7254,50.00,7.1263,0.050000
1746,269,8.0195,50.00,13.8431,0.050000
1747,269,10.3895,50.00,9.6881,0.050000
1748,269,9.3874,50.00,11.6575,0.050000
1749,269,9.4497,50.00,7.4862,0.050000
1755,270,9.6433,50.00,11.6151,0.050000
1756,270,8.7008,50.00,8.6454,0.050000
1757,270,11.2610,50.00,3.9504,0.050000
1758,270,10.0430,50.00,4.3554,0.050000
1759,271,9.9455,50.00,10.5761,0.050000
1760,271,10.5686,50.00,7.3584,0.050000
1761,271,10.1269,50.00,7.6132,0.050000
1762,271,9.9220,50.00,4.1727,0.050000
1768,272,10.2622,50.00,7.4200,0.050000
1769,272,10.4311,50.00,7.5507,0.050000
1770,272,10.7676,50.00,6.9194,0.050000
1771,272,11.5645,50.00,6.6452,0.050000
1772,273,8.5102,50.00,11.1762,0.050000
1773,273,10.0412,50.00,9.4717,0.050000
1774,273,8.7715,50.00,10.8573,0.050000
1775,273,9.7486,50.00,7.6694,0.050000
1781,274,10.3769,50.00,8.8218,0.050000
1782,274,10.5238,50.00,9.5894,0.050000
1783,274,9.0068,50.00,12.3908,0.050000
1784,274,9.6471,50.00,10.8252,0.050000
1785,275,8.5279,50.00,11.6646,0.050000
1786,275,11.0814,50.00,11.7630,0.050000
1787,275,10.8368,50.00,8.1344,0.050000
1788,275,8.8666,50.00,11.5888,0.050000
1794,276,10.6566,50.00,7.8165,0.050000
1795,276,9.4941,50.00,5.9557,0.050000
1796,276,8.4970,50.00,12.3621,0.050000
1797,276,10.1413,50.00,8.4767,0.050000
1798,277,9.1347,50.00,10.3826,0.050000
1799,277,9.2828,50.00,8.4117,0.050000
1800,277,9.4387,50.00,7.8479,0.050000
1801,277,10.3532,50.00,9.3962,0.050000
1807,278,9.8768,50.00,4.1327,0.050000
1808,278,9.4040,50.00,8.8463,0.050000
1809,278,9.0226,50.00,9.9897,0.050000
1810,278,10.8303,50.00,7.0675,0.050000
1811,279,10.3311,50.00,4.8202,0.050000
1812,279,9.2952,50.00,10.1019,0.050000
1813,279,9.3503,50.00,10.3485,0.050000
1814,279,11.5566,50.00,4.0440,0.050000
1820,280,10.5820,50.00,9.2013,0.050000
1821,280,10.6453,50.00,8.9391,0.050000
1822,280,11.8447,50.00,5.3890,0.050000
1823,280,9.3714,50.00,9.1788,0.050000
1824,281,10.2776,50.00,8.0021,0.050000
1825,281,9.7076,50.00,7.8032,0.050000
1826,281,9.4510,50.00,10.1586,0.050000
1827,281,9.5604,50.00,7.1479,0.050000
1833,282,11.4235,50.00,8.8030,0.050000
1834,282,11.2016,50.00,9.4596,0.050000
1835,282,10.0040,50.00,9.7228,0.050000
1836,282,11.6542,50.00,6.0108,0.050000
1837,283,9.5354,50.00,6.5728,0.050000
1838,283,10.5065,50.00,7.1346,0.050000
1839,283,9.0330,50.00,10.7206,0.050000
1840,283,8.8269,50.00,11.4691,0.050000
1846,284,10.1538,50.00,6.3313,0.050000
1847,284,10.1108,50.00,5.4210,0.050000
1848,284,9.8040,50.00,8.4638,0.050000
1849,284,9.7513,50.00,8.3367,0.050000
1850,285,10.9692,50.00,9.7765,0.050000
1851,285,10.1579,50.00,8.4748,0.050000
1852,285,9.5604,50.00,8.1080,0.050000
1853,285,9.6147,50.00,8.7451,0.050000
1859,286,8.9162,50.00,7.3907,0.050000
1860,286,11.1225,50.00,5.9879,0.050000
1861,286,10.7794,50.00,4.7144,0.050000
1862,286,9.0304,50.00,5.8834,0.050000
1863,287,9.8516,50.00,7.3732,0.050000
1864,287,9.6287,50.00,8.1221,0.050000
1865,287,11.4905,50.00,8.0461,0.050000
1866,287,9.6540,50.00,9.2980,0.050000
1872,288,8.7892,50.00,8.6003,0.050000
1873,288,8.7353,50.00,10.1607,0.050000
1874,288,9.5317,50.00,8.7356,0.050000
1875,288,10.3267,50.00,4.4867,0.050000
1876,289,10.2773,50.00,7.7469,0.050000
1877,289,9.9983,50.00,9.1045,0.050000
1878,289,11.1161,50.00,6.5104,0.050000
1879,289,10.3391,50.00,9.7000,0.050000
1885,290,10.2441,50.00,10.1569,0.050000
1886,290,10.6341,50.00,8.2727,0.050000
1887,290,10.4398,50.00,11.7177,0.050000
1888,290,10.7693,50.00,8.7990,0.050000
1889,291,9.7179,50.00,6.4359,0.050000
1890,291,9.5644,50.00,9.8556,0.050000
1891,291,9.6133,50.00,4.6606,0.050000
1892,291,9.2854,50.00,8.2678,0.050000
1898,292,9.2570,50.00,6.7706,0.050000
1899,292,10.2848,50.00,7.3471,0.050000
1900,292,10.4358,50.00,5.8959,0.050000
1901,292,8.9423,50.00,11.0187,0.050000
1902,293,11.8713,50.00,7.3490,0.050000
1903,293,9.3225,50.00,8.1328,0.050000
1904,293,8.4472,50.00,13.2851,0.050000
1905,293,11.0155,50.00,5.3786,0.050000
1911,294,10.1784,50.00,9.5019,0.050000
1912,294,10.2854,50.00,10.3604,0.050000
1913,294,9.9095,50.00,8.7556,0.050000
1914,294,10.5034,50.00,9.3819,0.050000
1915,295,10.3291,50.00,9.0503,0.050000
1916,295,9.6373,50.00,7.0320,0.050000
1917,295,8.7468,50.00,8.7384,0.050000
1918,295,10.8252,50.00,5.7098,0.050000
1924,296,9.7283,50.00,7.0848,0.050000
1925,296,10.3203,50.00,11.9113,0.050000
1926,296,9.5292,50.00,7.7885,0.050000
1927,296,9.1228,50.00,11.5596,0.050000
1928,297,11.1714,50.00,6.8336,0.050000
1929,297,9.6783,50.00,5.5134,0.050000
1930,297,9.6475,50.00,7.6121,0.050000
1931,297,8.9679,50.00,13.2209,0.050000
1937,298,10.4689,50.00,6.9229,0.050000
1938,298,9.0304,50.00,5.7998,0.050000
1939,298,9.7369,50.00,7.5252,0.050000
1940,298,10.4336,50.00,9.4680,0.050000
1941,299,10.0430,50.00,4.1948,0.050000
1942,299,9.7022,50.00,9.9374,0.050000
1943,299,8.1354,50.00,12.0180,0.050000
1944,299,11.3966,50.00,7.0952,0.050000
1950,300,8.7502,50.00,10.2126,0.050000
1951,300,10.0442,50.00,8.9676,0.050000
1952,300,10.8910,50.00,10.2743,0.050000
1953,300,10.0207,50.00,7.0960,0.050000
1954,301,9.2700,50.00,7.5204,0.050000
1955,301,9.5990,50.00,11.0378,0.050000
1956,301,8.5746,50.00,10.5442,0.050000
1957,301,8.0362,50.00,13.3230,0.050000
1963,302,8.6318,50.00,9.6590,0.050000
1964,302,9.5103,50.00,7.2094,0.050000
1965,302,10.2883,50.00,10.3125,0.050000
1966,302,8.6313,50.00,10.6322,0.050000
1967,303,9.7283,50.00,5.7623,0.050000
1968,303,9.7645,50.00,11.2999,0.050000
1969,303,9.3102,50.00,6.4027,0.050000
1970,303,8.3758,50.00,8.7115,0.050000
1976,304,9.8534,50.00,8.5081,0.050000
1977,304,8.7093,50.00,9.9754,0.050000
1978,304,9.9983,50.00,5.8152,0.050000
1979,304,8.9218,50.00,7.0542,0.050000
1980,305,9.8953,50.00,4.7392,0.050000
1981,305,9.1637,50.00,10.2673,0.050000
1982,305,8.8883,50.00,11.1279,0.050000
1983,305,9.6057,50.00,8.8382,0.050000
1989,306,11.1924,50.00,9.5336,0.050000
1990,306,9.7283,50.00,7.0848,0.050000
1991,306,8.5204,50.00,11.9522,0.050000
1992,306,9.8275,50.00,10.2365,0.050000
1993,307,9.3565,50.00,9.1248,0.050000
1994,307,8.5205,50.00,11.2695,0.050000
1995,307,8.8496,50.00,9.4689,0.050000
1996,307,9.8918,50.00,6.6598,0.050000
2002,308,8.6990,50.00,9.9010,0.050000
2003,308,10.6932,50.00,8.2713,0.050000
2004,308,11.7285,50.00,8.5744,0.050000
2005,308,10.9606,50.00,7.9788,0.050000
2006,309,10.2928,50.00,7.3809,0.050000
2007,309,9.5069,50.00,9.9832,0.050000
2008,309,10.6650,50.00,4.8119,0.050000
2009,309,8.6408,50.00,8.0781,0.050000
2015,310,10.9658,50.00,5.3496,0.050000
2016,310,8.3094,50.00,9.4152,0.050000
2017,310,9.9162,50.00,5.2301,0.050000
2018,310,10.0625,50.00,6.6550,0.050000
2019,311,10.6524,50.00,9.7486,0.050000
2020,311,9.7090,50.00,9.8806,0.050000
2021,311,10.0591,50.00,9.6327,0.050000
2022,311,9.4572,50.00,7.5465,0.050000
2028,312,10.9214,50.00,7.9097,0.050000
2029,312,8.8126,50.00,9.5669,0.050000
2030,312,9.9162,50.00,5.2301,0.050000
2031,312,10.0484,50.00,5.7338,0.050000
2032,313,9.6133,50.00,4.6990,0.050000
2033,313,10.7511,50.00,8.9590,0.050000
2034,313,9.7450,50.00,6.9115,0.050000
2035,313,9.4572,50.00,7.6902,0.050000
2041,314,11.3827,50.00,7.7252,0.050000
2042,314,10.0130,50.00,4.9073,0.050000
2043,314,11.4692,50.00,6.4363,0.050000
2044,314,9.8738,50.00,6.5061,0.050000
2045,315,11.2844,50.00,5.8759,0.050000
2046,315,9.6783,50.00,7.3154,0.050000
2047,315,10.9880,50.00,9.5866,0.050000
2048,315,11.4953,50.00,5.8525,0.050000
2054,316,9.4226,50.00,9.3883,0.050000
2055,316,9.6552,50.00,8.2950,0.050000
2056,316,10.7749,50.00,8.8569,0.050000
2057,316,9.4191,50.00,9.0636,0.050000
2058,317,9.5550,50.00,9.8392,0.050000
2059,317,8.6699,50.00,12.0786,0.050000
2060,317,9.7283,50.00,7.1233,0.050000
2061,317,10.0585,50.00,9.6671,0.050000
2067,318,10.4407,50.00,5.7796,0.050000
2068,318,10.9504,50.00,9.7065,0.050000
2069,318,9.1545,50.00,8.7117,0.050000
2070,318,9.5317,50.00,8.6886,0.050000
2071,319,9.9551,50.00,7.3504,0.050000
2072,319,9.5317,50.00,8.8886,0.050000
2073,319,9.6000,50.00,8.6602,0.050000
2074,319,9.9253,50.00,10.3719,0.050000
2080,320,8.8496,50.00,9.4689,0.050000
2081,320,11.6202,50.00,8.6532,0.050000
2082,320,9.5317,50.00,7.1948,0.050000
2083,320,10.9274,50.00,5.3250,0.050000
2084,321,9.6783,50.00,7.2769,0.050000
2085,321,10.2625,50.00,7.7960,0.050000
2086,321,9.5509,50.00,7.1856,0.050000
2087,321,9.9286,50.00,5.8232,0.050000
2093,322,9.7260,50.00,6.4998,0.050000
2094,322,10.1885,50.00,8.7473,0.050000
2095,322,9.5509,50.00,7.1856,0.050000
2096,322,10.0250,50.00,7.8098,0.050000
2097,323,10.6033,50.00,5.8738,0.050000
2098,323,9.6783,50.00,5.3211,0.050000
2099,323,10.2183,50.00,10.0946,0.050000
2100,323,9.9662,50.00,5.2724,0.050000
2106,324,11.3543,50.00,7.0055,0.050000
2107,324,9.7251,50.00,6.7384,0.050000
2108,324,9.8661,50.00,8.9898,0.050000
2109,324,9.4106,50.00,12.5361,0.050000
2110,325,9.5317,50.00,8.6886,0.050000
2111,325,10.1786,50.00,7.0496,0.050000
2112,325,9.3490,50.00,10.5625,0.050000
2113,325,9.7234,50.00,9.3850,0.050000
2119,326,9.0053,50.00,9.3384,0.050000
2120,326,9.4772,50.00,7.6259,0.050000
2121,326,11.1651,50.00,7.3284,0.050000
2122,326,9.8953,50.00,4.5786,0.050000
2123,327,9.1240,50.00,8.7522,0.050000
2124,327,8.8755,50.00,12.3020,0.050000
2125,327,9.6068,50.00,9.6120,0.050000
2126,327,11.0355,50.00,7.8029,0.050000
2132,328,10.0092,50.00,8.5194,0.050000
2133,328,10.0357,50.00,8.6704,0.050000
2134,328,9.0869,50.00,8.6826,0.050000
2135,328,11.2809,50.00,4.7242,0.050000
2136,329,10.1342,50.00,7.0256,0.050000
2137,329,9.5046,50.00,8.1212,0.050000
2138,329,10.5840,50.00,11.4523,0.050000
2139,329,10.4615,50.00,8.3280,0.050000
2145,330,9.4079,50.00,7.8806,0.050000
2146,330,11.6305,50.00,4.6384,0.050000
2147,330,10.0524,50.00,5.1988,0.050000
2148,330,9.6838,50.00,11.1373,0.050000
2149,331,9.6510,50.00,10.8065,0.050000
2150,331,9.1797,50.00,6.9825,0.050000
2151,331,10.0372,50.00,5.6010,0.050000
2152,331,10.9728,50.00,7.8232,0.050000
2158,332,9.5509,50.00,7.1456,0.050000
2159,332,9.2152,50.00,11.5094,0.050000
2160,332,9.8227,50.00,9.4147,0.050000
2161,332,12.1206,50.00,8.1359,0.050000
2162,333,9.5317,50.00,8.6486,0.050000
2163,333,9.5509,50.00,7.1856,0.050000
2164,333,9.2984,50.00,12.2431,0.050000
2165,333,10.6859,50.00,9.2150,0.050000
2171,334,9.7180,50.00,8.4169,0.050000
2172,334,9.4470,50.00,9.6445,0.050000
2173,334,9.5509,50.00,7.3856,0.050000
2174,334,9.5002,50.00,12.2828,0.050000
2175,335,9.3170,50.00,8.1750,0.050000
2176,335,10.6696,50.00,7.4000,0.050000
2177,335,9.9413,50.00,7.1633,0.050000
2178,335,10.4141,50.00,7.1106,0.050000
2184,336,9.2291,50.00,7.8383,0.050000
2185,336,8.9330,50.00,10.9766,0.050000
2186,336,11.4555,50.00,5.8290,0.050000
2187,336,8.9218,50.00,7.3070,0.050000
2188,337,10.0439,50.00,6.7794,0.050000
2189,337,8.1503,50.00,11.0642,0.050000
2190,337,10.6752,50.00,7.4692,0.050000
2191,337,9.9018,50.00,6.7140,0.050000
2197,338,10.6700,50.00,4.6392,0.050000
2198,338,10.2948,50.00,6.9240,0.050000
2199,338,9.8953,50.00,6.5911,0.050000
2200,338,11.4553,50.00,6.2694,0.050000
2201,339,9.6987,50.00,6.7921,0.050000
2202,339,10.0631,50.00,8.6529,0.050000
2203,339,12.5163,50.00,5.1008,0.050000
2204,339,10.7145,50.00,8.5261,0.050000
2210,340,10.9478,50.00,10.1465,0.050000
2211,340,9.9852,50.00,8.2069,0.050000
2212,340,9.5067,50.00,9.2667,0.050000
2213,340,11.5592,50.00,5.3577,0.050000
2214,341,9.7868,50.00,7.8889,0.050000
2215,341,8.6295,50.00,11.2839,0.050000
2216,341,9.5317,50.00,8.8886,0.050000
2217,341,9.7736,50.00,12.6486,0.050000
2223,342,11.3885,50.00,8.2884,0.050000
2224,342,8.9730,50.00,7.5343,0.050000
2225,342,10.7228,50.00,7.2880,0.050000
2226,342,9.6097,50.00,7.4423,0.050000
2227,343,9.2326,50.00,9.8698,0.050000
2228,343,9.5735,50.00,7.3022,0.050000
2229,343,9.3142,50.00,9.0346,0.050000
2230,343,9.8851,50.00,10.5474,0.050000
2236,344,9.8782,50.00,6.4077,0.050000
2237,344,9.6204,50.00,6.7848,0.050000
2238,344,9.3802,50.00,8.0584,0.050000
2239,344,8.9976,50.00,12.8004,0.050000
2240,345,11.3167,50.00,6.8288,0.050000
2241,345,10.3936,50.00,9.5377,0.050000
2242,345,10.1834,50.00,6.5977,0.050000
2243,345,9.1576,50.00,10.1186,0.050000
2249,346,10.2916,50.00,7.1090,0.050000
2250,346,10.2743,50.00,9.4101,0.050000
2251,346,9.5085,50.00,9.9702,0.050000
2252,346,10.2423,50.00,8.0993,0.050000
2253,347,9.4387,50.00,5.9152,0.050000
2254,347,9.9059,50.00,7.2648,0.050000
2255,347,9.8167,50.00,6.4048,0.050000
2256,347,9.3695,50.00,6.4029,0.050000
2262,348,9.3310,50.00,13.0399,0.050000
2263,348,11.2066,50.00,6.6296,0.050000
2264,348,10.4553,50.00,7.0828,0.050000
2265,348,8.9895,50.00,9.6663,0.050000
2266,349,9.5317,50.00,8.8886,0.050000
2267,349,9.2229,50.00,6.4893,0.050000
2268,349,9.1450,50.00,13.2754,0.050000
2269,349,10.1378,50.00,7.5730,0.050000
2275,350,9.9173,50.00,7.2963,0.050000
2276,350,9.7557,50.00,11.1099,0.050000
2277,350,9.6495,50.00,10.2519,0.050000
2278,350,9.0309,50.00,5.5559,0.050000
2279,351,10.5964,50.00,7.3729,0.050000
2280,351,9.5535,50.00,9.2075,0.050000
2281,351,8.5950,50.00,15.8177,0.050000
2282,351,8.8936,50.00,8.7692,0.050000
2288,352,9.6531,50.00,12.0634,0.050000
2289,352,10.1155,50.00,9.3953,0.050000
2290,352,9.9402,50.00,6.7690,0.050000
2291,352,9.0309,50.00,5.4021,0.050000
2292,353,10.8914,50.00,10.6636,0.050000
2293,353,11.0731,50.00,8.7366,0.050000
2294,353,9.8912,50.00,5.1826,0.050000
2295,353,10.2990,50.00,6.5729,0.050000
2301,354,9.5732,50.00,6.8796,0.050000
2302,354,10.2655,50.00,7.0674,0.050000
2303,354,9.5126,50.00,6.9552,0.050000
2304,354,11.8194,50.00,7.0519,0.050000
2305,355,10.5350,50.00,9.5748,0.050000
2306,355,10.3488,50.00,9.0304,0.050000
2307,355,10.6344,50.00,8.7565,0.050000
2308,355,10.0598,50.00,8.2386,0.050000
2314,356,8.9477,50.00,10.5042,0.050000
2315,356,9.6315,50.00,8.9038,0.050000
2316,356,9.4769,50.00,7.8391,0.050000
2317,356,10.2399,50.00,9.2486,0.050000
2318,357,7.5381,50.00,13.1640,0.050000
2319,357,9.5509,50.00,7.3856,0.050000
2320,357,9.9162,50.00,7.1801,0.050000
2321,357,9.5050,50.00,11.1528,0.050000
2327,358,10.1982,50.00,4.8120,0.050000
2328,358,9.9285,50.00,7.4684,0.050000
2329,358,9.2642,50.00,7.4761,0.050000
2330,358,9.8848,50.00,9.8305,0.050000
2331,359,11.8052,50.00,4.4037,0.050000
2332,359,9.5117,50.00,9.0131,0.050000
2333,359,10.9792,50.00,8.7838,0.050000
2334,359,9.9493,50.00,11.1010,0.050000
2340,360,9.6990,50.00,6.1219,0.050000
2341,360,10.6318,50.00,8.2365,0.050000
2342,360,10.4472,50.00,8.6058,0.050000
2343,360,10.0643,50.00,10.0798,0.050000
2344,361,9.8101,50.00,4.5984,0.050000
2345,361,8.6672,50.00,8.2594,0.050000
2346,361,10.1081,50.00,10.5257,0.050000
2347,361,9.5885,50.00,8.4120,0.050000
2353,362,9.5362,50.00,10.3535,0.050000
2354,362,11.4666,50.00,8.4652,0.050000
2355,362,8.9466,50.00,6.4236,0.050000
2356,362,11.8368,50.00,5.0596,0.050000
2357,363,10.9813,50.00,8.8367,0.050000
2358,363,9.7160,50.00,9.8368,0.050000
2359,363,9.0290,50.00,11.2424,0.050000
2360,363,9.5317,50.00,8.6886,0.050000
2366,364,10.1765,50.00,7.4952,0.050000
2367,364,9.6979,50.00,8.0329,0.050000
2368,364,9.8483,50.00,7.9761,0.050000
2369,364,10.1181,50.00,6.8229,0.050000
2370,365,9.8191,50.00,8.4350,0.050000
2371,365,10.1746,50.00,5.2256,0.050000
2372,365,9.6726,50.00,8.4285,0.050000
2373,365,10.2383,50.00,8.3572,0.050000
2379,366,9.5118,50.00,11.2450,0.050000
2380,366,9.7046,50.00,6.7286,0.050000
2381,366,10.0885,50.00,7.6900,0.050000
2382,366,9.1024,50.00,12.2468,0.050000
2383,367,10.7366,50.00,4.4991,0.050000
2384,367,10.4441,50.00,10.9122,0.050000
2385,367,10.2229,50.00,7.3636,0.050000
2386,367,10.5454,50.00,11.1013,0.050000
2392,368,10.6255,50.00,7.4531,0.050000
2393,368,8.9286,50.00,12.0471,0.050000
2394,368,8.6320,50.00,12.9973,0.050000
2395,368,10.3053,50.00,7.5176,0.050000
2396,369,8.3615,50.00,10.6407,0.050000
2397,369,10.5025,50.00,9.9002,0.050000
2398,369,9.4795,50.00,8.0225,0.050000
2399,369,8.2791,50.00,11.2548,0.050000
2405,370,9.5317,50.00,8.6886,0.050000
2406,370,9.9932,50.00,10.4536,0.050000
2407,370,7.8389,50.00,10.5230,0.050000
2408,370,9.5716,50.00,9.9546,0.050000
2409,371,9.8693,50.00,7.1417,0.050000
2410,371,9.9068,50.00,9.5002,0.050000
2411,371,8.5041,50.00,13.0626,0.050000
2412,371,10.0509,50.00,6.0102,0.050000
2418,372,9.5317,50.00,7.6468,0.050000
2419,372,9.5698,50.00,8.8981,0.050000
2420,372,9.9560,50.00,6.1895,0.050000
2421,372,7.8788,50.00,13.7184,0.050000
2422,373,9.6783,50.00,7.2384,0.050000
2423,373,8.7012,50.00,8.0538,0.050000
2424,373,10.0003,50.00,10.0800,0.050000
2425,373,9.5677,50.00,7.7840,0.050000
2431,374,9.1539,50.00,6.3270,0.050000
2432,374,11.0465,50.00,7.8161,0.050000
2433,374,9.8243,50.00,10.4501,0.050000
2434,374,9.0950,50.00,11.7092,0.050000
2435,375,9.3616,50.00,9.7573,0.050000
2436,375,9.6437,50.00,7.0677,0.050000
2437,375,9.2816,50.00,11.3996,0.050000
2438,375,9.9856,50.00,12.5620,0.050000
2444,376,7.4670,50.00,12.2288,0.050000
2445,376,9.8313,50.00,12.5418,0.050000
2446,376,10.4800,50.00,8.5650,0.050000
2447,376,10.7421,50.00,5.4696,0.050000
2448,377,9.8932,50.00,9.5686,0.050000
2449,377,9.3856,50.00,6.8836,0.050000
2450,377,10.9879,50.00,9.6359,0.050000
2451,377,9.8953,50.00,6.4642,0.050000
2457,378,9.8407,50.00,9.4034,0.050000
2458,378,9.5509,50.00,7.1456,0.050000
2459,378,9.2700,50.00,7.5629,0.050000
2460,378,10.8203,50.00,8.7778,0.050000
2461,379,9.5317,50.00,8.9286,0.050000
2462,379,9.7595,50.00,7.3715,0.050000
2463,379,8.9334,50.00,8.1298,0.050000
2464,379,8.9334,50.00,8.0105,0.050000
2470,380,8.5194,50.00,11.3058,0.050000
2471,380,9.5867,50.00,10.1617,0.050000
2472,380,10.3467,50.00,5.7167,0.050000
2473,380,9.9109,50.00,5.7372,0.050000
2474,381,10.7438,50.00,9.9490,0.050000
2475,381,10.5907,50.00,8.4775,0.050000
2476,381,9.9912,50.00,6.4411,0.050000
2477,381,9.6931,50.00,9.5700,0.050000
2483,382,9.2913,50.00,10.0622,0.050000
2484,382,9.2634,50.00,9.5978,0.050000
2485,382,9.4991,50.00,11.7069,0.050000
2486,382,9.2469,50.00,11.6914,0.050000
2487,383,8.8053,50.00,9.7328,0.050000
2488,383,10.5282,50.00,9.5281,0.050000
2489,383,9.4980,50.00,10.6169,0.050000
2490,383,9.8396,50.00,10.7147,0.050000
2496,384,9.5131,50.00,8.7479,0.050000
2497,384,9.8543,50.00,11.7468,0.050000
2498,384,8.9854,50.00,7.5188,0.050000
2499,384,10.8097,50.00,9.1811,0.050000
2500,385,8.9719,50.00,8.0969,0.050000
2501,385,10.5004,50.00,7.9324,0.050000
2502,385,10.0202,50.00,6.6892,0.050000
2503,385,9.4613,50.00,7.6339,0.050000
2509,386,10.8692,50.00,7.6817,0.050000
2510,386,11.7935,50.00,5.0722,0.050000
2511,386,9.8037,50.00,7.2286,0.050000
2512,386,11.3202,50.00,5.2638,0.050000
2513,387,9.5182,50.00,12.4049,0.050000
2514,387,8.7337,50.00,9.4274,0.050000
2515,387,9.3027,50.00,7.9715,0.050000
2516,387,10.0039,50.00,8.2610,0.050000
2522,388,9.2634,50.00,8.1813,0.050000
2523,388,10.0839,50.00,7.0220,0.050000
2524,388,8.4009,50.00,10.6250,0.050000
2525,388,9.9447,50.00,9.2184,0.050000
2526,389,12.1286,50.00,7.2097,0.050000
2527,389,9.4541,50.00,10.8038,0.050000
2528,389,9.9018,50.00,6.8583,0.050000
2529,389,9.6393,50.00,6.6725,0.050000
2535,390,10.9799,50.00,5.4084,0.050000
2536,390,11.2615,50.00,8.5854,0.050000
2537,390,10.4141,50.00,6.3193,0.050000
2538,390,10.1764,50.00,9.1382,0.050000
2539,391,8.8108,50.00,9.2280,0.050000
2540,391,10.0332,50.00,7.7548,0.050000
2541,391,9.2229,50.00,6.4893,0.050000
2542,391,9.8671,50.00,8.8225,0.050000
2548,392,10.2320,50.00,6.0471,0.050000
2549,392,9.4453,50.00,9.2729,0.050000
2550,392,10.2192,50.00,8.0477,0.050000
2551,392,10.2490,50.00,6.1735,0.050000
2552,393,10.3444,50.00,7.8904,0.050000
2553,393,10.0837,50.00,7.5283,0.050000
2554,393,10.4689,50.00,6.8123,0.050000
2555,393,10.5455,50.00,9.5604,0.050000
2561,394,10.6885,50.00,5.5742,0.050000
2562,394,10.1300,50.00,8.5046,0.050000
2563,394,9.2850,50.00,8.6151,0.050000
2564,394,9.7283,50.00,5.4750,0.050000
2565,395,8.0029,50.00,13.7103,0.050000
2566,395,9.7350,50.00,7.4306,0.050000
2567,395,10.0540,50.00,7.4105,0.050000
2568,395,11.7071,50.00,5.3429,0.050000
2574,396,10.8613,50.00,6.2682,0.050000
2575,396,9.2911,50.00,10.1418,0.050000
2576,396,9.8682,50.00,10.5836,0.050000
2577,396,9.8974,50.00,6.6334,0.050000
2578,397,9.1507,50.00,8.8896,0.050000
2579,397,9.3306,50.00,10.9096,0.050000
2580,397,10.8933,50.00,9.3732,0.050000
2581,397,9.6070,50.00,6.8359,0.050000
2587,398,10.7427,50.00,8.3404,0.050000
2588,398,8.4193,50.00,7.8252,0.050000
2589,398,8.7494,50.00,9.7176,0.050000
2590,398,10.3066,50.00,9.3513,0.050000
2591,399,10.7155,50.00,8.6657,0.050000
2592,399,9.1606,50.00,7.9383,0.050000
2593,399,9.8238,50.00,10.3177,0.050000
2594,399,10.0456,50.00,11.3349,0.050000
