job_id,arrival_time,operations_count,operations_json
0,0.0,13,[{"start": 1.0, "end": 5.665008, "op_idx": 6, "wc": 0, "op_grp": 0, "arrival": 0.0, "duration": 4.665008}, {"start": 1.0, "end": 3.440561, "op_idx": 5, "wc": 0, "op_grp": 0, "arrival": 0.0, "duration": 2.440561}, {"start": 1.0, "end": 3.041633, "op_idx": 0, "wc": 0, "op_grp": 0, "arrival": 0.0, "duration": 2.041633}, {"start": 1.0, "end": 3.041633, "op_idx": 0, "wc": 0, "op_grp": 0, "arrival": 0.0, "duration": 2.041633}, {"start": 35.793176, "end": 37.392662, "op_idx": 1, "wc": 0, "op_grp": 0, "arrival": 0.0, "duration": 1.599486}, {"start": 35.793176, "end": 37.392662, "op_idx": 1, "wc": 0, "op_grp": 0, "arrival": 0.0, "duration": 1.599486}, {"start": 37.69166800000001, "end": 40.315577000000005, "op_idx": 7, "wc": 0, "op_grp": 0, "arrival": 0.0, "duration": 2.623909}, {"start": 41.393609, "end": 44.674054, "op_idx": 7, "wc": 0, "op_grp": 0, "arrival": 0.0, "duration": 3.280445}, {"start": 64.75619700000001, "end": 67.29734300000001, "op_idx": 0, "wc": 0, "op_grp": 0, "arrival": 0.0, "duration": 2.541146}, {"start": 64.75619700000001, "end": 67.29734300000001, "op_idx": 0, "wc": 0, "op_grp": 0, "arrival": 0.0, "duration": 2.541146}, {"start": 66.24952700000001, "end": 68.54555700000002, "op_idx": 2, "wc": 0, "op_grp": 0, "arrival": 0.0, "duration": 2.29603}, {"start": 95.157617, "end": 98.585637, "op_idx": 4, "wc": 0, "op_grp": 0, "arrival": 0.0, "duration": 3.42802}, {"start": 116.46956300000001, "end": 118.16011700000001, "op_idx": 2, "wc": 0, "op_grp": 0, "arrival": 0.0, "duration": 1.690554}]
1,0.0,11,[{"start": 3.041633, "end": 8.200379, "op_idx": 1, "wc": 0, "op_grp": 0, "arrival": 0.0, "duration": 5.158746}, {"start": 3.041633, "end": 8.200379, "op_idx": 1, "wc": 0, "op_grp": 0, "arrival": 0.0, "duration": 5.158746}, {"start": 3.440561, "end": 8.446466000000001, "op_idx": 1, "wc": 0, "op_grp": 0, "arrival": 0.0, "duration": 5.005905}, {"start": 5.665008, "end": 10.215241, "op_idx": 8, "wc": 0, "op_grp": 0, "arrival": 0.0, "duration": 4.550233}, {"start": 37.392662, "end": 39.871482, "op_idx": 0, "wc": 0, "op_grp": 0, "arrival": 0.0, "duration": 2.47882}, {"start": 37.392662, "end": 39.871482, "op_idx": 0, "wc": 0, "op_grp": 0, "arrival": 0.0, "duration": 2.47882}, {"start": 40.315577000000005, "end": 41.719098, "op_idx": 8, "wc": 0, "op_grp": 0, "arrival": 0.0, "duration": 1.403521}, {"start": 44.674054, "end": 46.833245999999995, "op_idx": 5, "wc": 0, "op_grp": 0, "arrival": 0.0, "duration": 2.159192}, {"start": 67.29734300000001, "end": 70.62198400000001, "op_idx": 5, "wc": 0, "op_grp": 0, "arrival": 0.0, "duration": 3.324641}, {"start": 67.29734300000001, "end": 70.62198400000001, "op_idx": 5, "wc": 0, "op_grp": 0, "arrival": 0.0, "duration": 3.324641}, {"start": 68.54555700000002, "end": 73.89448300000002, "op_idx": 4, "wc": 0, "op_grp": 0, "arrival": 0.0, "duration": 5.348926}]
2,0.0,13,[{"start": 8.200379, "end": 12.321715999999999, "op_idx": 8, "wc": 0, "op_grp": 0, "arrival": 0.0, "duration": 4.121337}, {"start": 8.200379, "end": 12.321715999999999, "op_idx": 8, "wc": 0, "op_grp": 0, "arrival": 0.0, "duration": 4.121337}, {"start": 8.446466000000001, "end": 11.302297000000001, "op_idx": 3, "wc": 0, "op_grp": 0, "arrival": 0.0, "duration": 2.855831}, {"start": 10.215241, "end": 14.635946, "op_idx": 6, "wc": 0, "op_grp": 0, "arrival": 0.0, "duration": 4.420705}, {"start": 39.871482, "end": 42.525127, "op_idx": 3, "wc": 0, "op_grp": 0, "arrival": 0.0, "duration": 2.653645}, {"start": 39.871482, "end": 42.525127, "op_idx": 3, "wc": 0, "op_grp": 0, "arrival": 0.0, "duration": 2.653645}, {"start": 41.719098, "end": 43.659572000000004, "op_idx": 5, "wc": 0, "op_grp": 0, "arrival": 0.0, "duration": 1.940474}, {"start": 46.833245999999995, "end": 51.18175899999999, "op_idx": 0, "wc": 0, "op_grp": 0, "arrival": 0.0, "duration": 4.348513}, {"start": 73.89448300000002, "end": 74.99949000000002, "op_idx": 3, "wc": 0, "op_grp": 0, "arrival": 0.0, "duration": 1.105007}, {"start": 75.65198699999999, "end": 77.72255299999999, "op_idx": 3, "wc": 0, "op_grp": 0, "arrival": 0.0, "duration": 2.070566}, {"start": 90.67193499999999, "end": 92.085962, "op_idx": 1, "wc": 0, "op_grp": 0, "arrival": 0.0, "duration": 1.414027}, {"start": 98.585637, "end": 103.19323200000001, "op_idx": 2, "wc": 0, "op_grp": 0, "arrival": 0.0, "duration": 4.607595}, {"start": 118.16011700000001, "end": 122.29805300000001, "op_idx": 8, "wc": 0, "op_grp": 0, "arrival": 0.0, "duration": 4.137936}]
3,0.0,15,[{"start": 11.302297000000001, "end": 13.636456, "op_idx": 7, "wc": 0, "op_grp": 0, "arrival": 0.0, "duration": 2.334159}, {"start": 12.321715999999999, "end": 17.605321999999997, "op_idx": 7, "wc": 0, "op_grp": 0, "arrival": 0.0, "duration": 5.283606}, {"start": 12.321715999999999, "end": 17.605321999999997, "op_idx": 7, "wc": 0, "op_grp": 0, "arrival": 0.0, "duration": 5.283606}, {"start": 14.635946, "end": 18.869669000000002, "op_idx": 1, "wc": 0, "op_grp": 0, "arrival": 0.0, "duration": 4.233723}, {"start": 42.525127, "end": 47.768364, "op_idx": 3, "wc": 0, "op_grp": 0, "arrival": 0.0, "duration": 5.243237}, {"start": 42.525127, "end": 47.768364, "op_idx": 3, "wc": 0, "op_grp": 0, "arrival": 0.0, "duration": 5.243237}, {"start": 43.659572000000004, "end": 48.076063000000005, "op_idx": 0, "wc": 0, "op_grp": 0, "arrival": 0.0, "duration": 4.416491}, {"start": 51.18175899999999, "end": 52.96008799999999, "op_idx": 1, "wc": 0, "op_grp": 0, "arrival": 0.0, "duration": 1.778329}, {"start": 70.62198400000001, "end": 72.79194500000001, "op_idx": 8, "wc": 0, "op_grp": 0, "arrival": 0.0, "duration": 2.169961}, {"start": 70.62198400000001, "end": 72.79194500000001, "op_idx": 8, "wc": 0, "op_grp": 0, "arrival": 0.0, "duration": 2.169961}, {"start": 74.99949000000002, "end": 76.40082300000002, "op_idx": 1, "wc": 0, "op_grp": 0, "arrival": 0.0, "duration": 1.401333}, {"start": 85.82362800000001, "end": 89.05510900000002, "op_idx": 2, "wc": 0, "op_grp": 0, "arrival": 0.0, "duration": 3.231481}, {"start": 85.82362800000001, "end": 89.05510900000002, "op_idx": 2, "wc": 0, "op_grp": 0, "arrival": 0.0, "duration": 3.231481}, {"start": 103.19323200000001, "end": 105.82454700000001, "op_idx": 2, "wc": 0, "op_grp": 0, "arrival": 0.0, "duration": 2.631315}, {"start": 122.29805300000001, "end": 123.88025600000002, "op_idx": 2, "wc": 0, "op_grp": 0, "arrival": 0.0, "duration": 1.582203}]
4,0.0,18,[{"start": 13.636456, "end": 18.738067, "op_idx": 2, "wc": 0, "op_grp": 0, "arrival": 0.0, "duration": 5.101611}, {"start": 17.605321999999997, "end": 19.987598999999996, "op_idx": 3, "wc": 0, "op_grp": 0, "arrival": 0.0, "duration": 2.382277}, {"start": 17.605321999999997, "end": 19.987598999999996, "op_idx": 3, "wc": 0, "op_grp": 0, "arrival": 0.0, "duration": 2.382277}, {"start": 18.869669000000002, "end": 23.683293000000003, "op_idx": 1, "wc": 0, "op_grp": 0, "arrival": 0.0, "duration": 4.813624}, {"start": 47.768364, "end": 50.081286, "op_idx": 7, "wc": 0, "op_grp": 0, "arrival": 0.0, "duration": 2.312922}, {"start": 47.768364, "end": 50.081286, "op_idx": 7, "wc": 0, "op_grp": 0, "arrival": 0.0, "duration": 2.312922}, {"start": 48.076063000000005, "end": 51.852647000000005, "op_idx": 6, "wc": 0, "op_grp": 0, "arrival": 0.0, "duration": 3.776584}, {"start": 52.96008799999999, "end": 57.53593699999999, "op_idx": 7, "wc": 0, "op_grp": 0, "arrival": 0.0, "duration": 4.575849}, {"start": 72.79194500000001, "end": 74.03258900000002, "op_idx": 6, "wc": 0, "op_grp": 0, "arrival": 0.0, "duration": 1.240644}, {"start": 72.79194500000001, "end": 74.03258900000002, "op_idx": 6, "wc": 0, "op_grp": 0, "arrival": 0.0, "duration": 1.240644}, {"start": 76.40082300000002, "end": 78.91292100000001, "op_idx": 6, "wc": 0, "op_grp": 0, "arrival": 0.0, "duration": 2.512098}, {"start": 77.72255299999999, "end": 81.54283899999999, "op_idx": 8, "wc": 0, "op_grp": 0, "arrival": 0.0, "duration": 3.820286}, {"start": 89.05510900000002, "end": 92.77230100000001, "op_idx": 3, "wc": 0, "op_grp": 0, "arrival": 0.0, "duration": 3.717192}, {"start": 89.05510900000002, "end": 92.77230100000001, "op_idx": 3, "wc": 0, "op_grp": 0, "arrival": 0.0, "duration": 3.717192}, {"start": 101.47695, "end": 104.731916, "op_idx": 1, "wc": 0, "op_grp": 0, "arrival": 0.0, "duration": 3.254966}, {"start": 101.47695, "end": 104.731916, "op_idx": 1, "wc": 0, "op_grp": 0, "arrival": 0.0, "duration": 3.254966}, {"start": 105.82454700000001, "end": 107.18053200000001, "op_idx": 7, "wc": 0, "op_grp": 0, "arrival": 0.0, "duration": 1.355985}, {"start": 123.88025600000002, "end": 126.30622800000002, "op_idx": 8, "wc": 0, "op_grp": 0, "arrival": 0.0, "duration": 2.425972}]
5,0.0,11,[{"start": 18.738067, "end": 23.587831, "op_idx": 4, "wc": 0, "op_grp": 0, "arrival": 0.0, "duration": 4.849764}, {"start": 19.987598999999996, "end": 21.291345999999997, "op_idx": 6, "wc": 0, "op_grp": 0, "arrival": 0.0, "duration": 1.303747}, {"start": 19.987598999999996, "end": 21.291345999999997, "op_idx": 6, "wc": 0, "op_grp": 0, "arrival": 0.0, "duration": 1.303747}, {"start": 23.683293000000003, "end": 26.170678000000002, "op_idx": 8, "wc": 0, "op_grp": 0, "arrival": 0.0, "duration": 2.487385}, {"start": 50.081286, "end": 52.367421, "op_idx": 5, "wc": 0, "op_grp": 0, "arrival": 0.0, "duration": 2.286135}, {"start": 50.081286, "end": 52.367421, "op_idx": 5, "wc": 0, "op_grp": 0, "arrival": 0.0, "duration": 2.286135}, {"start": 51.852647000000005, "end": 56.088961000000005, "op_idx": 0, "wc": 0, "op_grp": 0, "arrival": 0.0, "duration": 4.236314}, {"start": 57.53593699999999, "end": 62.09254999999999, "op_idx": 8, "wc": 0, "op_grp": 0, "arrival": 0.0, "duration": 4.556613}, {"start": 78.91292100000001, "end": 82.751169, "op_idx": 1, "wc": 0, "op_grp": 0, "arrival": 0.0, "duration": 3.838248}, {"start": 81.54283899999999, "end": 83.43078899999999, "op_idx": 6, "wc": 0, "op_grp": 0, "arrival": 0.0, "duration": 1.88795}, {"start": 107.18053200000001, "end": 112.09841600000001, "op_idx": 8, "wc": 0, "op_grp": 0, "arrival": 0.0, "duration": 4.917884}]
6,0.0,17,[{"start": 21.291345999999997, "end": 26.300275, "op_idx": 6, "wc": 0, "op_grp": 0, "arrival": 0.0, "duration": 5.008929}, {"start": 21.291345999999997, "end": 26.300275, "op_idx": 6, "wc": 0, "op_grp": 0, "arrival": 0.0, "duration": 5.008929}, {"start": 23.587831, "end": 28.528835, "op_idx": 8, "wc": 0, "op_grp": 0, "arrival": 0.0, "duration": 4.941004}, {"start": 26.170678000000002, "end": 29.293902000000003, "op_idx": 5, "wc": 0, "op_grp": 0, "arrival": 0.0, "duration": 3.123224}, {"start": 52.367421, "end": 54.484535, "op_idx": 7, "wc": 0, "op_grp": 0, "arrival": 0.0, "duration": 2.117114}, {"start": 52.367421, "end": 54.484535, "op_idx": 7, "wc": 0, "op_grp": 0, "arrival": 0.0, "duration": 2.117114}, {"start": 56.088961000000005, "end": 57.687274, "op_idx": 1, "wc": 0, "op_grp": 0, "arrival": 0.0, "duration": 1.598313}, {"start": 62.09254999999999, "end": 65.50606599999999, "op_idx": 3, "wc": 0, "op_grp": 0, "arrival": 0.0, "duration": 3.413516}, {"start": 74.03258900000002, "end": 75.74031500000001, "op_idx": 0, "wc": 0, "op_grp": 0, "arrival": 0.0, "duration": 1.707726}, {"start": 74.03258900000002, "end": 75.74031500000001, "op_idx": 0, "wc": 0, "op_grp": 0, "arrival": 0.0, "duration": 1.707726}, {"start": 82.751169, "end": 86.916728, "op_idx": 4, "wc": 0, "op_grp": 0, "arrival": 0.0, "duration": 4.165559}, {"start": 83.43078899999999, "end": 88.00369599999999, "op_idx": 4, "wc": 0, "op_grp": 0, "arrival": 0.0, "duration": 4.572907}, {"start": 92.77230100000001, "end": 95.97007, "op_idx": 1, "wc": 0, "op_grp": 0, "arrival": 0.0, "duration": 3.197769}, {"start": 92.77230100000001, "end": 95.97007, "op_idx": 1, "wc": 0, "op_grp": 0, "arrival": 0.0, "duration": 3.197769}, {"start": 104.731916, "end": 110.075495, "op_idx": 0, "wc": 0, "op_grp": 0, "arrival": 0.0, "duration": 5.343579}, {"start": 104.731916, "end": 110.075495, "op_idx": 0, "wc": 0, "op_grp": 0, "arrival": 0.0, "duration": 5.343579}, {"start": 112.09841600000001, "end": 116.46956300000001, "op_idx": 6, "wc": 0, "op_grp": 0, "arrival": 0.0, "duration": 4.371147}]
7,0.0,18,[{"start": 26.300275, "end": 28.428171, "op_idx": 5, "wc": 0, "op_grp": 0, "arrival": 0.0, "duration": 2.127896}, {"start": 26.300275, "end": 28.428171, "op_idx": 5, "wc": 0, "op_grp": 0, "arrival": 0.0, "duration": 2.127896}, {"start": 28.528835, "end": 33.485115, "op_idx": 5, "wc": 0, "op_grp": 0, "arrival": 0.0, "duration": 4.95628}, {"start": 29.293902000000003, "end": 32.802276000000006, "op_idx": 7, "wc": 0, "op_grp": 0, "arrival": 0.0, "duration": 3.508374}, {"start": 54.484535, "end": 58.472317000000004, "op_idx": 1, "wc": 0, "op_grp": 0, "arrival": 0.0, "duration": 3.987782}, {"start": 54.484535, "end": 58.472317000000004, "op_idx": 1, "wc": 0, "op_grp": 0, "arrival": 0.0, "duration": 3.987782}, {"start": 57.687274, "end": 62.102454, "op_idx": 0, "wc": 0, "op_grp": 0, "arrival": 0.0, "duration": 4.41518}, {"start": 65.50606599999999, "end": 67.96240099999999, "op_idx": 7, "wc": 0, "op_grp": 0, "arrival": 0.0, "duration": 2.456335}, {"start": 75.74031500000001, "end": 80.11507100000001, "op_idx": 3, "wc": 0, "op_grp": 0, "arrival": 0.0, "duration": 4.374756}, {"start": 75.74031500000001, "end": 80.11507100000001, "op_idx": 3, "wc": 0, "op_grp": 0, "arrival": 0.0, "duration": 4.374756}, {"start": 86.916728, "end": 90.133277, "op_idx": 4, "wc": 0, "op_grp": 0, "arrival": 0.0, "duration": 3.216549}, {"start": 88.00369599999999, "end": 89.56074399999999, "op_idx": 8, "wc": 0, "op_grp": 0, "arrival": 0.0, "duration": 1.557048}, {"start": 92.085962, "end": 94.152796, "op_idx": 7, "wc": 0, "op_grp": 0, "arrival": 0.0, "duration": 2.066834}, {"start": 95.0, "end": 97.928158, "op_idx": 1, "wc": 0, "op_grp": 0, "arrival": 0.0, "duration": 2.928158}, {"start": 95.97007, "end": 98.078862, "op_idx": 3, "wc": 0, "op_grp": 0, "arrival": 0.0, "duration": 2.108792}, {"start": 95.97007, "end": 98.078862, "op_idx": 3, "wc": 0, "op_grp": 0, "arrival": 0.0, "duration": 2.108792}, {"start": 110.075495, "end": 114.30579900000001, "op_idx": 3, "wc": 0, "op_grp": 0, "arrival": 0.0, "duration": 4.230304}, {"start": 110.075495, "end": 114.30579900000001, "op_idx": 3, "wc": 0, "op_grp": 0, "arrival": 0.0, "duration": 4.230304}]
8,0.0,16,[{"start": 28.428171, "end": 31.099778, "op_idx": 2, "wc": 0, "op_grp": 0, "arrival": 0.0, "duration": 2.671607}, {"start": 28.428171, "end": 31.099778, "op_idx": 2, "wc": 0, "op_grp": 0, "arrival": 0.0, "duration": 2.671607}, {"start": 32.802276000000006, "end": 36.143964000000004, "op_idx": 8, "wc": 0, "op_grp": 0, "arrival": 0.0, "duration": 3.341688}, {"start": 33.485115, "end": 38.103752, "op_idx": 3, "wc": 0, "op_grp": 0, "arrival": 0.0, "duration": 4.618637}, {"start": 58.472317000000004, "end": 62.28785500000001, "op_idx": 6, "wc": 0, "op_grp": 0, "arrival": 0.0, "duration": 3.815538}, {"start": 58.472317000000004, "end": 62.28785500000001, "op_idx": 6, "wc": 0, "op_grp": 0, "arrival": 0.0, "duration": 3.815538}, {"start": 62.102454, "end": 65.03248500000001, "op_idx": 1, "wc": 0, "op_grp": 0, "arrival": 0.0, "duration": 2.930031}, {"start": 67.96240099999999, "end": 72.76576299999999, "op_idx": 1, "wc": 0, "op_grp": 0, "arrival": 0.0, "duration": 4.803362}, {"start": 80.11507100000001, "end": 83.93590100000002, "op_idx": 2, "wc": 0, "op_grp": 0, "arrival": 0.0, "duration": 3.82083}, {"start": 80.11507100000001, "end": 83.93590100000002, "op_idx": 2, "wc": 0, "op_grp": 0, "arrival": 0.0, "duration": 3.82083}, {"start": 89.56074399999999, "end": 90.67193499999999, "op_idx": 5, "wc": 0, "op_grp": 0, "arrival": 0.0, "duration": 1.111191}, {"start": 90.133277, "end": 91.324329, "op_idx": 4, "wc": 0, "op_grp": 0, "arrival": 0.0, "duration": 1.191052}, {"start": 98.078862, "end": 101.47695, "op_idx": 4, "wc": 0, "op_grp": 0, "arrival": 0.0, "duration": 3.398088}, {"start": 98.078862, "end": 101.47695, "op_idx": 4, "wc": 0, "op_grp": 0, "arrival": 0.0, "duration": 3.398088}, {"start": 114.30579900000001, "end": 115.77738400000001, "op_idx": 7, "wc": 0, "op_grp": 0, "arrival": 0.0, "duration": 1.471585}, {"start": 114.30579900000001, "end": 115.77738400000001, "op_idx": 7, "wc": 0, "op_grp": 0, "arrival": 0.0, "duration": 1.471585}]
9,0.0,11,[{"start": 31.099778, "end": 35.793176, "op_idx": 1, "wc": 0, "op_grp": 0, "arrival": 0.0, "duration": 4.693398}, {"start": 31.099778, "end": 35.793176, "op_idx": 1, "wc": 0, "op_grp": 0, "arrival": 0.0, "duration": 4.693398}, {"start": 36.143964000000004, "end": 37.69166800000001, "op_idx": 2, "wc": 0, "op_grp": 0, "arrival": 0.0, "duration": 1.547704}, {"start": 38.103752, "end": 41.393609, "op_idx": 8, "wc": 0, "op_grp": 0, "arrival": 0.0, "duration": 3.289857}, {"start": 62.28785500000001, "end": 64.75619700000001, "op_idx": 7, "wc": 0, "op_grp": 0, "arrival": 0.0, "duration": 2.468342}, {"start": 62.28785500000001, "end": 64.75619700000001, "op_idx": 7, "wc": 0, "op_grp": 0, "arrival": 0.0, "duration": 2.468342}, {"start": 65.03248500000001, "end": 66.24952700000001, "op_idx": 5, "wc": 0, "op_grp": 0, "arrival": 0.0, "duration": 1.217042}, {"start": 72.76576299999999, "end": 75.65198699999999, "op_idx": 3, "wc": 0, "op_grp": 0, "arrival": 0.0, "duration": 2.886224}, {"start": 83.93590100000002, "end": 85.82362800000001, "op_idx": 8, "wc": 0, "op_grp": 0, "arrival": 0.0, "duration": 1.887727}, {"start": 83.93590100000002, "end": 85.82362800000001, "op_idx": 8, "wc": 0, "op_grp": 0, "arrival": 0.0, "duration": 1.887727}, {"start": 91.324329, "end": 95.157617, "op_idx": 2, "wc": 0, "op_grp": 0, "arrival": 0.0, "duration": 3.833288}]
