epoch,machine,capability,raw_util,adjusted_util
0,0,5,0.30435,0.280002
0,1,3,0.29305000000000003,0.44934333333333343
0,2,5,0.53375,0.49104999999999993
0,3,4,0.44079999999999997,0.5069199999999999
0,4,6,0.6565000000000001,0.5033166666666666
1,0,5,0.33355,0.30686599999999997
1,1,3,0.2852,0.4373066666666667
1,2,5,0.5242,0.4822639999999999
1,3,4,0.42224999999999996,0.48558749999999995
1,4,6,0.6985,0.5355166666666666
2,0,5,0.30615000000000003,0.28165799999999996
2,1,3,0.2642,0.4051066666666667
2,2,5,0.57235,0.526562
2,3,4,0.45075,0.5183625
2,4,6,0.67305,0.516005
3,0,5,0.3754,0.34536799999999995
3,1,3,0.34365,0.52693
3,2,5,0.5715,0.5257799999999999
3,3,4,0.37395,0.43004249999999994
3,4,6,0.66795,0.512095
4,0,5,0.34290000000000004,0.31546799999999997
4,1,3,0.20375000000000001,0.3124166666666667
4,2,5,0.59765,0.5498379999999999
4,3,4,0.36164999999999997,0.4158974999999999
4,4,6,0.61975,0.47514166666666663
5,0,5,0.42495,0.3909539999999999
5,1,3,0.21335000000000004,0.3271366666666667
5,2,5,0.5931,0.5456519999999999
5,3,4,0.36955,0.42498249999999993
5,4,6,0.5906500000000001,0.45283166666666674
6,0,5,0.28975,0.26657
6,1,3,0.28075000000000006,0.4304833333333334
6,2,5,0.61785,0.568422
6,3,4,0.36615,0.4210724999999999
6,4,6,0.5593000000000001,0.4287966666666667
7,0,5,0.42535,0.39132199999999995
7,1,3,0.29395000000000004,0.45072333333333336
7,2,5,0.5708,0.5251359999999999
7,3,4,0.32030000000000003,0.368345
7,4,6,0.6266499999999999,0.48043166666666665
8,0,5,0.36765000000000003,0.338238
8,1,3,0.3516,0.53912
8,2,5,0.50495,0.46455399999999997
8,3,4,0.4292,0.49357999999999996
8,4,6,0.6555500000000001,0.5025883333333333
9,0,5,0.36315000000000003,0.33409799999999995
9,1,3,0.30795,0.47219
9,2,5,0.5950500000000001,0.5474459999999999
9,3,4,0.3542,0.40732999999999997
9,4,6,0.5796000000000001,0.44436000000000003
10,0,5,0.35595000000000004,0.327474
10,1,3,0.29650000000000004,0.45463333333333333
10,2,5,0.54,0.4967999999999999
10,3,4,0.39,0.44849999999999995
10,4,6,0.6225,0.47725
11,0,5,0.36845000000000006,0.338974
11,1,3,0.32285,0.4950366666666667
11,2,5,0.52815,0.48589799999999994
11,3,4,0.40475,0.46546249999999995
11,4,6,0.6479,0.49672333333333335
12,0,5,0.3447,0.31712399999999996
12,1,3,0.26245,0.4024233333333333
12,2,5,0.5467,0.502964
12,3,4,0.5004,0.57546
12,4,6,0.6136,0.4704266666666667
13,0,5,0.3711,0.34141199999999994
13,1,3,0.32705,0.5014766666666667
13,2,5,0.49405,0.45452599999999993
13,3,4,0.45810000000000006,0.526815
13,4,6,0.5699000000000001,0.43692333333333344
14,0,5,0.37105,0.34136599999999995
14,1,3,0.28600000000000003,0.4385333333333334
14,2,5,0.5094000000000001,0.4686479999999999
14,3,4,0.49054999999999993,0.5641324999999999
14,4,6,0.5664,0.43423999999999996
15,0,5,0.43425,0.39951
15,1,3,0.31920000000000004,0.48944000000000004
15,2,5,0.47995,0.44155399999999995
15,3,4,0.42355,0.4870824999999999
15,4,6,0.60415,0.46318166666666666
16,0,5,0.43510000000000004,0.400292
16,1,3,0.29825,0.4573166666666667
16,2,5,0.5642499999999999,0.5191099999999998
16,3,4,0.43005,0.4945575
16,4,6,0.6189,0.47449
17,0,5,0.3273,0.30111599999999994
17,1,3,0.22035000000000002,0.33787
17,2,5,0.58135,0.5348419999999999
17,3,4,0.45625,0.5246875
17,4,6,0.6188,0.47441333333333335
18,0,5,0.3275,0.3013
18,1,3,0.29475,0.45195
18,2,5,0.61965,0.5700779999999999
18,3,4,0.44665,0.5136475
18,4,6,0.66525,0.510025
19,0,5,0.39815,0.36629799999999996
19,1,3,0.23620000000000002,0.36217333333333335
19,2,5,0.522,0.48024
19,3,4,0.46735,0.5374524999999999
19,4,6,0.61275,0.46977500000000005
20,0,5,0.36150000000000004,0.33258
20,1,3,0.31055,0.4761766666666667
20,2,5,0.5617500000000001,0.51681
20,3,4,0.43274999999999997,0.4976624999999999
20,4,6,0.6206,0.4757933333333333
21,0,5,0.30295,0.27871399999999996
21,1,3,0.2579,0.3954466666666667
21,2,5,0.5165500000000001,0.475226
21,3,4,0.46685,0.5368774999999999
21,4,6,0.639,0.4899
22,0,5,0.37360000000000004,0.34371199999999996
22,1,3,0.228,0.3496
22,2,5,0.49115,0.4518579999999999
22,3,4,0.49965000000000004,0.5745975
22,4,6,0.60745,0.4657116666666667
23,0,5,0.33530000000000004,0.308476
23,1,3,0.32535000000000003,0.49887000000000004
23,2,5,0.49135,0.45204199999999994
23,3,4,0.4441,0.5107149999999999
23,4,6,0.65475,0.5019750000000001
24,0,5,0.38045,0.35001399999999994
24,1,3,0.23085,0.35397
24,2,5,0.57685,0.5307019999999999
24,3,4,0.43074999999999997,0.49536249999999993
24,4,6,0.6346,0.48652666666666666
25,0,5,0.3236,0.2977119999999999
25,1,3,0.3044,0.4667466666666667
25,2,5,0.5705500000000001,0.524906
25,3,4,0.45999999999999996,0.5289999999999999
25,4,6,0.5715500000000001,0.4381883333333334
26,0,5,0.3822,0.35162399999999994
26,1,3,0.2247,0.34454
26,2,5,0.53855,0.4954659999999999
26,3,4,0.45904999999999996,0.5279074999999999
26,4,6,0.56365,0.4321316666666667
27,0,5,0.358,0.32936
27,1,3,0.29040000000000005,0.44528
27,2,5,0.5176499999999999,0.4762379999999999
27,3,4,0.45594999999999997,0.5243424999999999
27,4,6,0.6144000000000001,0.47104
28,0,5,0.42965000000000003,0.39527799999999996
28,1,3,0.2631,0.40342
28,2,5,0.60365,0.5553579999999999
28,3,4,0.38159999999999994,0.43883999999999995
28,4,6,0.57335,0.43956833333333334
29,0,5,0.40349999999999997,0.37121999999999994
29,1,3,0.28600000000000003,0.43853333333333333
29,2,5,0.5689000000000001,0.523388
29,3,4,0.4213,0.48449499999999995
29,4,6,0.625,0.47916666666666663
30,0,5,0.3808,0.3503359999999999
30,1,3,0.25095,0.38479
30,2,5,0.5112000000000001,0.47030399999999994
30,3,4,0.4598,0.52877
30,4,6,0.6479,0.4967233333333333
31,0,5,0.42180000000000006,0.38805599999999996
31,1,3,0.26215,0.40196333333333334
31,2,5,0.5561,0.511612
31,3,4,0.44005,0.5060574999999999
31,4,6,0.63895,0.48986166666666664
32,0,5,0.37175,0.34201
32,1,3,0.2109,0.32338
32,2,5,0.6384000000000001,0.587328
32,3,4,0.4478,0.5149699999999999
32,4,6,0.64785,0.49668499999999993
33,0,5,0.30625,0.28174999999999994
33,1,3,0.32070000000000004,0.49174000000000007
33,2,5,0.5169,0.47554799999999997
33,3,4,0.44294999999999995,0.5093924999999999
33,4,6,0.66105,0.5068050000000001
34,0,5,0.34145,0.3141339999999999
34,1,3,0.30000000000000004,0.4600000000000001
34,2,5,0.47235,0.4345619999999999
34,3,4,0.39725,0.4568374999999999
34,4,6,0.6722999999999999,0.5154299999999999
35,0,5,0.34140000000000004,0.3140879999999999
35,1,3,0.25620000000000004,0.39284
35,2,5,0.5098,0.46901599999999993
35,3,4,0.47519999999999996,0.5464799999999999
35,4,6,0.64865,0.49729833333333334
36,0,5,0.41645000000000004,0.383134
36,1,3,0.2702,0.4143066666666667
36,2,5,0.57225,0.5264699999999999
36,3,4,0.39145,0.45016749999999994
36,4,6,0.6022500000000001,0.461725
37,0,5,0.33955,0.31238599999999994
37,1,3,0.23870000000000002,0.3660066666666667
37,2,5,0.5114000000000001,0.470488
37,3,4,0.4204,0.48345999999999995
37,4,6,0.67995,0.521295
38,0,5,0.36565000000000003,0.336398
38,1,3,0.29125,0.44658333333333333
38,2,5,0.5941000000000001,0.546572
38,3,4,0.42269999999999996,0.48610499999999995
38,4,6,0.61895,0.47452833333333333
39,0,5,0.3668,0.337456
39,1,3,0.3035,0.4653666666666667
39,2,5,0.64905,0.5971259999999999
39,3,4,0.37115,0.42682249999999994
39,4,6,0.618,0.4738
40,0,5,0.38585,0.35498199999999996
40,1,3,0.26655,0.40871
40,2,5,0.5319499999999999,0.48939399999999994
40,3,4,0.396,0.4553999999999999
40,4,6,0.5959500000000001,0.45689500000000005
41,0,5,0.49195000000000005,0.45259399999999994
41,1,3,0.22035000000000002,0.33787
41,2,5,0.57115,0.525458
41,3,4,0.3699,0.425385
41,4,6,0.603,0.46230000000000004
42,0,5,0.39990000000000003,0.36790799999999996
42,1,3,0.25630000000000003,0.39299333333333336
42,2,5,0.5875,0.5405
42,3,4,0.36955,0.42498249999999993
42,4,6,0.6687,0.51267
43,0,5,0.3325,0.3059
43,1,3,0.29305000000000003,0.4493433333333333
43,2,5,0.5885499999999999,0.5414659999999999
43,3,4,0.3655,0.42032499999999995
43,4,6,0.6898,0.5288466666666667
44,0,5,0.36240000000000006,0.333408
44,1,3,0.22820000000000001,0.3499066666666667
44,2,5,0.6135,0.5644199999999999
44,3,4,0.37225,0.42808749999999995
44,4,6,0.5847500000000001,0.4483083333333334
45,0,5,0.37805,0.34780599999999995
45,1,3,0.20025,0.30705
45,2,5,0.59265,0.5452379999999999
45,3,4,0.44445,0.5111175
45,4,6,0.6042000000000001,0.4632200000000001
46,0,5,0.40240000000000004,0.370208
46,1,3,0.2713,0.4159933333333333
46,2,5,0.5743499999999999,0.5284019999999999
46,3,4,0.33235,0.38220249999999995
46,4,6,0.6285000000000001,0.48185
47,0,5,0.3518,0.32365599999999994
47,1,3,0.26235,0.40227
47,2,5,0.58565,0.5387979999999999
47,3,4,0.34855,0.4008324999999999
47,4,6,0.6758,0.5181133333333333
48,0,5,0.34650000000000003,0.31877999999999995
48,1,3,0.26155,0.40104333333333336
48,2,5,0.52275,0.48092999999999997
48,3,4,0.415,0.4772499999999999
48,4,6,0.6119,0.4691233333333333
49,0,5,0.37170000000000003,0.34196399999999993
49,1,3,0.2388,0.36616000000000004
49,2,5,0.64205,0.5906859999999999
49,3,4,0.4507,0.518305
49,4,6,0.6188,0.47441333333333335
50,0,5,0.40080000000000005,0.36873599999999995
50,1,3,0.29555000000000003,0.45317666666666667
50,2,5,0.6094,0.560648
50,3,4,0.3828,0.44021999999999994
50,4,6,0.6443000000000001,0.49396333333333337
51,0,5,0.4418500000000001,0.406502
51,1,3,0.224,0.3434666666666667
51,2,5,0.57965,0.5332779999999999
51,3,4,0.33645,0.38691749999999997
51,4,6,0.67405,0.5167716666666666
52,0,5,0.3517,0.32356399999999996
52,1,3,0.29475,0.45194999999999996
52,2,5,0.55905,0.514326
52,3,4,0.36169999999999997,0.4159549999999999
52,4,6,0.70185,0.5380849999999999
53,0,5,0.3579,0.32926799999999995
53,1,3,0.29555000000000003,0.4531766666666667
53,2,5,0.5761499999999999,0.5300579999999999
53,3,4,0.3851,0.44286499999999995
53,4,6,0.5969500000000001,0.4576616666666667
54,0,5,0.34450000000000003,0.31694
54,1,3,0.29205000000000003,0.44781000000000004
54,2,5,0.5297499999999999,0.48736999999999997
54,3,4,0.35109999999999997,0.40376499999999993
54,4,6,0.7448999999999999,0.57109
55,0,5,0.43310000000000004,0.3984519999999999
55,1,3,0.2992,0.4587733333333333
55,2,5,0.5575,0.5128999999999999
55,3,4,0.34704999999999997,0.39910749999999995
55,4,6,0.6705,0.51405
56,0,5,0.3624,0.333408
56,1,3,0.3095,0.4745666666666667
56,2,5,0.5546500000000001,0.510278
56,3,4,0.39189999999999997,0.4506849999999999
56,4,6,0.7045,0.5401166666666667
57,0,5,0.4294,0.39504799999999995
57,1,3,0.26770000000000005,0.41047333333333336
57,2,5,0.52225,0.48046999999999995
57,3,4,0.35955,0.4134825
57,4,6,0.7573,0.5805966666666666
58,0,5,0.37720000000000004,0.347024
58,1,3,0.30615000000000003,0.46943
58,2,5,0.42890000000000006,0.394588
58,3,4,0.32830000000000004,0.37754499999999996
58,4,6,0.73195,0.5611616666666667
59,0,5,0.3552,0.32678399999999996
59,1,3,0.2852,0.4373066666666667
59,2,5,0.50015,0.46013799999999994
59,3,4,0.38054999999999994,0.4376324999999999
59,4,6,0.66365,0.5087983333333332
60,0,5,0.4034,0.37112799999999996
60,1,3,0.3184,0.48821333333333333
60,2,5,0.5105,0.4696599999999999
60,3,4,0.31295,0.35989249999999995
60,4,6,0.6652499999999999,0.510025
61,0,5,0.35945000000000005,0.33069399999999993
61,1,3,0.27645,0.42389
61,2,5,0.43665,0.40171799999999996
61,3,4,0.31570000000000004,0.363055
61,4,6,0.72305,0.5543383333333333
62,0,5,0.36410000000000003,0.334972
62,1,3,0.3008,0.4612266666666667
62,2,5,0.50875,0.46804999999999997
62,3,4,0.34105,0.39220749999999993
62,4,6,0.6276,0.48116000000000003
63,0,5,0.3682500000000001,0.33879
63,1,3,0.28250000000000003,0.4331666666666667
63,2,5,0.519,0.4774799999999999
63,3,4,0.32789999999999997,0.37708499999999995
63,4,6,0.7071999999999999,0.5421866666666666
64,0,5,0.35795,0.329314
64,1,3,0.30695,0.47065666666666667
64,2,5,0.50685,0.46630199999999994
64,3,4,0.36465000000000003,0.4193475
64,4,6,0.69235,0.5308016666666666
65,0,5,0.3772,0.34702399999999994
65,1,3,0.32355,0.49610999999999994
65,2,5,0.5783,0.532036
65,3,4,0.2973,0.341895
65,4,6,0.6828,0.52348
66,0,5,0.37120000000000003,0.341504
66,1,3,0.34195000000000003,0.5243233333333334
66,2,5,0.47925,0.44090999999999997
66,3,4,0.33265,0.38254749999999993
66,4,6,0.67065,0.514165
67,0,5,0.37610000000000005,0.346012
67,1,3,0.2834,0.43454666666666664
67,2,5,0.52395,0.48203399999999996
67,3,4,0.28475,0.3274625
67,4,6,0.7134499999999999,0.5469783333333333
68,0,5,0.38,0.34959999999999997
68,1,3,0.29305000000000003,0.4493433333333334
68,2,5,0.45375000000000004,0.41745
68,3,4,0.3026,0.34798999999999997
68,4,6,0.7475499999999999,0.5731216666666666
69,0,5,0.47255,0.43474599999999997
69,1,3,0.2537,0.38900666666666667
69,2,5,0.4902000000000001,0.45098399999999994
69,3,4,0.3529,0.40583499999999995
69,4,6,0.7214499999999999,0.5531116666666666
70,0,5,0.36310000000000003,0.33405199999999996
70,1,3,0.35595000000000004,0.54579
70,2,5,0.53675,0.4938099999999999
70,3,4,0.29435,0.33850249999999993
70,4,6,0.71515,0.5482816666666667
71,0,5,0.4218,0.38805599999999996
71,1,3,0.37085,0.5686366666666668
71,2,5,0.44225000000000003,0.40686999999999995
71,3,4,0.32130000000000003,0.369495
71,4,6,0.7047999999999999,0.5403466666666665
72,0,5,0.3412,0.31390399999999996
72,1,3,0.34830000000000005,0.5340600000000001
72,2,5,0.44930000000000003,0.41335599999999995
72,3,4,0.2986,0.34339
72,4,6,0.7327,0.5617366666666667
73,0,5,0.4252,0.391184
73,1,3,0.33835000000000004,0.5188033333333334
73,2,5,0.5049,0.4645079999999999
73,3,4,0.35695,0.4104924999999999
73,4,6,0.66705,0.511405
74,0,5,0.3683,0.33883599999999997
74,1,3,0.27715,0.4249633333333334
74,2,5,0.5156499999999999,0.47439799999999993
74,3,4,0.31930000000000003,0.367195
74,4,6,0.70295,0.5389283333333333
75,0,5,0.40520000000000006,0.372784
75,1,3,0.36640000000000006,0.5618133333333334
75,2,5,0.4453500000000001,0.40972200000000003
75,3,4,0.3115,0.35822499999999996
75,4,6,0.6977499999999999,0.5349416666666666
76,0,5,0.42685,0.39270199999999994
76,1,3,0.27885,0.42757
76,2,5,0.4232,0.3893439999999999
76,3,4,0.33455,0.3847324999999999
76,4,6,0.6862999999999999,0.5261633333333332
77,0,5,0.39890000000000003,0.366988
77,1,3,0.29645,0.45455666666666666
77,2,5,0.47520000000000007,0.437184
77,3,4,0.25815,0.2968725
77,4,6,0.7536499999999999,0.5777983333333332
78,0,5,0.43835,0.4032819999999999
78,1,3,0.24655000000000002,0.37804333333333334
78,2,5,0.4642,0.42706399999999994
78,3,4,0.3498,0.40226999999999996
78,4,6,0.6599,0.5059233333333334
79,0,5,0.39735,0.36556199999999994
79,1,3,0.2107,0.3230733333333333
79,2,5,0.5927,0.5452839999999999
79,3,4,0.2922,0.33602999999999994
79,4,6,0.7213,0.5529966666666667
80,0,5,0.315,0.28979999999999995
80,1,3,0.25620000000000004,0.39284
80,2,5,0.53285,0.490222
80,3,4,0.28895000000000004,0.3322925
80,4,6,0.6686000000000001,0.5125933333333333
81,0,5,0.35425,0.32591
81,1,3,0.25885,0.3969033333333334
81,2,5,0.50485,0.46446199999999993
81,3,4,0.25505,0.2933075
81,4,6,0.7324499999999999,0.561545
82,0,5,0.35345000000000004,0.32517399999999996
82,1,3,0.17830000000000001,0.2733933333333334
82,2,5,0.51405,0.4729259999999999
82,3,4,0.2637,0.30325499999999994
82,4,6,0.7422500000000001,0.5690583333333333
83,0,5,0.4283,0.39403599999999994
83,1,3,0.31215000000000004,0.47863000000000006
83,2,5,0.4683,0.43083599999999994
83,3,4,0.322,0.37029999999999996
83,4,6,0.6933,0.53153
84,0,5,0.39815,0.36629799999999996
84,1,3,0.2431,0.3727533333333333
84,2,5,0.45325000000000004,0.41698999999999997
84,3,4,0.27240000000000003,0.31326
84,4,6,0.7449,0.57109
85,0,5,0.36929999999999996,0.33975599999999995
85,1,3,0.35855000000000004,0.5497766666666668
85,2,5,0.42785000000000006,0.39362199999999997
85,3,4,0.27595,0.31734249999999997
85,4,6,0.7169,0.5496233333333334
86,0,5,0.4156,0.3823519999999999
86,1,3,0.35505,0.54441
86,2,5,0.5098,0.469016
86,3,4,0.2122,0.24403
86,4,6,0.7212,0.55292
87,0,5,0.40260000000000007,0.370392
87,1,3,0.30865000000000004,0.47326333333333337
87,2,5,0.41835,0.38488199999999995
87,3,4,0.23975,0.27571249999999997
87,4,6,0.7799499999999999,0.5979616666666665
88,0,5,0.41295000000000004,0.379914
88,1,3,0.30775,0.4718833333333334
88,2,5,0.5034000000000001,0.463128
88,3,4,0.27825,0.3199875
88,4,6,0.6993,0.53613
89,0,5,0.35865,0.329958
89,1,3,0.2929,0.4491133333333333
89,2,5,0.5218,0.4800559999999999
89,3,4,0.3012,0.34637999999999997
89,4,6,0.7571999999999999,0.5805199999999999
90,0,5,0.40790000000000004,0.375268
90,1,3,0.3017,0.46260666666666667
90,2,5,0.5024000000000001,0.46220799999999995
90,3,4,0.27125,0.3119375
90,4,6,0.688,0.5274666666666665
91,0,5,0.41285000000000005,0.379822
91,1,3,0.28600000000000003,0.43853333333333333
91,2,5,0.53,0.4875999999999999
91,3,4,0.32855,0.3778325
91,4,6,0.6854499999999999,0.5255116666666666
92,0,5,0.40595000000000003,0.373474
92,1,3,0.34540000000000004,0.5296133333333333
92,2,5,0.5476000000000001,0.503792
92,3,4,0.24105,0.2772075
92,4,6,0.69425,0.5322583333333333
93,0,5,0.35705000000000003,0.32848599999999994
93,1,3,0.37425,0.5738500000000001
93,2,5,0.55835,0.5136819999999999
93,3,4,0.25905,0.2979075
93,4,6,0.72915,0.5590149999999999
94,0,5,0.42350000000000004,0.38961999999999997
94,1,3,0.30260000000000004,0.4639866666666667
94,2,5,0.49965000000000004,0.4596779999999999
94,3,4,0.2886,0.33189
94,4,6,0.7352,0.5636533333333333
95,0,5,0.41895000000000004,0.38543399999999994
95,1,3,0.24130000000000001,0.36999333333333334
95,2,5,0.47280000000000005,0.434976
95,3,4,0.20920000000000002,0.24058
95,4,6,0.7300500000000001,0.559705
96,0,5,0.42784999999999995,0.3936219999999999
96,1,3,0.26234999999999997,0.40226999999999996
96,2,5,0.48715,0.44817799999999997
96,3,4,0.19745000000000001,0.22706749999999998
96,4,6,0.76855,0.5892216666666666
97,0,5,0.46365,0.426558
97,1,3,0.21855,0.33511
97,2,5,0.35925,0.33050999999999997
97,3,4,0.30135,0.3465525
97,4,6,0.7876,0.6038266666666666
98,0,5,0.34815,0.32029799999999997
98,1,3,0.21425000000000002,0.3285166666666667
98,2,5,0.3562,0.32770399999999994
98,3,4,0.22915,0.2635225
98,4,6,0.7886,0.6045933333333333
99,0,5,0.3955,0.36385999999999996
99,1,3,0.22130000000000002,0.33932666666666667
99,2,5,0.42319999999999997,0.3893439999999999
99,3,4,0.2994,0.34430999999999995
99,4,6,0.76345,0.5853116666666667
100,0,5,0.4162,0.38290399999999997
100,1,3,0.21325,0.32698333333333335
100,2,5,0.36715000000000003,0.33777799999999997
100,3,4,0.29825,0.34298749999999995
100,4,6,0.76235,0.5844683333333334
101,0,5,0.39720000000000005,0.36542399999999997
101,1,3,0.2762,0.4235066666666667
101,2,5,0.47745000000000004,0.439254
101,3,4,0.2797,0.32165499999999997
101,4,6,0.7839999999999999,0.6010666666666666
102,0,5,0.30785,0.283222
102,1,3,0.2833,0.4343933333333333
102,2,5,0.41295000000000004,0.379914
102,3,4,0.3397,0.390655
102,4,6,0.77565,0.594665
103,0,5,0.33,0.3036
103,1,3,0.2117,0.32460666666666665
103,2,5,0.4198,0.38621599999999995
103,3,4,0.4299,0.49438499999999996
103,4,6,0.7308,0.56028
104,0,5,0.32,0.2944
104,1,3,0.3183,0.48806000000000005
104,2,5,0.45555,0.4191059999999999
104,3,4,0.44699999999999995,0.5140499999999999
104,4,6,0.64255,0.4926216666666666
105,0,5,0.37675000000000003,0.34661
105,1,3,0.19140000000000001,0.29348
105,2,5,0.3984,0.36652799999999996
105,3,4,0.5644999999999999,0.6491749999999998
105,4,6,0.61355,0.47038833333333335
106,0,5,0.3448,0.31721599999999994
106,1,3,0.17065000000000002,0.26166333333333336
106,2,5,0.5327500000000001,0.49012999999999995
106,3,4,0.51895,0.5967925
106,4,6,0.60825,0.466325
107,0,5,0.36415,0.335018
107,1,3,0.2861,0.43868666666666667
107,2,5,0.56705,0.521686
107,3,4,0.5508,0.6334199999999999
107,4,6,0.512,0.3925333333333334
108,0,5,0.38825000000000004,0.35718999999999995
108,1,3,0.29555000000000003,0.4531766666666667
108,2,5,0.5438500000000001,0.500342
108,3,4,0.5156999999999999,0.5930549999999999
108,4,6,0.51465,0.394565
109,0,5,0.34395,0.316434
109,1,3,0.23345000000000002,0.3579566666666667
109,2,5,0.6013999999999999,0.5532879999999999
109,3,4,0.6415,0.737725
109,4,6,0.40795000000000003,0.3127616666666667
110,0,5,0.39475000000000005,0.36317
110,1,3,0.321,0.4922
110,2,5,0.5145,0.4733399999999999
110,3,4,0.56905,0.6544074999999998
110,4,6,0.456,0.3496
111,0,5,0.31865,0.293158
111,1,3,0.26130000000000003,0.40066
111,2,5,0.5473,0.503516
111,3,4,0.5801,0.6671149999999999
111,4,6,0.43060000000000004,0.3301266666666667
112,0,5,0.34045000000000003,0.313214
112,1,3,0.24220000000000003,0.37137333333333333
112,2,5,0.58835,0.5412819999999999
112,3,4,0.6032500000000001,0.6937374999999999
112,4,6,0.4428000000000001,0.33948
113,0,5,0.34735000000000005,0.319562
113,1,3,0.34104999999999996,0.5229433333333333
113,2,5,0.435,0.40019999999999994
113,3,4,0.60765,0.6987975
113,4,6,0.5032000000000001,0.38578666666666667
114,0,5,0.3966,0.364872
114,1,3,0.28155,0.43171000000000004
114,2,5,0.47695,0.43879399999999996
114,3,4,0.54135,0.6225525
114,4,6,0.5057,0.3877033333333334
115,0,5,0.34390000000000004,0.31638799999999995
115,1,3,0.2913,0.44666000000000006
115,2,5,0.5717,0.5259639999999999
115,3,4,0.5384,0.6191599999999998
115,4,6,0.5495000000000001,0.4212833333333334
116,0,5,0.3553,0.32687599999999994
116,1,3,0.34275000000000005,0.5255500000000001
116,2,5,0.43920000000000003,0.404064
116,3,4,0.54955,0.6319824999999999
116,4,6,0.49025,0.37585833333333335
117,0,5,0.27325,0.25139
117,1,3,0.36730000000000007,0.5631933333333334
117,2,5,0.4886,0.4495119999999999
117,3,4,0.57755,0.6641824999999999
117,4,6,0.5287,0.4053366666666667
118,0,5,0.3774,0.34720799999999996
118,1,3,0.28065,0.43033000000000005
118,2,5,0.47350000000000003,0.4356199999999999
118,3,4,0.55535,0.6386525
118,4,6,0.48915000000000003,0.37501500000000004
119,0,5,0.35795000000000005,0.329314
119,1,3,0.2902,0.4449733333333334
119,2,5,0.5582,0.513544
119,3,4,0.55825,0.6419874999999999
119,4,6,0.46125000000000005,0.353625
120,0,5,0.3431,0.31565199999999993
120,1,3,0.39380000000000004,0.6038266666666667
120,2,5,0.48935,0.45020199999999994
120,3,4,0.49844999999999995,0.5732174999999999
120,4,6,0.48675,0.37317500000000003
121,0,5,0.35710000000000003,0.32853199999999994
121,1,3,0.35855000000000004,0.5497766666666667
121,2,5,0.48965000000000003,0.45047800000000005
121,3,4,0.5120499999999999,0.5888574999999998
121,4,6,0.4927500000000001,0.3777750000000001
122,0,5,0.36485,0.33566199999999996
122,1,3,0.32685000000000003,0.50117
122,2,5,0.5196000000000001,0.4780319999999999
122,3,4,0.59725,0.6868374999999999
122,4,6,0.41045,0.3146783333333333
123,0,5,0.33425000000000005,0.30750999999999995
123,1,3,0.23255000000000003,0.3565766666666667
123,2,5,0.62515,0.5751379999999999
123,3,4,0.61735,0.7099524999999999
123,4,6,0.4332,0.33211999999999997
124,0,5,0.3755,0.34545999999999993
124,1,3,0.27190000000000003,0.41691333333333336
124,2,5,0.504,0.4636799999999999
124,3,4,0.5911,0.679765
124,4,6,0.44900000000000007,0.34423333333333334
125,0,5,0.34040000000000004,0.313168
125,1,3,0.33410000000000006,0.5122866666666668
125,2,5,0.54585,0.5021819999999999
125,3,4,0.55605,0.6394575
125,4,6,0.55225,0.4233916666666667
126,0,5,0.39530000000000004,0.363676
126,1,3,0.23870000000000002,0.36600666666666665
126,2,5,0.6284,0.5781279999999999
126,3,4,0.5642499999999999,0.6488875
126,4,6,0.4586,0.3515933333333333
127,0,5,0.30875,0.28404999999999997
127,1,3,0.26315,0.4034966666666666
127,2,5,0.5753,0.529276
127,3,4,0.5362499999999999,0.6166874999999998
127,4,6,0.47350000000000003,0.3630166666666667
128,0,5,0.2704,0.248768
128,1,3,0.3567,0.54694
128,2,5,0.5594,0.5146479999999999
128,3,4,0.5320999999999999,0.6119149999999999
128,4,6,0.45855,0.35155500000000006
129,0,5,0.35885,0.33014199999999994
129,1,3,0.29815,0.45716333333333337
129,2,5,0.54145,0.4981339999999999
129,3,4,0.5985499999999999,0.6883324999999999
129,4,6,0.49970000000000003,0.38310333333333335
130,0,5,0.35975,0.33097
130,1,3,0.3043,0.4665933333333334
130,2,5,0.55915,0.5144179999999999
130,3,4,0.57175,0.6575124999999999
130,4,6,0.42885,0.328785
131,0,5,0.31320000000000003,0.28814399999999996
131,1,3,0.27805,0.4263433333333333
131,2,5,0.5186999999999999,0.47720399999999996
131,3,4,0.5573999999999999,0.6410099999999999
131,4,6,0.47180000000000005,0.36171333333333333
132,0,5,0.30965000000000004,0.28487799999999996
132,1,3,0.3007,0.46107333333333334
132,2,5,0.5891000000000001,0.5419719999999999
132,3,4,0.5684,0.6536599999999999
132,4,6,0.4682,0.35895333333333335
133,0,5,0.30805000000000005,0.283406
133,1,3,0.22900000000000004,0.3511333333333334
133,2,5,0.6254,0.5753679999999999
133,3,4,0.5539,0.6369849999999999
133,4,6,0.47255,0.3622883333333333
134,0,5,0.2283,0.21003599999999997
134,1,3,0.2605,0.39943333333333336
134,2,5,0.5599000000000001,0.5151079999999999
134,3,4,0.55735,0.6409524999999999
134,4,6,0.5182,0.3972866666666667
135,0,5,0.34655,0.318826
135,1,3,0.19935000000000003,0.30567
135,2,5,0.55815,0.5134979999999999
135,3,4,0.57845,0.6652174999999999
135,4,6,0.5663,0.4341633333333334
136,0,5,0.36160000000000003,0.33267199999999997
136,1,3,0.32455,0.4976433333333333
136,2,5,0.5269,0.48474799999999996
136,3,4,0.54555,0.6273824999999998
136,4,6,0.45685,0.35025166666666663
137,0,5,0.28245,0.259854
137,1,3,0.2877,0.44114000000000003
137,2,5,0.52355,0.4816659999999999
137,3,4,0.5751,0.6613649999999999
137,4,6,0.5085999999999999,0.38992666666666664
138,0,5,0.34485,0.31726199999999993
138,1,3,0.2888,0.4428266666666667
138,2,5,0.53045,0.48801399999999995
138,3,4,0.5378499999999999,0.6185274999999999
138,4,6,0.5286500000000001,0.40529833333333337
139,0,5,0.30810000000000004,0.283452
139,1,3,0.25015,0.38356333333333337
139,2,5,0.5556,0.5111519999999998
139,3,4,0.57395,0.6600424999999999
139,4,6,0.5278,0.4046466666666667
140,0,5,0.40800000000000003,0.37535999999999997
140,1,3,0.2721,0.41722000000000004
140,2,5,0.55375,0.50945
140,3,4,0.52055,0.5986324999999999
140,4,6,0.5014000000000001,0.3844066666666667
141,0,5,0.302,0.27784
141,1,3,0.3375,0.5175000000000001
141,2,5,0.5299,0.48750799999999994
141,3,4,0.6152,0.7074799999999999
141,4,6,0.4657,0.35703666666666667
142,0,5,0.38825000000000004,0.35718999999999995
142,1,3,0.26665000000000005,0.40886333333333336
142,2,5,0.5492,0.5052639999999999
142,3,4,0.5550999999999999,0.6383649999999998
142,4,6,0.47695,0.36566166666666666
143,0,5,0.35620000000000007,0.327704
143,1,3,0.21695000000000003,0.3326566666666667
143,2,5,0.56655,0.5212259999999999
143,3,4,0.5518,0.6345699999999999
143,4,6,0.5032,0.38578666666666667
144,0,5,0.27390000000000003,0.251988
144,1,3,0.25015000000000004,0.38356333333333337
144,2,5,0.54395,0.5004339999999999
144,3,4,0.587,0.6750499999999999
144,4,6,0.5005000000000001,0.3837166666666667
145,0,5,0.3245,0.29853999999999997
145,1,3,0.22200000000000003,0.34040000000000004
145,2,5,0.60985,0.561062
145,3,4,0.5582999999999999,0.6420449999999999
145,4,6,0.49455,0.37915499999999996
146,0,5,0.30970000000000003,0.284924
146,1,3,0.2685,0.4117
146,2,5,0.57945,0.533094
146,3,4,0.5831999999999999,0.6706799999999999
146,4,6,0.4769,0.36562333333333336
147,0,5,0.33175,0.30521
147,1,3,0.31145,0.47755666666666674
147,2,5,0.5277000000000001,0.4854839999999999
147,3,4,0.5618,0.6460699999999999
147,4,6,0.4867,0.37313666666666667
148,0,5,0.3237,0.29780399999999996
148,1,3,0.2554,0.39161333333333337
148,2,5,0.5696,0.5240319999999999
148,3,4,0.6205999999999999,0.7136899999999999
148,4,6,0.4831,0.3703766666666667
149,0,5,0.31660000000000005,0.291272
149,1,3,0.1137,0.17434
149,2,5,0.6558,0.6033359999999999
149,3,4,0.58885,0.6771775
149,4,6,0.52595,0.4032283333333334
150,0,5,0.3098,0.285016
150,1,3,0.24115000000000003,0.36976333333333333
150,2,5,0.56735,0.5219619999999999
150,3,4,0.6407999999999999,0.7369199999999998
150,4,6,0.45675000000000004,0.350175
151,0,5,0.2641,0.242972
151,1,3,0.2247,0.34454000000000007
151,2,5,0.58895,0.5418339999999999
151,3,4,0.6021,0.6924149999999999
151,4,6,0.55755,0.42745500000000003
152,0,5,0.3387,0.311604
152,1,3,0.2702,0.4143066666666667
152,2,5,0.49355,0.4540659999999999
152,3,4,0.59905,0.6889074999999999
152,4,6,0.519,0.39790000000000003
153,0,5,0.28965,0.266478
153,1,3,0.26575,0.4074833333333333
153,2,5,0.54835,0.504482
153,3,4,0.57285,0.6587774999999999
153,4,6,0.55505,0.42553833333333335
154,0,5,0.37535,0.345322
154,1,3,0.2553,0.39146000000000003
154,2,5,0.54215,0.49877799999999994
154,3,4,0.52965,0.6090974999999998
154,4,6,0.5198499999999999,0.39855166666666664
155,0,5,0.2642,0.24306399999999997
155,1,3,0.26495,0.4062566666666667
155,2,5,0.62535,0.5753219999999999
155,3,4,0.5443499999999999,0.6260024999999999
155,4,6,0.5259,0.40319000000000005
156,0,5,0.30175,0.27760999999999997
156,1,3,0.25630000000000003,0.39299333333333336
156,2,5,0.5979,0.5500679999999999
156,3,4,0.58745,0.6755674999999999
156,4,6,0.49885,0.3824516666666667
157,0,5,0.30794999999999995,0.28331399999999995
157,1,3,0.23435000000000003,0.3593366666666667
157,2,5,0.53975,0.4965699999999999
157,3,4,0.5864499999999999,0.6744174999999999
157,4,6,0.5251000000000001,0.40257666666666675
158,0,5,0.3458,0.318136
158,1,3,0.30350000000000005,0.4653666666666667
158,2,5,0.55125,0.50715
158,3,4,0.5493999999999999,0.6318099999999999
158,4,6,0.48829999999999996,0.3743633333333333
159,0,5,0.34315,0.3156979999999999
159,1,3,0.25185,0.38617
159,2,5,0.54515,0.5015379999999999
159,3,4,0.5761,0.6625149999999999
159,4,6,0.5679000000000001,0.43539000000000005
160,0,5,0.35075,0.32269
160,1,3,0.27825,0.42665
160,2,5,0.62935,0.5790019999999999
160,3,4,0.5564,0.63986
160,4,6,0.5112500000000001,0.39195833333333335
161,0,5,0.34395,0.316434
161,1,3,0.25880000000000003,0.39682666666666666
161,2,5,0.5621,0.5171319999999999
161,3,4,0.56085,0.6449774999999999
161,4,6,0.5155000000000001,0.3952166666666667
162,0,5,0.392,0.36063999999999996
162,1,3,0.2371,0.36355333333333334
162,2,5,0.5427500000000001,0.49932999999999994
162,3,4,0.5521499999999999,0.6349724999999999
162,4,6,0.45940000000000003,0.3522066666666667
163,0,5,0.35195,0.32379399999999997
163,1,3,0.21865,0.33526333333333336
163,2,5,0.5631999999999999,0.5181439999999999
163,3,4,0.57395,0.6600424999999999
163,4,6,0.50665,0.38843166666666673
164,0,5,0.4024,0.370208
164,1,3,0.35415,0.54303
164,2,5,0.47944999999999993,0.4410939999999999
164,3,4,0.54155,0.6227824999999998
164,4,6,0.5348999999999999,0.41008999999999995
165,0,5,0.3491,0.32117199999999996
165,1,3,0.24925000000000003,0.3821833333333333
165,2,5,0.55295,0.508714
165,3,4,0.5227999999999999,0.6012199999999999
165,4,6,0.5619500000000001,0.43082833333333337
166,0,5,0.3124,0.287408
166,1,3,0.24050000000000002,0.3687666666666667
166,2,5,0.58045,0.5340139999999999
166,3,4,0.5987,0.6885049999999999
166,4,6,0.491,0.37643333333333334
167,0,5,0.30460000000000004,0.280232
167,1,3,0.29745,0.45609
167,2,5,0.6072,0.5586239999999999
167,3,4,0.5504,0.63296
167,4,6,0.4324,0.33150666666666667
168,0,5,0.3167,0.29136399999999996
168,1,3,0.20650000000000002,0.3166333333333333
168,2,5,0.5804,0.5339679999999999
168,3,4,0.6023499999999999,0.6927024999999999
168,4,6,0.5801000000000001,0.4447433333333333
169,0,5,0.37710000000000005,0.34693199999999996
169,1,3,0.2099,0.32184666666666667
169,2,5,0.57445,0.5284939999999999
169,3,4,0.5568,0.64032
169,4,6,0.46570000000000006,0.35703666666666667
170,0,5,0.31665,0.29131799999999997
170,1,3,0.18545,0.2843566666666667
170,2,5,0.6297,0.579324
170,3,4,0.5889,0.6772349999999999
170,4,6,0.5347500000000001,0.40997500000000003
171,0,5,0.3045,0.28014
171,1,3,0.2897,0.4442066666666667
171,2,5,0.55705,0.512486
171,3,4,0.62445,0.7181175
171,4,6,0.5251000000000001,0.4025766666666667
172,0,5,0.32020000000000004,0.29458399999999996
172,1,3,0.22925,0.3515166666666667
172,2,5,0.57505,0.5290459999999999
172,3,4,0.5473,0.6293949999999999
172,4,6,0.52075,0.39924166666666666
173,0,5,0.3195,0.29394
173,1,3,0.15305000000000002,0.2346766666666667
173,2,5,0.5707000000000001,0.525044
173,3,4,0.6045499999999999,0.6952324999999999
173,4,6,0.49640000000000006,0.3805733333333334
174,0,5,0.32205000000000006,0.296286
174,1,3,0.24855,0.38111
174,2,5,0.55445,0.5100939999999999
174,3,4,0.5644,0.64906
174,4,6,0.46305,0.355005
175,0,5,0.2693,0.24775599999999998
175,1,3,0.3175,0.48683333333333334
175,2,5,0.6053,0.5568759999999999
175,3,4,0.58495,0.6726924999999999
175,4,6,0.44989999999999997,0.3449233333333333
176,0,5,0.3798,0.34941599999999995
176,1,3,0.24140000000000003,0.37014666666666673
176,2,5,0.5567,0.512164
176,3,4,0.56355,0.6480824999999999
176,4,6,0.4621,0.3542766666666667
177,0,5,0.3752,0.34518399999999994
177,1,3,0.17670000000000002,0.27094
177,2,5,0.61755,0.5681459999999999
177,3,4,0.5669,0.6519349999999999
177,4,6,0.4953,0.37973
178,0,5,0.3025,0.2783
178,1,3,0.1662,0.25483999999999996
178,2,5,0.64785,0.5960219999999999
178,3,4,0.63805,0.7337574999999998
178,4,6,0.46395,0.355695
179,0,5,0.31345000000000006,0.288374
179,1,3,0.23465000000000003,0.3597966666666667
179,2,5,0.5845499999999999,0.5377859999999999
179,3,4,0.6246,0.7182899999999999
179,4,6,0.49700000000000005,0.3810333333333334
180,0,5,0.22295,0.205114
180,1,3,0.1811,0.2776866666666667
180,2,5,0.66655,0.6132259999999999
180,3,4,0.6316,0.72634
180,4,6,0.47345000000000004,0.3629783333333334
181,0,5,0.36474999999999996,0.3355699999999999
181,1,3,0.2363,0.3623266666666667
181,2,5,0.5428000000000001,0.49937599999999993
181,3,4,0.50225,0.5775874999999999
181,4,6,0.5303500000000001,0.40660166666666675
182,0,5,0.2442,0.22466399999999997
182,1,3,0.19235000000000002,0.2949366666666667
182,2,5,0.62595,0.5758739999999999
182,3,4,0.6239,0.7174849999999999
182,4,6,0.45785,0.3510183333333333
183,0,5,0.39035000000000003,0.35912199999999994
183,1,3,0.18635000000000002,0.2857366666666667
183,2,5,0.60305,0.5548059999999999
183,3,4,0.5247999999999999,0.60352
183,4,6,0.4890500000000001,0.3749383333333334
184,0,5,0.35965,0.33087799999999995
184,1,3,0.18545,0.2843566666666667
184,2,5,0.64765,0.5958379999999999
184,3,4,0.58105,0.6682074999999998
184,4,6,0.38935000000000003,0.29850166666666667
185,0,5,0.26415,0.24301799999999996
185,1,3,0.23185,0.35550333333333334
185,2,5,0.5848,0.5380159999999998
185,3,4,0.6434,0.7399099999999998
185,4,6,0.45430000000000004,0.3482966666666667
186,0,5,0.28015,0.25773799999999997
186,1,3,0.2117,0.3246066666666667
186,2,5,0.5986,0.5507119999999999
186,3,4,0.55315,0.6361224999999999
186,4,6,0.5366500000000001,0.41143166666666664
187,0,5,0.36060000000000003,0.33175199999999994
187,1,3,0.26245,0.40242333333333336
187,2,5,0.60565,0.557198
187,3,4,0.59335,0.6823524999999999
187,4,6,0.40245000000000003,0.308545
188,0,5,0.37785,0.347622
188,1,3,0.1907,0.2924066666666667
188,2,5,0.6677,0.6142839999999998
188,3,4,0.5626,0.64699
188,4,6,0.448,0.3434666666666667
189,0,5,0.31120000000000003,0.286304
189,1,3,0.22040000000000004,0.3379466666666667
189,2,5,0.6779,0.6236679999999999
189,3,4,0.53725,0.6178374999999999
189,4,6,0.42525,0.326025
190,0,5,0.30095000000000005,0.27687399999999995
190,1,3,0.18895,0.28972333333333333
190,2,5,0.64285,0.5914219999999999
190,3,4,0.584,0.6716
190,4,6,0.5225000000000001,0.40058333333333335
191,0,5,0.2808,0.25833599999999995
191,1,3,0.26685000000000003,0.40917000000000003
191,2,5,0.63675,0.5858099999999999
191,3,4,0.56565,0.6504975
191,4,6,0.4892500000000001,0.3750916666666667
192,0,5,0.357,0.32843999999999995
192,1,3,0.2528,0.3876266666666667
192,2,5,0.58065,0.534198
192,3,4,0.6092,0.70058
192,4,6,0.4385,0.3361833333333333
193,0,5,0.3506,0.32255199999999995
193,1,3,0.2503,0.3837933333333334
193,2,5,0.67835,0.6240819999999999
193,3,4,0.5671999999999999,0.65228
193,4,6,0.43684999999999996,0.3349183333333333
194,0,5,0.2992,0.27526399999999995
194,1,3,0.16965000000000002,0.26013000000000003
194,2,5,0.6253,0.5752759999999999
194,3,4,0.61895,0.7117924999999998
194,4,6,0.4298,0.3295133333333333
195,0,5,0.3536,0.325312
195,1,3,0.2441,0.37428666666666666
195,2,5,0.61485,0.5656619999999999
195,3,4,0.5519999999999999,0.6347999999999999
195,4,6,0.42014999999999997,0.322115
196,0,5,0.36215,0.333178
196,1,3,0.25015,0.38356333333333337
196,2,5,0.6303000000000001,0.579876
196,3,4,0.5428999999999999,0.6243349999999999
196,4,6,0.385,0.2951666666666667
197,0,5,0.33505,0.30824599999999996
197,1,3,0.2878,0.44129333333333337
197,2,5,0.63885,0.5877419999999999
197,3,4,0.5702,0.6557299999999999
197,4,6,0.4446,0.34086
198,0,5,0.2615,0.24058
198,1,3,0.25970000000000004,0.3982066666666667
198,2,5,0.65405,0.601726
198,3,4,0.57545,0.6617674999999998
198,4,6,0.41480000000000006,0.31801333333333337
199,0,5,0.33466666666666667,0.3078933333333333
199,1,3,0.26593333333333335,0.40776444444444454
199,2,5,0.6301333333333333,0.5797226666666666
199,3,4,0.5458666666666666,0.6277466666666666
199,4,6,0.42473333333333335,0.3256288888888889
