episode,reward,time
0,65.34540229885057,232
1,66.5,240
2,60.91747572815534,309
3,62.21060606060606,264
4,67.27672176308539,242
0,64.5,250
1,65.98979591836734,245
2,71.67272727272729,220
3,62.971910112359545,267
4,64.0563909774436,266
0,56.88127853881278,292
1,62.47802197802198,273
2,62.5602564102564,260
3,56.290221402214016,271
4,60.56602316602317,259
0,65.01524822695035,235
1,58.150763358778626,262
2,61.889795918367355,245
3,64.57692307692308,260
4,63.67688172043011,248
0,66.87191011235956,267
1,67.47402597402596,231
2,64.98979591836735,245
3,65.71008403361344,238
4,61.955243445692886,267
0,69.429718875502,249
1,62.03972431077693,266
2,56.91064981949458,277
3,62.77659574468085,282
4,57.1478102189781,274
0,62.84024390243902,246
1,62.3978102189781,274
2,61.43850574712643,261
3,71.30582959641256,223
4,60.031278538812785,292
0,62.09135802469136,243
1,59.54022140221403,271
2,65.19135802469135,243
3,59.4993564993565,259
4,61.87139303482587,268
0,65.91505139500734,227
1,64.48850574712644,261
2,63.45,240
3,60.23771580345286,251
4,64.02941176470588,255
0,58.98273381294965,278
1,71.42702702702702,222
2,59.378021978021984,273
3,57.86541501976285,253
4,61.11541501976285,253
0,59.32183908045977,261
1,62.739147286821705,258
2,62.2391304347826,276
3,64.12204724409449,254
4,60.30076335877863,262
0,64.30582959641256,223
1,62.193388429752076,242
2,59.05952380952381,252
3,63.87357723577236,246
4,60.388505747126445,261
0,61.26368821292776,263
1,59.29781021897811,274
2,63.48850574712644,261
3,57.460093896713616,284
4,58.63816604708798,269
0,61.209523809523816,252
1,62.25952380952381,252
2,57.460093896713616,284
3,69.19338842975208,242
4,63.19874835309618,253
0,67.44999999999999,250
1,58.38355481727575,301
2,60.65581395348838,258
3,63.774831309041836,247
4,62.31818181818181,275
0,63.488505747126425,261
1,65.60460251046025,239
2,63.755813953488364,258
3,58.161245674740485,289
4,62.25952380952381,252
0,64.79978902953587,237
1,62.64354838709677,248
2,64.0563909774436,266
3,65.09016393442623,244
4,59.78805970149254,268
0,62.29702154626109,263
1,59.21818181818182,275
2,60.032733812949644,278
3,65.03972431077695,266
4,61.85231316725979,281
0,62.47183908045977,261
1,55.20415430267062,337
2,65.69354838709677,248
3,68.32183908045977,261
4,56.95189003436427,291
0,61.35076335877863,262
1,63.10538057742782,254
2,60.835646500593114,281
3,66.09016393442623,244
4,58.72139303482587,268
0,62.97191011235955,267
1,64.35592334494774,287
2,62.00537634408602,279
3,60.92941176470589,255
4,61.990163934426235,244
0,61.59354838709678,248
1,69.66901408450704,213
2,62.160649819494594,277
3,63.68420669577875,229
4,61.62355473554736,271
0,65.92372881355932,236
1,65.92372881355932,236
2,62.38409669211196,262
3,64.40438247011951,251
4,62.70141342756184,283
0,55.520270270270274,296
1,57.06818181818181,275
2,64.62355473554736,271
3,65.57971887550201,249
4,62.93979591836734,245
0,58.379020979020986,286
1,63.24338842975206,242
2,67.17469135802469,243
3,63.24457900807381,289
4,64.98979591836735,245
0,57.947945205479456,292
1,68.04016393442623,244
2,64.59638554216866,249
3,65.38409669211197,262
4,61.5,300
0,63.75581395348837,258
1,69.53695652173913,230
2,66.87357723577236,246
3,60.268181818181816,275
4,67.7008733624454,229
0,58.98273381294965,278
1,60.222463768115944,276
2,71.56645569620254,237
3,58.311355311355314,273
4,66.36206896551724,232
0,59.06855670103093,291
1,62.71645569620254,237
2,62.76505139500735,227
3,63.666023166023166,259
4,65.64935649935649,259
0,55.68817204301075,310
1,61.977815699658706,293
2,62.55882352941177,272
3,64.3095238095238,252
4,65.21541501976284,253
0,64.12204724409449,254
1,54.23474676089517,283
2,57.385964912280706,285
3,61.52692307692308,260
4,63.558823529411754,272
0,60.921910112359555,267
1,59.45882352941176,272
2,61.0063909774436,266
3,61.354382470119525,251
4,59.443548387096776,248
0,58.32692307692308,260
1,58.858163265306125,294
2,59.95537634408602,279
3,62.47183908045977,261
4,60.04150943396227,265
0,61.705813953488374,258
1,61.022047244094495,254
2,65.19135802469135,243
3,60.83564650059312,281
4,70.13310291858677,217
0,63.80483271375465,269
1,61.62355473554736,271
2,63.14135802469136,243
3,67.58793584379357,239
4,59.50263157894737,285
0,63.1510729613734,233
1,53.69397394136808,307
2,63.31368821292776,263
3,63.774831309041836,247
4,68.16666666666667,225
0,64.28333333333333,288
1,59.499356499356495,259
2,67.56602316602317,259
3,57.390221402214024,271
4,64.17469135802469,243
0,58.238505747126425,261
1,59.679636835278856,257
2,68.42659574468084,282
3,62.4,240
4,64.30151515151515,275
0,60.367549668874176,302
1,61.62676056338028,284
2,71.56645569620252,237
3,54.137487636003954,337
4,65.29338842975207,242
0,69.29626556016598,241
1,64.75581395348837,258
2,62.07204724409449,254
3,57.86541501976285,253
4,58.01855670103093,291
0,63.1510729613734,233
1,64.40438247011951,251
2,57.97727272727273,264
3,60.032733812949644,278
4,57.99398315282792,277
0,56.63076923076923,312
1,65.92083333333333,256
2,63.24338842975206,242
3,58.47355473554735,271
4,61.788166047087984,269
0,62.297021546261085,263
1,64.9375,256
2,61.35076335877863,262
3,63.400763358778626,262
4,58.9748427672956,265
0,61.26368821292776,263
1,63.97312925170068,245
2,61.496385542168674,249
3,61.118556701030926,291
4,62.971910112359545,267
0,62.193388429752076,242
1,66.48333333333335,250
2,70.59932126696833,221
3,64.99867256637168,226
4,62.354382470119525,251
0,62.47183908045977,261
1,62.397810218978094,274
2,54.983333333333334,288
3,64.3795988934993,241
4,61.17727272727273,264
0,68.33333333333334,250
1,60.74630350194553,257
2,62.640221402214024,271
3,64.31206896551724,232
4,58.92781569965871,293
0,63.073497267759564,244
1,68.55460251046026,239
2,59.139130434782615,276
3,62.16541501976285,253
4,63.488505747126425,261
0,64.75581395348837,258
1,64.06606714628298,278
2,65.5,250
3,57.40581395348837,258
4,55.18355481727575,301
0,54.730519480519476,308
1,60.42971887550201,249
2,66.38916292974588,223
3,63.554602510460256,239
4,60.032733812949644,278
0,63.67688172043011,248
1,63.67688172043011,248
2,63.67688172043011,248
3,63.67688172043011,248
4,63.67688172043011,248
5,63.67688172043011,248
6,63.67688172043011,248
7,63.67688172043011,248
8,63.67688172043011,248
9,63.67688172043011,248
10,63.67688172043011,248
11,63.67688172043011,248
12,63.67688172043011,248
13,63.67688172043011,248
14,63.67688172043011,248
15,63.67688172043011,248
16,63.67688172043011,248
17,63.67688172043011,248
18,63.67688172043011,248
19,63.67688172043011,248
0,59.32183908045977,261
1,65.02941176470588,255
2,57.09457900807382,289
3,64.66602316602317,259
4,67.72139303482587,268
0,62.160649819494566,277
1,66.8157894736842,228
2,58.072463768115945,276
3,64.4613553113553,273
4,62.92857142857143,280
0,63.19874835309618,253
1,65.21541501976284,253
2,61.263688212927754,263
3,60.92941176470589,255
4,58.75231316725979,281
0,65.42802197802197,273
1,57.941358024691354,243
2,66.29338842975207,242
3,61.95524344569288,267
4,63.61009389671361,284
0,63.01274509803921,255
1,58.6520202020202,297
2,67.54638554216868,249
3,65.5,250
4,61.79630350194553,257
0,59.429020979020976,286
1,57.385964912280706,285
2,62.47802197802198,273
3,64.87857142857142,280
4,62.45,250
0,57.91606714628297,278
1,63.80483271375465,269
2,56.12802197802198,273
3,60.30076335877863,262
4,56.33333333333333,300
0,61.143983152827914,277
1,56.20877742946709,319
2,58.23114355231144,274
3,59.78805970149254,268
4,62.55882352941177,272
0,63.981914893617024,235
1,58.30592334494773,287
2,65.82963683527886,257
3,57.80639097744361,266
4,64.38114355231144,274
0,61.26368821292776,263
1,63.873728813559325,236
2,60.47692307692307,260
3,61.33695652173914,230
4,61.97941176470589,255
0,58.18684210526316,304
1,58.90537634408602,279
2,67.07349726775956,244
3,61.77659574468085,282
4,61.8875,256
0,56.79150943396226,265
1,63.75581395348837,258
2,64.14150943396226,265
3,62.739147286821705,258
4,66.95639097744362,266
0,63.1510729613734,233
1,64.87139303482587,268
2,68.16666666666666,225
3,67.54638554216868,249
4,65.6493564993565,259
0,57.333554817275754,301
1,60.50882352941177,272
2,59.06060606060606,264
3,65.38409669211197,262
4,57.22802197802198,273
0,59.770833333333336,256
1,63.87357723577236,246
2,59.87857142857143,280
3,63.47802197802198,273
4,62.560256410256414,260
0,61.26124567474048,289
1,58.31135531135531,273
2,66.57971887550201,249
3,62.47183908045977,261
4,56.881278538812786,292
0,62.45,250
1,53.38076923076923,312
2,64.66602316602317,259
3,63.38925667828107,287
4,57.83870967741936,279
0,65.23440629470673,233
1,63.14135802469136,243
2,55.939655172413794,290
3,53.214071856287426,334
4,67.07349726775956,244
0,60.90816326530612,294
1,61.06606714628297,278
2,64.69354838709677,248
3,62.82963683527886,257
4,62.739147286821705,258
0,56.23114355231143,274
1,65.12484276729559,265
2,64.69354838709677,248
3,63.84630350194551,257
4,59.378021978021984,273
0,62.739147286821705,258
1,63.67688172043011,248
2,60.42802197802198,273
3,57.390221402214024,271
4,59.87857142857143,280
0,61.623554735547344,271
1,62.124842767295604,265
2,56.333333333333336,300
3,61.091509433962266,265
4,59.060649819494586,277
0,56.15592334494774,287
1,60.74630350194553,257
2,60.50882352941177,272
3,57.31235431235431,286
4,63.3978102189781,274
0,60.12727272727273,264
1,64.09102564102565,234
2,60.672222222222224,270
3,63.268181818181816,275
4,57.80816326530613,294
0,63.87357723577236,246
1,54.30263157894737,285
2,59.60828025477707,314
3,63.9375,256
4,57.76190476190476,280
0,56.706390977443604,266
1,59.54022140221403,271
2,59.502631578947366,285
3,66.19874835309618,253
4,63.98870967741935,279
0,69.04874835309619,253
1,57.390221402214024,271
2,60.74630350194553,257
3,61.871393034825864,268
4,62.03972431077695,266
0,62.72222222222222,270
1,49.34186046511628,344
2,65.09016393442623,244
3,67.54638554216868,249
4,64.0563909774436,266
0,61.11541501976285,253
1,62.5602564102564,260
2,60.213688212927764,263
3,60.50882352941177,272
4,60.83805970149254,268
0,56.37676056338028,284
1,62.55882352941177,272
2,57.558280254777074,314
3,68.71645569620253,237
4,57.466889632107026,299
0,63.57692307692308,260
1,61.977815699658706,293
2,64.46688963210703,299
3,61.8875,256
4,66.83870967741936,279
0,58.464071856287426,334
1,61.43850574712644,261
2,56.01124567474048,289
3,61.35076335877863,262
4,59.32183908045977,261
0,66.97312925170068,245
1,62.739147286821705,258
2,58.997945205479446,292
3,62.55882352941177,272
4,64.59638554216868,249
0,60.837500000000006,256
1,59.640243902439025,246
2,60.189130434782605,276
3,61.222463768115944,276
4,66.39626556016597,241
0,59.550222965440355,299
1,57.13850574712643,261
2,62.31818181818181,275
3,59.87191011235956,267
4,61.97941176470589,255
0,62.5602564102564,260
1,62.25952380952381,252
2,70.73979591836734,245
3,59.139130434782615,276
4,60.42802197802198,273
0,60.04150943396226,265
1,57.72191011235955,267
2,60.25,240
3,57.09457900807382,289
4,58.6520202020202,297
0,61.30151515151515,275
1,61.400000000000006,250
2,58.06368821292776,263
3,58.55555555555556,270
4,55.810649819494586,277
0,56.26792452830189,318
1,64.57676056338028,284
2,60.11064981949458,277
3,57.09457900807382,289
4,56.881278538812786,292
0,60.17298850574712,290
1,57.30882352941177,272
2,66.03191489361703,235
3,65.21541501976284,253
4,56.07017543859649,304
0,52.07017543859649,304
1,51.44161358811041,314
2,61.222463768115944,276
3,66.7008733624454,229
4,56.81747572815534,309
0,64.05639097744361,266
1,58.23114355231144,274
2,56.75537634408602,279
3,60.34626556016599,241
4,54.26818181818183,275
0,63.97312925170067,245
1,57.55483271375465,269
2,64.30952380952381,252
3,60.77659574468085,282
4,62.38409669211196,262
0,68.82372881355933,236
1,66.19874835309618,253
2,60.672222222222224,270
3,65.21060606060607,264
4,61.091509433962266,265
0,64.35592334494774,287
1,56.333333333333336,300
2,65.7914979757085,247
3,59.297810218978114,274
4,58.965415019762844,253
0,58.55555555555556,270
1,56.943973941368085,307
2,65.0896551724138,290
3,59.29781021897811,274
4,60.30076335877863,262
0,58.04150943396227,265
1,64.36206896551724,232
2,54.74149659863946,294
3,63.72222222222222,270
4,62.23913043478261,276
0,64.09016393442623,244
1,63.14150943396226,265
2,60.68474676089517,283
3,57.95524344569288,267
4,55.38422818791946,298
0,57.742604501607715,311
1,59.416888150609076,301
2,60.04874835309617,253
3,60.031278538812785,292
4,62.29702154626109,263
0,59.462354312354314,286
1,54.911245674740485,289
2,59.955380577427825,254
3,60.65581395348838,258
4,52.01235431235431,286
0,42.81747572815534,309
1,42.81747572815534,309
2,42.81747572815534,309
3,42.81747572815534,309
4,42.81747572815534,309
5,42.81747572815534,309
6,42.81747572815534,309
7,42.81747572815534,309
8,42.81747572815534,309
9,42.81747572815534,309
10,42.81747572815534,309
11,42.81747572815534,309
12,42.81747572815534,309
13,42.81747572815534,309
14,42.81747572815534,309
15,42.81747572815534,309
16,42.81747572815534,309
17,42.81747572815534,309
18,42.81747572815534,309
19,42.81747572815534,309
0,59.35592334494774,287
1,50.59104046242774,346
2,57.53422818791947,298
3,63.971910112359545,267
4,57.685646500593116,281
0,57.30151515151516,275
1,57.00537634408602,279
2,59.10538057742783,254
3,55.610221550856,331
4,61.03972431077693,266
0,50.72222222222223,270
1,65.64354838709679,248
2,57.95537634408602,279
3,42.56932907348242,313
4,57.87857142857143,280
0,65.1248427672956,265
1,64.4613553113553,273
2,62.890243902439025,246
3,61.97312925170067,245
4,60.8375,256
0,66.78805970149253,268
1,64.22727272727272,264
2,62.03972431077695,266
3,63.554602510460256,239
4,62.04794520547945,292
0,62.259523809523806,252
1,64.90706214689266,236
2,63.03127853881278,292
3,55.79794520547945,292
4,64.3795988934993,241
0,61.26368821292776,263
1,53.033333333333324,300
2,58.51688963210702,299
3,66.97312925170068,245
4,57.534746760895175,283
0,62.64354838709677,248
1,57.16666666666667,288
2,65.09016393442623,244
3,58.75231316725979,281
4,62.93979591836735,245
0,61.03972431077695,266
1,62.62676056338028,284
2,64.14150943396226,265
3,61.006390977443615,266
4,59.753603603603594,296
0,57.63805970149254,268
1,61.705555555555556,270
2,55.25555555555555,270
3,57.1478102189781,274
4,65.1248427672956,265
0,64.30952380952381,252
1,56.83273381294964,278
2,57.20198019801981,303
3,58.31754966887418,302
4,63.38771580345285,251
0,62.47183908045977,261
1,61.33333333333333,288
2,60.17298850574712,290
3,60.83805970149253,268
4,64.14150943396226,265
0,60.908163265306115,294
1,54.76855670103092,291
2,64.78816604708798,269
3,61.35076335877863,262
4,62.64022140221401,271
0,58.416023166023166,259
1,65.5,250
2,62.64354838709677,248
3,56.74149659863945,294
4,63.858163265306125,294
0,64.21541501976284,253
1,64.40438247011951,251
2,62.82372881355932,236
3,56.67857142857143,280
4,61.17727272727273,264
0,61.26368821292776,263
1,63.71578947368421,228
2,59.78805970149254,268
3,56.538059701492536,268
4,60.429718875502004,249
0,62.50460251046026,239
1,61.091509433962266,265
2,63.48695652173913,230
3,56.15592334494774,287
4,57.03333333333333,250
0,63.0563909774436,266
1,60.68474676089517,283
2,60.83805970149255,268
3,62.82372881355933,236
4,60.60828025477708,314
0,62.16541501976285,253
1,62.560256410256414,260
2,58.01855670103093,291
3,63.400763358778626,262
4,60.56602316602317,259
0,56.04781021897811,274
1,54.61606714628297,278
2,62.35088300220751,302
3,66.43850574712644,261
4,62.920833333333334,256
0,61.045307917888564,341
1,57.670270270270265,296
2,56.20882352941176,272
3,59.378021978021984,273
4,59.458823529411774,272
0,54.54260450160771,311
1,55.20125786163523,318
2,58.6875,256
3,53.79457900807381,289
4,63.22727272727273,264
0,52.72585139318885,323
1,60.72357723577236,246
2,55.96818181818182,275
3,53.51114903299204,293
4,59.72659574468085,282
0,56.20882352941176,272
1,58.80524344569288,267
2,59.5891472868217,258
3,50.78481262327416,338
4,63.6768817204301,248
0,65.5,240
1,57.497619047619054,315
2,61.79630350194553,257
3,55.502313167259786,281
4,58.379020979020986,286
0,53.25828025477707,314
1,61.77659574468085,282
2,55.4520202020202,297
3,62.558823529411754,272
4,53.52531041069723,349
0,60.535964912280704,285
1,61.70141342756184,283
2,63.48850574712644,261
3,63.031278538812785,292
4,64.78816604708798,269
0,60.98870967741935,279
1,60.42802197802198,273
2,66.09150943396226,265
3,64.22727272727272,264
4,65.1248427672956,265
0,65.92191011235956,267
1,58.90537634408602,279
2,52.94911504424779,339
3,57.16666666666666,288
4,56.535353535353536,297
0,65.18913043478261,276
1,60.1078431372549,306
2,62.64022140221401,271
3,56.468018018018014,333
4,57.80816326530613,294
0,69.41602316602317,259
1,59.83564650059312,281
2,56.333333333333336,300
3,66.17727272727274,264
4,66.10538057742782,254
0,66.29338842975207,242
1,66.10538057742782,254
2,67.63816604708798,269
3,59.95639097744362,266
4,66.57971887550201,249
0,61.30151515151515,275
1,61.623554735547344,271
2,58.3921568627451,272
3,63.66602316602316,259
4,62.47802197802197,273
0,61.87139303482588,268
1,66.81645569620252,237
2,64.89024390243902,246
3,57.1478102189781,274
4,67.2767217630854,242
0,56.63181818181819,330
1,56.30263157894737,285
2,64.69354838709677,248
3,65.69354838709677,248
4,63.80483271375465,269
0,66.48333333333332,250
1,60.672222222222224,270
2,58.601413427561845,283
3,57.316023166023164,259
4,67.16541501976285,253
0,60.92941176470589,255
1,58.150763358778626,262
2,57.466889632107026,299
3,58.92781569965871,293
4,68.79024390243903,246
0,59.651413427561835,283
1,58.238505747126425,261
2,62.45,250
3,59.21124567474048,289
4,59.75360360360361,296
0,55.588983050847446,295
1,51.13076923076922,312
2,63.57971887550201,249
3,58.63979591836734,245
4,61.0063909774436,266
0,54.98684210526316,304
1,53.00147928994083,338
2,64.79978902953587,237
3,61.928571428571416,280
4,53.59862385321101,327
0,57.385964912280706,285
1,61.705813953488374,258
2,57.312354312354316,286
3,52.733333333333334,288
4,60.59022140221403,271
0,61.69149797570851,247
1,56.46801801801802,333
2,69.71645569620253,237
3,58.47355473554735,271
4,56.67857142857143,280
0,55.20263157894737,285
1,60.476923076923086,260
2,67.55555555555556,270
3,55.65537634408602,279
4,58.15151515151514,275
0,70.64978902953587,237
1,56.91064981949458,277
2,67.25952380952381,252
3,55.320675105485236,316
4,61.71410256410256,312
0,61.35125786163522,318
1,59.87857142857143,280
2,62.640221402214024,271
3,58.96385281385281,308
4,53.79457900807381,289
0,52.87902097902098,286
1,61.79630350194553,257
2,64.48850574712644,261
3,65.7914979757085,247
4,60.5,300
0,62.92083333333333,256
1,67.47692307692307,260
2,65.47183908045977,261
3,60.59022140221403,271
4,63.47802197802198,273
0,57.2019801980198,303
1,59.060649819494586,277
2,59.32183908045977,261
3,62.64935649935649,259
4,63.64022140221401,271
0,62.920833333333334,256
1,57.61932907348243,313
2,57.1478102189781,274
3,57.738983050847466,295
4,61.35076335877863,262
0,61.091509433962266,265
1,63.766455696202534,237
2,60.672222222222224,270
3,59.87857142857143,280
4,54.216889632107026,299
0,59.4993564993565,259
1,59.4993564993565,259
2,59.4993564993565,259
3,59.4993564993565,259
4,59.4993564993565,259
5,59.4993564993565,259
6,59.4993564993565,259
7,59.4993564993565,259
8,59.4993564993565,259
9,59.4993564993565,259
10,59.4993564993565,259
11,59.4993564993565,259
12,59.4993564993565,259
13,59.4993564993565,259
14,59.4993564993565,259
15,59.4993564993565,259
16,59.4993564993565,259
17,59.4993564993565,259
18,59.4993564993565,259
19,59.4993564993565,259
0,60.74630350194553,257
1,56.37676056338028,284
2,59.50263157894737,285
3,58.9748427672956,265
4,58.161245674740485,289
0,60.26818181818183,275
1,65.39626556016597,241
2,57.466889632107026,299
3,57.47222222222222,270
4,58.05438247011952,251
0,56.67857142857143,280
1,63.2391304347826,276
2,59.06855670103093,291
3,58.30592334494774,287
4,63.22727272727273,264
0,65.09016393442623,244
1,59.09117647058824,306
2,61.336956521739125,230
3,58.526760563380286,284
4,64.2767217630854,242
0,67.47692307692309,260
1,60.535964912280704,285
2,56.943973941368085,307
3,62.00537634408602,279
4,65.47183908045977,261
0,58.151515151515156,275
1,58.78898305084746,295
2,66.97312925170068,245
3,66.58695652173913,230
4,57.76190476190477,280
0,63.400763358778626,262
1,65.71008403361344,238
2,57.68564650059312,281
3,55.658163265306115,294
4,62.61008403361345,238
0,57.46009389671362,284
1,68.67963683527886,257
2,61.006390977443615,266
3,63.10189003436426,291
4,61.43850574712644,261
0,59.147021546261094,263
1,55.38422818791946,298
2,61.63422818791946,298
3,57.46009389671361,284
4,58.67659574468085,282
0,58.9748427672956,265
1,53.56747572815534,309
2,62.29702154626109,263
3,57.46009389671362,284
4,56.83273381294964,278
0,58.55555555555556,270
1,56.40022296544036,299
2,70.64978902953587,237
3,59.57676056338028,284
4,57.00784313725491,306
0,60.38925667828107,287
1,63.72222222222222,270
2,62.85231316725979,281
3,57.83870967741936,279
4,65.34781021897811,274
0,56.22902097902098,286
1,63.23913043478261,276
2,59.35592334494774,287
3,59.78805970149254,268
4,59.95537634408602,279
0,59.355923344947726,287
1,57.87781569965871,293
2,66.09016393442624,244
3,57.239256678281066,287
4,57.385964912280706,285
0,61.5421568627451,272
1,58.47355473554735,271
2,56.881278538812786,292
3,57.534746760895175,283
4,58.23850574712644,261
0,57.76190476190476,280
1,67.12727272727274,264
2,54.480769230769226,312
3,56.22902097902098,286
4,58.072463768115945,276
0,51.84211076280042,319
1,60.18913043478261,276
2,71.92293577981653,218
3,56.96368821292776,263
4,52.96688815060908,301
0,57.89150943396226,265
1,55.12902097902098,286
2,61.8875,256
3,57.60992907801419,282
4,65.81645569620252,237
0,61.006390977443615,266
1,61.97941176470589,255
2,62.77659574468085,282
3,59.65141342756184,283
4,57.91606714628298,278
0,60.18913043478261,276
1,60.17298850574713,290
2,59.86274509803922,255
3,55.58898305084746,295
4,58.59630350194553,257
0,58.67659574468085,282
1,62.3978102189781,274
2,59.87191011235956,267
3,61.87139303482587,268
4,57.55483271375465,269
0,63.483333333333334,250
1,66.09150943396227,265
2,64.2767217630854,242
3,58.7523131672598,281
4,64.70555555555555,270
0,57.460093896713616,284
1,56.79150943396226,265
2,56.60231316725979,281
3,62.31818181818181,275
4,61.26368821292776,263
0,62.74149797570851,247
1,56.290221402214016,271
2,63.483333333333334,250
3,66.92372881355932,236
4,59.72659574468085,282
0,63.640221402214024,271
1,56.20882352941176,272
2,57.91606714628298,278
3,65.92372881355932,236
4,59.704832713754655,269
0,56.95189003436427,291
1,60.04150943396227,265
2,63.24338842975207,242
3,63.47802197802197,273
4,59.87857142857143,280
0,54.911245674740485,289
1,58.965415019762844,253
2,61.11541501976285,253
3,60.213688212927764,263
4,59.955380577427825,254
0,62.21060606060606,264
1,59.70483271375464,269
2,60.82312925170068,245
3,60.388505747126445,261
4,64.66602316602317,259
0,61.85231316725979,281
1,58.06368821292776,263
2,64.2767217630854,242
3,54.83965517241379,290
4,56.569329073482436,313
0,59.21818181818182,275
1,57.93051948051948,308
2,55.868556701030926,291
3,57.742604501607715,311
4,60.42802197802198,273
0,57.460093896713616,284
1,61.47902097902098,286
2,61.43850574712644,261
3,60.347810218978104,274
4,59.139130434782615,276
0,63.387715803452856,251
1,63.57971887550201,249
2,63.387715803452856,251
3,61.26368821292776,263
4,66.26368821292776,263
0,60.032733812949644,278
1,60.526881720430104,248
2,61.52692307692308,260
3,61.640221402214024,271
4,62.64354838709678,248
0,66.03191489361703,235
1,66.36206896551724,232
2,58.25198019801981,303
3,60.388505747126445,261
4,64.75581395348837,258
0,59.4993564993565,259
1,59.06060606060606,264
2,57.63805970149254,268
3,60.83805970149254,268
4,70.72272727272727,220
0,59.139130434782615,276
1,63.292857142857144,252
2,58.9748427672956,265
3,67.2767217630854,242
4,58.452631578947376,285
0,68.30438247011952,251
1,63.67688172043011,248
2,65.29702154626108,263
3,59.42902097902098,286
4,65.5,250
0,58.99794520547945,292
1,60.032733812949644,278
2,65.34540229885057,232
3,62.61008403361345,238
4,61.06606714628297,278
0,60.92349726775957,244
1,62.92857142857143,280
2,58.47355473554735,271
3,65.5,240
4,60.23771580345286,251
0,67.48333333333333,240
1,60.75483271375464,269
2,65.6493564993565,259
3,65.02941176470588,255
4,61.35076335877863,262
0,59.378021978021984,273
1,59.550222965440355,299
2,64.48850574712642,261
3,59.80231316725979,281
4,59.822316384180795,295
0,59.155464480874315,305
1,63.971910112359545,267
2,58.311355311355314,273
3,64.57692307692308,260
4,63.93749999999999,256
0,59.96114903299204,293
1,57.68564650059312,281
2,63.9375,256
3,61.55263157894737,285
4,62.93979591836735,245
0,63.87357723577236,246
1,60.333333333333336,250
2,63.292857142857144,252
3,63.67688172043011,248
4,61.1267217630854,242
0,61.97941176470589,255
1,61.97941176470589,255
2,62.55882352941177,272
3,63.75581395348837,258
4,60.92941176470589,255
0,62.61008403361345,238
1,60.23771580345286,251
2,61.955243445692886,267
3,65.30952380952381,252
4,64.79978902953587,237
0,58.072463768115945,276
1,60.38925667828107,287
2,61.001072961373396,233
3,58.072463768115945,276
4,58.072463768115945,276
0,56.6036036036036,296
1,63.666023166023166,259
2,62.09135802469136,243
3,57.89150943396226,265
4,58.45706214689265,236
0,60.82312925170068,245
1,62.47902097902098,286
2,59.770833333333336,256
3,56.266888150609084,301
4,66.29338842975207,242
0,67.07349726775956,244
1,67.7008733624454,229
2,63.873728813559325,236
3,65.34540229885057,232
4,63.48333333333334,250
0,67.04867256637168,226
1,67.04867256637168,226
2,67.04867256637168,226
3,67.04867256637168,226
4,67.04867256637168,226
5,67.04867256637168,226
6,67.04867256637168,226
7,67.04867256637168,226
8,67.04867256637168,226
9,67.04867256637168,226
10,67.04867256637168,226
11,67.04867256637168,226
12,67.04867256637168,226
13,67.04867256637168,226
14,67.04867256637168,226
15,67.04867256637168,226
16,67.04867256637168,226
17,67.04867256637168,226
18,67.04867256637168,226
19,67.04867256637168,226
0,67.2767217630854,242
1,67.14102564102564,234
2,62.03972431077695,266
3,69.65087336244542,229
4,65.8472602739726,219
0,62.93979591836735,245
1,63.313688212927765,263
2,59.86274509803921,255
3,61.990163934426235,244
4,63.143983152827914,277
0,67.88972431077696,266
1,69.4,240
2,60.68474676089517,283
3,65.82963683527886,257
4,59.458823529411774,272
0,60.10189003436426,291
1,61.887499999999996,256
2,64.59638554216868,249
3,60.300763358778624,262
4,58.90537634408602,279
0,59.29781021897811,274
1,64.12204724409449,254
2,61.333333333333336,240
3,59.891496598639456,294
4,64.89024390243902,246
0,65.09016393442622,244
1,63.19874835309618,253
2,60.300763358778624,262
3,62.72222222222222,270
4,61.8875,256
0,63.84630350194553,257
1,66.38771580345286,251
2,62.38409669211196,262
3,65.30952380952381,252
4,66.19135802469135,243
0,62.31818181818181,275
1,62.16064981949458,277
2,56.92519379844961,344
3,68.1470215462611,263
4,61.64978902953587,237
0,64.78816604708798,269
1,56.60231316725978,281
2,61.006390977443615,266
3,65.83805970149254,268
4,59.21124567474048,289
0,60.98870967741935,279
1,63.14150943396226,265
2,60.56688963210702,299
3,59.42902097902098,286
4,64.21124567474048,289
0,61.705813953488374,258
1,68.04016393442623,244
2,61.705813953488374,258
3,59.95537634408602,279
4,61.35076335877863,262
0,63.31666666666666,288
1,64.38114355231144,274
2,64.21541501976284,253
3,64.38114355231144,274
4,64.70555555555555,270
0,65.29702154626109,263
1,58.88972431077694,266
2,65.29702154626109,263
3,63.10189003436426,291
4,64.40438247011951,251
0,59.679636835278856,257
1,59.060649819494586,277
2,61.35125786163522,318
3,63.00537634408602,279
4,63.01274509803921,255
0,64.53695652173913,230
1,69.62483130904184,247
2,62.920833333333334,256
3,64.95524344569289,267
4,64.12204724409449,254
0,66.47402597402598,231
1,58.01855670103093,291
2,62.82963683527885,257
3,59.458823529411774,272
4,63.12204724409448,254
0,64.98979591836735,245
1,60.04874835309619,253
2,60.14285714285714,252
3,66.97941176470589,255
4,61.85231316725978,281
0,65.29338842975206,242
1,60.74630350194553,257
2,65.5,240
3,64.40438247011951,251
4,63.29285714285714,252
0,61.118556701030926,291
1,65.02941176470588,255
2,65.40438247011951,251
3,65.29702154626109,263
4,65.02941176470588,255
0,61.400000000000006,250
1,68.79912280701754,228
2,59.96114903299204,293
3,60.347810218978104,274
4,60.18913043478261,276
0,61.79630350194553,257
1,68.31206896551724,232
2,63.483333333333334,250
3,60.50882352941177,272
4,61.11541501976285,253
0,61.23684210526316,304
1,63.31818181818181,275
2,58.3921568627451,272
3,61.35076335877862,262
4,66.97312925170068,245
0,64.66602316602317,259
1,58.9748427672956,265
2,60.921910112359555,267
3,58.416023166023166,259
4,67.1470215462611,263
0,67.03191489361701,235
1,64.22727272727272,264
2,66.39626556016597,241
3,67.84024390243903,246
4,63.51688963210702,299
0,64.40438247011951,251
1,61.006390977443615,266
2,68.11541501976285,253
3,65.29338842975206,242
4,59.21124567474048,289
0,59.21124567474048,289
1,62.26124567474048,289
2,68.24338842975206,242
3,61.70141342756184,283
4,66.19874835309618,253
0,60.97781569965869,293
1,66.87357723577236,246
2,60.24457900807381,289
3,64.78816604708797,269
4,62.397810218978094,274
0,58.38355481727575,301
1,62.297021546261085,263
2,62.97191011235955,267
3,65.38409669211197,262
4,62.72222222222222,270
0,57.1478102189781,274
1,64.3795988934993,241
2,60.65581395348838,258
3,61.46135531135531,273
4,68.79024390243902,246
0,59.21124567474048,289
1,63.22727272727272,264
2,60.59022140221401,271
3,61.118556701030926,291
4,66.15,225
0,57.385964912280706,285
1,67.03191489361701,235
2,57.60992907801419,282
3,63.804832713754635,269
4,69.04874835309619,253
0,59.29781021897811,274
1,64.21541501976284,253
2,58.30592334494774,287
3,62.88805970149254,268
4,61.889795918367355,245
0,62.82963683527886,257
1,64.48333333333333,240
2,57.53422818791947,298
3,64.30952380952381,252
4,55.804907975460125,326
0,61.543417366946784,238
1,68.79912280701754,228
2,62.82963683527886,257
3,60.462354312354314,286
4,67.21368821292776,263
0,63.141509433962256,265
1,63.97312925170068,245
2,65.5,240
3,65.91505139500734,227
4,61.55263157894737,285
0,63.01274509803922,255
1,64.17469135802469,243
2,65.39626556016597,241
3,65.09016393442622,244
4,66.97312925170067,245
0,66.38771580345286,251
1,65.5,240
2,66.29338842975207,242
3,67.48333333333332,240
4,64.02941176470588,255
0,62.88805970149254,268
1,71.42028985507247,230
2,65.2357142857143,224
3,70.2357142857143,224
4,63.31818181818181,275
0,62.97191011235955,267
1,65.91505139500734,227
2,60.92941176470589,255
3,62.84024390243903,246
4,63.75581395348837,258
0,66.2510729613734,233
1,66.81645569620252,237
2,62.45,250
3,64.59638554216868,249
4,62.55882352941177,272
0,65.21541501976284,253
1,62.16541501976285,253
2,58.59630350194553,257
3,64.5,250
4,60.921910112359555,267
0,64.02941176470588,255
1,68.57028985507246,230
2,64.31206896551724,232
3,63.64022140221401,271
4,60.92941176470588,255
0,62.354382470119525,251
1,66.39626556016597,241
2,59.72659574468085,282
3,70.86524822695036,235
4,69.99867256637168,226
0,63.483333333333334,250
1,63.77483130904183,247
2,59.80231316725979,281
3,63.88805970149253,268
4,63.04016393442623,244
0,65.57028985507246,230
1,61.11541501976285,253
2,60.5359649122807,285
3,58.161245674740485,289
4,64.62355473554734,271
0,62.08273381294964,278
1,60.35460251046025,239
2,59.14702154626109,263
3,63.84630350194553,257
4,58.23850574712644,261
0,68.04016393442623,244
1,65.82963683527886,257
2,66.54022140221402,271
3,70.44354838709677,248
4,66.54022140221402,271
0,63.85626911314985,218
1,62.449999999999996,250
2,59.87191011235956,267
3,62.97191011235955,267
4,58.379020979020986,286
0,64.59638554216868,249
1,59.139130434782615,276
2,60.42802197802198,273
3,68.34626556016597,241
4,61.97941176470588,255
0,66.62222222222223,270
1,65.03972431077693,266
2,65.03972431077695,266
3,66.8875,256
4,61.0063909774436,266
0,62.804832713754635,269
1,62.804832713754635,269
2,62.804832713754635,269
3,62.804832713754635,269
4,62.804832713754635,269
5,62.804832713754635,269
6,62.804832713754635,269
7,62.804832713754635,269
8,62.804832713754635,269
9,62.804832713754635,269
10,62.804832713754635,269
11,62.804832713754635,269
12,62.804832713754635,269
13,62.804832713754635,269
14,62.804832713754635,269
15,62.804832713754635,269
16,62.804832713754635,269
17,62.804832713754635,269
18,62.804832713754635,269
19,62.804832713754635,269
0,60.42802197802198,273
1,57.53474676089517,283
2,65.01524822695035,235
3,62.804832713754635,269
4,60.17298850574713,290
0,65.91505139500734,227
1,69.61008403361346,238
2,64.89024390243902,246
3,61.889795918367355,245
4,64.69341736694678,238
0,62.47802197802197,273
1,58.449999999999996,300
2,57.87781569965871,293
3,65.03972431077695,266
4,59.42902097902098,286
0,63.40076335877862,262
1,60.672222222222224,270
2,60.61009389671361,284
3,62.88805970149253,268
4,60.83805970149253,268
0,62.189655172413794,290
1,63.84630350194553,257
2,64.66602316602317,259
3,61.52692307692307,260
4,68.66008403361344,238
0,61.928571428571416,280
1,59.685353535353535,297
2,60.10189003436426,291
3,60.535964912280704,285
4,65.92083333333332,256
0,64.40438247011951,251
1,61.87139303482587,268
2,71.94338842975206,242
3,65.12204724409449,254
4,61.461355311355305,273
0,54.6278156996587,293
1,60.56602316602317,259
2,62.082733812949634,278
3,62.82963683527885,257
4,61.79630350194553,257
0,63.292857142857144,252
1,62.97191011235955,267
2,66.38771580345286,251
3,65.21541501976284,253
4,58.55555555555556,270
0,62.54638554216867,249
1,65.59638554216869,249
2,63.9375,256
3,62.80483271375465,269
4,65.98979591836734,245
0,59.29781021897811,274
1,67.93979591836734,245
2,64.38114355231144,274
3,62.3978102189781,274
4,73.27702702702703,222
0,61.43793584379358,239
1,64.66602316602317,259
2,63.57971887550201,249
3,62.47183908045976,261
4,63.040163934426225,244
0,62.82963683527885,257
1,63.596385542168676,249
2,67.23114355231144,274
3,64.59638554216866,249
4,63.558823529411754,272
0,66.931718061674,227
1,63.84630350194553,257
2,65.4573593073593,231
3,69.80188679245283,212
4,64.09102564102564,234
0,67.69341736694678,238
1,60.388505747126445,261
2,63.766455696202534,237
3,64.21541501976284,253
4,65.12435897435897,234
0,59.704832713754655,269
1,64.78816604708798,269
2,63.38771580345285,251
3,68.27777777777777,216
4,64.57692307692307,260
0,67.35438247011952,251
1,61.88979591836734,245
2,63.579718875502,249
3,66.14102564102564,234
4,61.77659574468085,282
0,58.51688963210702,299
1,63.400763358778626,262
2,61.006390977443615,266
3,59.15438247011952,251
4,60.92941176470589,255
0,66.14102564102564,234
1,59.429020979020976,286
2,62.71645569620254,237
3,60.72357723577236,246
4,61.79630350194553,257
0,63.346265560165975,241
1,56.95189003436427,291
2,60.03273381294964,278
3,64.42702702702704,222
4,60.83805970149254,268
0,64.53695652173913,230
1,65.19135802469135,243
2,67.48333333333333,240
3,64.53695652173913,230
4,66.2510729613734,233
0,62.6493564993565,259
1,66.61602316602315,259
2,71.67372881355932,236
3,61.97941176470588,255
4,62.29702154626109,263
0,61.209523809523816,252
1,63.48695652173913,230
2,59.62222222222223,270
3,62.88805970149254,268
4,63.22727272727273,264
0,57.16666666666667,288
1,60.97781569965869,293
2,59.87191011235956,267
3,61.79630350194553,257
4,62.47802197802198,273
0,63.666023166023166,259
1,62.354382470119525,251
2,60.83805970149253,268
3,61.62355473554736,271
4,67.8972602739726,219
0,68.2095238095238,252
1,66.60460251046025,239
2,58.31754966887418,302
3,70.35582959641256,223
4,63.23913043478261,276
0,60.65581395348838,258
1,57.390221402214024,271
2,66.39626556016597,241
3,64.40076335877862,262
4,65.34781021897811,274
0,65.4573593073593,231
1,63.48850574712644,261
2,66.60460251046025,239
3,66.60460251046025,239
4,66.19874835309618,253
0,64.21541501976284,253
1,65.83805970149254,268
2,55.810649819494586,277
3,59.06855670103093,291
4,60.30076335877863,262
0,62.54638554216868,249
1,70.22959889349931,241
2,63.774831309041836,247
3,67.25107296137338,233
4,55.42659574468085,282
0,59.941358024691354,243
1,63.04016393442623,244
2,59.95639097744362,266
3,58.80524344569289,267
4,61.229598893499315,241
0,65.89024390243902,246
1,68.52702702702703,222
2,62.88805970149253,268
3,60.56602316602317,259
4,59.62222222222223,270
0,57.89150943396226,265
1,64.95524344569289,267
2,62.31818181818181,275
3,62.210606060606054,264
4,60.03273381294964,278
0,64.69354838709677,248
1,63.105380577427816,254
2,63.6768817204301,248
3,66.29285714285714,252
4,62.85231316725978,281
0,60.74630350194553,257
1,63.082733812949634,278
2,65.7914979757085,247
3,60.92941176470589,255
4,64.9375,256
0,61.43850574712644,261
1,65.26818181818182,275
2,62.82963683527886,257
3,58.06368821292776,263
4,63.774831309041836,247
0,61.90080906148867,309
1,67.27672176308539,242
2,63.47802197802197,273
3,67.36206896551724,232
4,60.268181818181816,275
0,67.2510729613734,233
1,60.89102564102564,234
2,62.54638554216868,249
3,66.47402597402598,231
4,68.12435897435897,234
0,62.21060606060606,264
1,63.66602316602316,259
2,70.04102564102564,234
3,67.27672176308539,242
4,64.30151515151515,275
0,65.59932126696833,221
1,61.43793584379358,239
2,63.9375,256
3,62.21060606060606,264
4,62.47183908045977,261
0,62.21060606060606,264
1,61.85231316725979,281
2,68.66008403361344,238
3,62.21060606060606,264
4,68.76645569620254,237
0,62.741497975708505,247
1,62.12484276729559,265
2,68.34540229885057,232
3,65.3478102189781,274
4,62.354382470119525,251
0,60.92941176470589,255
1,61.091509433962266,265
2,62.1248427672956,265
3,64.48333333333332,240
4,60.92191011235955,267
0,68.76645569620254,237
1,61.43355481727574,301
2,62.400000000000006,240
3,60.63422818791947,298
4,61.92857142857143,280
0,56.32744479495268,317
1,62.09135802469136,243
2,57.53422818791947,298
3,60.400000000000006,250
4,57.91606714628298,278
0,67.48333333333333,240
1,62.93191489361703,235
2,60.36754966887416,302
3,56.63076923076923,312
4,62.68535353535354,297
0,58.55555555555556,270
1,62.88805970149254,268
2,64.48333333333333,240
3,63.292857142857144,252
4,58.55555555555556,270
0,63.57971887550201,249
1,63.45,240
2,64.48333333333333,240
3,60.672222222222224,270
4,62.54638554216868,249
0,65.59638554216868,249
1,60.770270270270274,296
2,63.292857142857144,252
3,62.16064981949458,277
4,58.6520202020202,297
0,62.920833333333334,256
1,59.35592334494774,287
2,60.56688963210702,299
3,62.07204724409449,254
4,59.961149032992026,293
0,64.67272727272729,220
1,64.67272727272729,220
2,64.67272727272729,220
3,64.67272727272729,220
4,64.67272727272729,220
5,64.67272727272729,220
6,64.67272727272729,220
7,64.67272727272729,220
8,64.67272727272729,220
9,64.67272727272729,220
10,64.67272727272729,220
11,64.67272727272729,220
12,64.67272727272729,220
13,64.67272727272729,220
14,64.67272727272729,220
15,64.67272727272729,220
16,64.67272727272729,220
17,64.67272727272729,220
18,64.67272727272729,220
19,64.67272727272729,220
0,62.07204724409449,254
1,57.1478102189781,274
2,64.2767217630854,242
3,66.61602316602317,259
4,61.118556701030926,291
0,60.031278538812785,292
1,55.310447761194034,335
2,58.9748427672956,265
3,65.92372881355932,236
4,63.48850574712644,261
0,65.1248427672956,265
1,67.2510729613734,233
2,61.066067146282975,278
3,59.29781021897811,274
4,67.8972602739726,219
0,70.35582959641256,223
1,60.42971887550201,249
2,72.29615384615386,208
3,61.43850574712644,261
4,60.56602316602317,259
0,64.02941176470588,255
1,58.80524344569289,267
2,67.3795988934993,241
3,66.4873831775701,214
4,67.2510729613734,233
0,63.766455696202534,237
1,66.60460251046025,239
2,61.871393034825864,268
3,65.3478102189781,274
4,66.8875,256
0,65.02941176470588,255
1,63.262068965517244,232
2,68.57028985507246,230
3,65.89024390243901,246
4,66.03191489361703,235
0,61.49638554216868,249
1,72.4355072463768,207
2,64.66602316602317,259
3,63.04016393442623,244
4,77.44509803921568,204
0,63.660084033613444,238
1,69.429718875502,249
2,63.14135802469136,243
3,76.74146730462519,209
4,72.5657894736842,228
0,62.15107296137339,233
1,65.45735930735931,231
2,65.81645569620252,237
3,68.88979591836735,245
4,67.17469135802469,243
0,67.7008733624454,229
1,67.36206896551724,232
2,64.79978902953587,237
3,65.19135802469135,243
4,66.931718061674,227
0,62.71645569620254,237
1,73.09557823129252,196
2,73.60075376884423,199
3,67.04867256637168,226
4,61.006390977443615,266
0,72.36036036036036,222
1,76.91228070175438,190
2,63.660084033613444,238
3,63.346265560165975,241
4,66.22777777777777,216
0,66.36206896551724,232
1,66.36206896551724,232
2,63.948672566371684,226
3,64.40438247011951,251
4,68.01524822695035,235
0,68.93601895734596,211
1,66.22777777777779,216
2,64.3795988934993,241
3,63.87357723577236,246
4,62.25952380952381,252
0,63.10538057742782,254
1,70.91176470588235,204
2,64.59638554216868,249
3,64.59638554216868,249
4,74.06224489795919,196
0,67.79978902953587,237
1,65.29702154626109,263
2,66.39626556016597,241
3,62.47802197802198,273
4,70.07142857142857,210
0,74.70303030303032,198
1,67.04867256637168,226
2,68.76645569620254,237
3,65.1248427672956,265
4,63.554602510460256,239
0,65.40438247011951,251
1,67.69341736694678,238
2,63.05639097744361,266
3,68.27777777777777,216
4,73.00665024630543,203
0,61.97941176470589,255
1,69.51036036036037,222
2,68.30074626865671,201
3,60.8375,256
4,63.84630350194553,257
0,67.25952380952381,252
1,65.39626556016597,241
2,63.66602316602316,259
3,62.64354838709678,248
4,65.64935649935649,259
0,64.42702702702702,222
1,69.62621359223301,206
2,63.6768817204301,248
3,60.634228187919454,298
4,67.25074626865673,201
0,63.72222222222222,270
1,70.83171806167401,227
2,64.17469135802469,243
3,71.46884057971013,207
4,67.9193522906793,211
0,58.530952380952385,315
1,63.10538057742782,254
2,60.347810218978104,274
3,64.87857142857143,280
4,63.76645569620253,237
0,68.55460251046026,239
1,57.91606714628298,278
2,70.64978902953587,237
3,63.37402597402598,231
4,65.35582959641256,223
0,62.47802197802197,273
1,67.93979591836735,245
2,64.27672176308539,242
3,64.7914979757085,247
4,64.40438247011951,251
0,66.03191489361703,235
1,66.38916292974588,223
2,62.71645569620254,237
3,67.8375,256
4,68.40582959641254,223
0,65.39626556016597,241
1,66.29285714285714,252
2,62.55882352941177,272
3,63.40076335877862,262
4,54.058777429467085,319
0,59.155464480874315,305
1,65.45735930735931,231
2,68.76645569620253,237
3,62.25952380952381,252
4,67.58695652173913,230
0,66.81645569620252,237
1,65.81645569620252,237
2,60.031278538812785,292
3,67.58695652173913,230
4,65.01524822695035,235
0,67.25952380952381,252
1,61.61602316602317,259
2,66.19135802469135,243
3,72.0,225
4,67.14102564102564,234
0,63.660084033613444,238
1,65.92372881355932,236
2,60.82312925170068,245
3,62.38409669211196,262
4,60.462354312354314,286
0,66.25107296137338,233
1,66.14102564102564,234
2,63.15107296137339,233
3,65.60460251046025,239
4,58.379020979020986,286
0,66.03191489361701,235
1,70.94867256637168,226
2,67.79978902953587,237
3,63.387715803452856,251
4,63.57692307692308,260
0,66.8157894736842,228
1,66.38771580345286,251
2,63.67688172043011,248
3,65.79912280701754,228
4,60.42971887550201,249
0,71.5880829015544,193
1,67.92941176470589,255
2,68.98191489361702,235
3,63.93749999999999,256
4,62.16541501976285,253
0,70.26206896551724,232
1,67.90706214689266,236
2,66.67688172043012,248
3,68.01524822695035,235
4,69.99867256637168,226
0,64.40076335877862,262
1,62.93979591836734,245
2,64.18571428571428,224
3,65.5,240
4,66.60460251046024,239
0,70.83171806167401,227
1,65.89024390243902,246
2,66.14102564102564,234
3,68.16666666666666,225
4,69.3891629297459,223
0,66.19135802469135,243
1,65.01524822695035,235
2,60.535964912280704,285
3,65.98979591836735,245
4,64.42402597402598,231
0,67.48333333333333,240
1,67.16541501976285,253
2,69.82372881355933,236
3,60.476923076923086,260
4,66.29338842975207,242
0,68.28571428571428,224
1,67.47692307692309,260
2,67.79978902953586,237
3,66.79630350194553,257
4,66.58695652173913,230
0,63.666023166023166,259
1,71.30582959641256,223
2,67.58793584379359,239
3,68.28571428571428,224
4,65.47702702702703,222
0,63.77483130904183,247
1,66.81645569620252,237
2,68.04867256637168,226
3,68.12435897435898,234
4,69.23771580345286,251
0,64.65087336244541,229
1,70.94135802469135,243
2,63.77483130904183,247
3,68.49935649935651,259
4,68.12435897435898,234
0,68.45735930735931,231
1,66.58695652173913,230
2,68.23440629470672,233
3,72.4355072463768,207
4,68.12435897435897,234
0,67.47402597402596,231
1,68.23440629470672,233
2,68.98191489361702,235
3,67.79978902953587,237
4,64.88171806167401,227
0,66.01274509803922,255
1,69.31206896551724,232
2,69.2010729613734,233
3,64.53695652173913,230
4,70.26206896551724,232
0,70.39031007751939,215
1,60.921910112359555,267
2,73.76935229067931,211
3,64.79726027397261,219
4,66.2510729613734,233
0,66.58695652173913,230
1,63.755813953488364,258
2,66.97312925170068,245
3,67.17469135802469,243
4,66.97312925170068,245
0,64.3095238095238,252
1,64.3095238095238,252
2,64.3095238095238,252
3,64.3095238095238,252
4,64.3095238095238,252
5,64.3095238095238,252
6,64.3095238095238,252
7,64.3095238095238,252
8,64.3095238095238,252
9,64.3095238095238,252
10,64.3095238095238,252
11,64.3095238095238,252
12,64.3095238095238,252
13,64.3095238095238,252
14,64.3095238095238,252
15,64.3095238095238,252
16,64.3095238095238,252
17,64.3095238095238,252
18,64.3095238095238,252
19,64.3095238095238,252
0,65.29338842975206,242
1,67.58695652173913,230
2,65.72272727272727,220
3,66.81645569620252,237
4,68.30438247011952,251
0,65.68420669577876,229
1,65.39626556016597,241
2,65.11666666666666,225
3,66.10538057742782,254
4,61.61602316602317,259
0,67.931718061674,227
1,68.68420669577876,229
2,68.28571428571428,224
3,63.292857142857144,252
4,65.91505139500734,227
0,66.10538057742782,254
1,68.04867256637168,226
2,61.52692307692307,260
3,64.69341736694678,238
4,64.07349726775956,244
0,69.92349726775956,244
1,65.56025641025641,260
2,64.31206896551724,232
3,62.7391472868217,258
4,70.0246913580247,243
0,65.02941176470588,255
1,69.4,240
2,64.17469135802469,243
3,68.30438247011952,251
4,75.72142857142858,210
0,63.3978102189781,274
1,64.48333333333332,240
2,63.6768817204301,248
3,64.48333333333333,240
4,74.25074626865673,201
0,63.346265560165975,241
1,63.105380577427816,254
2,61.17727272727272,264
3,70.71578947368421,228
4,59.87191011235955,267
0,67.47402597402596,231
1,64.65087336244541,229
2,64.59638554216866,249
3,64.84630350194551,257
4,65.57028985507246,230
0,65.4573593073593,231
1,60.14626556016597,241
2,64.9375,256
3,63.57971887550201,249
4,68.23440629470673,233
0,63.262068965517244,232
1,72.33695652173913,230
2,59.45882352941176,272
3,60.65581395348838,258
4,64.75581395348837,258
0,67.58793584379359,239
1,65.12204724409449,254
2,63.98191489361702,235
3,65.30952380952381,252
4,67.84024390243903,246
0,67.48333333333333,240
1,68.49638554216868,249
2,69.27777777777777,216
3,69.40697674418604,215
4,69.03200589970501,226
0,65.98979591836735,245
1,69.65087336244542,229
2,66.15,225
3,65.57028985507246,230
4,65.2357142857143,224
0,69.71645569620253,237
1,66.14999999999999,225
2,59.24999999999999,250
3,66.47402597402596,231
4,61.30151515151515,275
0,66.14102564102564,234
1,64.89024390243902,246
2,72.33695652173913,230
3,69.26904761904763,224
4,69.96541501976284,253
0,68.66008403361344,238
1,66.38771580345285,251
2,66.19874835309618,253
3,66.38771580345285,251
4,64.69341736694678,238
0,67.17469135802469,243
1,67.03191489361701,235
2,65.29338842975207,242
3,64.48333333333333,240
4,67.48333333333333,240
0,65.84726027397261,219
1,67.48333333333333,240
2,68.95538057742783,254
3,67.58695652173913,230
4,66.36206896551724,232
0,64.12204724409449,254
1,65.12204724409449,254
2,70.71578947368421,228
3,68.8972602739726,219
4,65.59638554216868,249
0,68.52702702702703,222
1,66.81645569620252,237
2,66.97312925170068,245
3,65.12484276729559,265
4,63.449999999999996,240
0,62.891496598639456,294
1,70.59932126696833,221
2,60.59022140221403,271
3,64.4613553113553,273
4,71.30582959641256,223
0,69.23771580345286,251
1,69.09102564102565,234
2,66.99398315282792,277
3,66.19874835309618,253
4,67.40582959641256,223
0,67.58793584379359,239
1,68.64932126696833,221
2,65.4573593073593,231
3,66.58695652173913,230
4,67.64354838709679,248
0,70.12672176308541,242
1,71.22777777777779,216
2,66.81645569620252,237
3,75.45188679245283,212
4,70.94867256637168,226
