episode,epoch,episode_reward,last_loss,last_td
0,0,-7.7991,114.82972717285156,8.062932014465332
1,0,-10.8071,114.82972717285156,8.062932014465332
2,0,-14.1103,114.82972717285156,8.062932014465332
3,0,-10.7624,114.82972717285156,8.062932014465332
4,1,-17.8494,5.102923393249512,1.793919324874878
5,1,-14.2725,5.102923393249512,1.793919324874878
6,1,-10.8651,5.102923393249512,1.793919324874878
7,1,-14.2144,5.102923393249512,1.793919324874878
13,2,-7.7688,5.321300506591797,1.8407431840896606
14,2,-10.9087,5.321300506591797,1.8407431840896606
15,2,-14.4511,5.321300506591797,1.8407431840896606
16,2,-11.0141,5.321300506591797,1.8407431840896606
17,3,-14.3541,3.865893602371216,1.5094060897827148
18,3,-10.8086,3.865893602371216,1.5094060897827148
19,3,-7.8267,3.865893602371216,1.5094060897827148
20,3,-10.9247,3.865893602371216,1.5094060897827148
26,4,-14.4207,3.6277871131896973,1.4441577196121216
27,4,-10.9263,3.6277871131896973,1.4441577196121216
28,4,-10.8843,3.6277871131896973,1.4441577196121216
29,4,-11.0118,3.6277871131896973,1.4441577196121216
0,0,-22.0941,4.761176109313965,1.6783987283706665
0,0,-7.8153,4.761176109313965,1.6783987283706665
1,0,-10.8427,4.761176109313965,1.6783987283706665
2,0,-10.7548,4.761176109313965,1.6783987283706665
3,0,-10.7905,4.761176109313965,1.6783987283706665
4,1,-17.7631,2.408482074737549,1.1749171018600464
5,1,-14.3417,2.408482074737549,1.1749171018600464
6,1,-10.9010,2.408482074737549,1.1749171018600464
7,1,-14.2827,2.408482074737549,1.1749171018600464
13,2,-7.7847,2.5766208171844482,1.3116525411605835
14,2,-10.8460,2.5766208171844482,1.3116525411605835
15,2,-10.9289,2.5766208171844482,1.3116525411605835
16,2,-10.9768,2.5766208171844482,1.3116525411605835
17,3,-14.4211,3.7126786708831787,1.2901955842971802
18,3,-10.8422,3.7126786708831787,1.2901955842971802
19,3,-7.7591,3.7126786708831787,1.2901955842971802
20,3,-10.8765,3.7126786708831787,1.2901955842971802
26,4,-14.3822,3.472968578338623,1.2869527339935303
27,4,-10.9634,3.472968578338623,1.2869527339935303
28,4,-10.9266,3.472968578338623,1.2869527339935303
29,4,-10.9507,3.472968578338623,1.2869527339935303
0,0,-10.9242,4.527390956878662,1.45106840133667
1,0,-10.9050,4.527390956878662,1.45106840133667
2,0,-14.2502,4.527390956878662,1.45106840133667
0,0,-10.9073,4.527390956878662,1.45106840133667
1,0,-10.7877,4.527390956878662,1.45106840133667
2,0,-14.3199,4.527390956878662,1.45106840133667
3,0,-10.7470,4.527390956878662,1.45106840133667
4,1,-17.7938,2.120642900466919,0.8834875226020813
5,1,-14.3879,2.120642900466919,0.8834875226020813
6,1,-10.8454,2.120642900466919,0.8834875226020813
7,1,-14.2759,2.120642900466919,0.8834875226020813
13,2,-7.7602,2.1717846393585205,1.0233174562454224
14,2,-10.8900,2.1717846393585205,1.0233174562454224
15,2,-14.4046,2.1717846393585205,1.0233174562454224
16,2,-10.9885,2.1717846393585205,1.0233174562454224
17,3,-14.3175,4.586391448974609,1.3040670156478882
18,3,-14.0983,4.586391448974609,1.3040670156478882
19,3,-7.8172,4.586391448974609,1.3040670156478882
20,3,-10.9050,4.586391448974609,1.3040670156478882
26,4,-14.4741,4.343295097351074,1.3207100629806519
27,4,-14.1846,4.343295097351074,1.3207100629806519
28,4,-10.8612,4.343295097351074,1.3207100629806519
29,4,-10.9857,4.343295097351074,1.3207100629806519
0,0,-10.8719,5.241381645202637,1.3815064430236816
1,0,-10.8444,5.241381645202637,1.3815064430236816
2,0,-14.2605,5.241381645202637,1.3815064430236816
3,0,-10.8328,5.241381645202637,1.3815064430236816
4,1,-17.7139,1.7708553075790405,0.9202625155448914
5,1,-14.5077,1.7708553075790405,0.9202625155448914
6,1,-10.8172,1.7708553075790405,0.9202625155448914
7,1,-14.2197,1.7708553075790405,0.9202625155448914
13,2,-7.8306,1.839851975440979,1.0173403024673462
14,2,-10.8631,1.839851975440979,1.0173403024673462
15,2,-14.3378,1.839851975440979,1.0173403024673462
16,2,-10.9517,1.839851975440979,1.0173403024673462
17,3,-14.2649,2.6123955249786377,1.0534192323684692
18,3,-14.1630,2.6123955249786377,1.0534192323684692
19,3,-7.8036,2.6123955249786377,1.0534192323684692
20,3,-10.8767,2.6123955249786377,1.0534192323684692
26,4,-14.4066,2.4802536964416504,1.0771116018295288
27,4,-14.1290,2.4802536964416504,1.0771116018295288
28,4,-10.9243,2.4802536964416504,1.0771116018295288
29,4,-11.0302,2.4802536964416504,1.0771116018295288
0,0,-8.3256,2.8826870918273926,1.098993182182312
1,0,-8.2976,2.8826870918273926,1.098993182182312
2,0,-8.3761,2.8826870918273926,1.098993182182312
3,0,-11.5888,2.8826870918273926,1.098993182182312
4,1,-11.7529,2.4400529861450195,0.7780945897102356
5,1,-11.7396,2.4400529861450195,0.7780945897102356
6,1,-8.2702,2.4400529861450195,0.7780945897102356
7,1,-11.6534,2.4400529861450195,0.7780945897102356
13,2,-5.2821,2.4982047080993652,0.7975966930389404
14,2,-11.7290,2.4982047080993652,0.7975966930389404
15,2,-11.7969,2.4982047080993652,0.7975966930389404
16,2,-11.8463,2.4982047080993652,0.7975966930389404
17,3,-11.6506,3.1755716800689697,0.8887094259262085
18,3,-8.3354,3.1755716800689697,0.8887094259262085
19,3,-5.2550,3.1755716800689697,0.8887094259262085
20,3,-8.3296,3.1755716800689697,0.8887094259262085
26,4,-11.9025,2.9488110542297363,0.8556421995162964
27,4,-11.7776,2.9488110542297363,0.8556421995162964
28,4,-11.8724,2.9488110542297363,0.8556421995162964
29,4,-8.4844,2.9488110542297363,0.8556421995162964
0,0,-8.3379,3.334909677505493,1.0224583148956299
1,0,-11.6112,3.334909677505493,1.0224583148956299
2,0,-8.3158,3.334909677505493,1.0224583148956299
3,0,-11.4842,3.334909677505493,1.0224583148956299
4,1,-11.6500,2.207625150680542,1.0435813665390015
5,1,-11.9284,2.207625150680542,1.0435813665390015
6,1,-11.6183,2.207625150680542,1.0435813665390015
7,1,-15.2352,2.207625150680542,1.0435813665390015
13,2,-8.3708,2.3790128231048584,1.1572166681289673
14,2,-11.6139,2.3790128231048584,1.1572166681289673
15,2,-11.7794,2.3790128231048584,1.1572166681289673
16,2,-15.7941,2.3790128231048584,1.1572166681289673
17,3,-11.6744,2.240403652191162,0.9426870942115784
18,3,-8.4386,2.240403652191162,0.9426870942115784
19,3,-8.3336,2.240403652191162,0.9426870942115784
20,3,-8.2726,2.240403652191162,0.9426870942115784
26,4,-11.8991,2.1030590534210205,0.9678255319595337
27,4,-15.3603,2.1030590534210205,0.9678255319595337
28,4,-11.8269,2.1030590534210205,0.9678255319595337
29,4,-8.4047,2.1030590534210205,0.9678255319595337
0,0,-8.3851,2.3236334323883057,0.9523225426673889
1,0,-11.5277,2.3236334323883057,0.9523225426673889
2,0,-8.3708,2.3236334323883057,0.9523225426673889
3,0,-15.0142,2.3236334323883057,0.9523225426673889
4,1,-15.0132,2.0297155380249023,0.8426495790481567
5,1,-11.8431,2.0297155380249023,0.8426495790481567
6,1,-11.7015,2.0297155380249023,0.8426495790481567
7,1,-15.1062,2.0297155380249023,0.8426495790481567
13,2,-8.3182,2.0738797187805176,0.8284813165664673
14,2,-15.3971,2.0738797187805176,0.8284813165664673
15,2,-15.5949,2.0738797187805176,0.8284813165664673
16,2,-15.6274,2.0738797187805176,0.8284813165664673
17,3,-11.7876,4.229787349700928,1.0911197662353516
18,3,-11.6383,4.229787349700928,1.0911197662353516
19,3,-8.2829,4.229787349700928,1.0911197662353516
20,3,-11.6371,4.229787349700928,1.0911197662353516
26,4,-11.8029,3.9924235343933105,1.0581973791122437
27,4,-15.4013,3.9924235343933105,1.0581973791122437
28,4,-11.8499,3.9924235343933105,1.0581973791122437
29,4,-8.4700,3.9924235343933105,1.0581973791122437
0,0,-5.2487,4.984186172485352,1.1845735311508179
1,0,-8.2563,4.984186172485352,1.1845735311508179
2,0,-8.1721,4.984186172485352,1.1845735311508179
3,0,-11.4533,4.984186172485352,1.1845735311508179
4,1,-11.7020,2.1968863010406494,0.7896304726600647
5,1,-11.6739,2.1968863010406494,0.7896304726600647
6,1,-8.3143,2.1968863010406494,0.7896304726600647
7,1,-11.7399,2.1968863010406494,0.7896304726600647
13,2,-5.2185,2.412944793701172,0.7876714468002319
14,2,-11.6893,2.412944793701172,0.7876714468002319
15,2,-11.9014,2.412944793701172,0.7876714468002319
16,2,-11.9553,2.412944793701172,0.7876714468002319
17,3,-11.7309,1.5627808570861816,0.6201133131980896
18,3,-8.2578,1.5627808570861816,0.6201133131980896
19,3,-5.2763,1.5627808570861816,0.6201133131980896
20,3,-8.3739,1.5627808570861816,0.6201133131980896
26,4,-11.7882,1.4627604484558105,0.6012778878211975
27,4,-11.8702,1.4627604484558105,0.6012778878211975
28,4,-8.3334,1.4627604484558105,0.6012778878211975
29,4,-8.4607,1.4627604484558105,0.6012778878211975
0,0,-8.4133,2.0186688899993896,0.7919875979423523
1,0,-11.5718,2.0186688899993896,0.7919875979423523
2,0,-8.2971,2.0186688899993896,0.7919875979423523
3,0,-15.0796,2.0186688899993896,0.7919875979423523
4,1,-15.0733,1.57219398021698,0.7975595593452454
5,1,-11.8881,1.57219398021698,0.7975595593452454
6,1,-11.7464,1.57219398021698,0.7975595593452454
7,1,-15.1743,1.57219398021698,0.7975595593452454
13,2,-8.3460,1.6049124002456665,0.7688077092170715
14,2,-11.5782,1.6049124002456665,0.7688077092170715
15,2,-11.8440,1.6049124002456665,0.7688077092170715
16,2,-15.7154,1.6049124002456665,0.7688077092170715
17,3,-11.6402,2.36565899848938,0.859657347202301
18,3,-11.6814,2.36565899848938,0.859657347202301
19,3,-8.3096,2.36565899848938,0.859657347202301
20,3,-8.3490,2.36565899848938,0.859657347202301
26,4,-11.8537,2.2120707035064697,0.8410566449165344
27,4,-15.2973,2.2120707035064697,0.8410566449165344
28,4,-11.7813,2.2120707035064697,0.8410566449165344
29,4,-8.3799,2.2120707035064697,0.8410566449165344
