Episode,Decision_Point_Index,Timestamp,Num_Agents,Job_Names
0,0,0.0,4,"Job_0, Job_1, Job_2, Job_3"
0,1,1.45,3,"Job_0, Job_2, Job_3"
0,3,3.43,1,Job_3
0,4,4.91,1,Job_2
0,5,5.95,2,"Job_3, Job_4"
0,6,6.74,2,"Job_1, Job_2"
0,7,7.75,1,Job_3
0,10,10.27,1,"Job_1, Job_6"
0,11,12.27,2,"Job_5, Job_6"
0,12,14.2,1,Job_5
0,13,15.24,1,Job_6
0,15,19.63,1,Job_6
0,16,22.72,1,Job_7
0,18,24.17,1,Job_7
0,20,28.82,1,Job_7
0,21,30.32,1,Job_7
0,22,32.3,1,Job_9
0,23,34.15,1,Job_9
0,1023,34.16,1,Job_Added
0,1024,34.17,1,Job_Added
0,1025,34.18,1,Job_Added
0,10025,34.19,1,Job_Added
0,10026,34.2,1,Job_Added
0,10027,34.21,1,Job_Added
0,10028,34.22,1,Job_Added
0,10029,34.23,1,Job_Added
0,10030,34.24,1,Job_Added
0,10031,34.25,1,Job_Added
0,12031,34.26,2,Job_Added
0,12032,34.27,2,Job_Added
1,0,0.0,4,"Job_0, Job_1, Job_2, Job_3"
1,1,1.3,1,Job_0
1,2,2.87,1,Job_3
1,3,4.15,1,Job_1
1,4,5.63,1,Job_3
1,5,7.39,2,"Job_1, Job_3"
1,6,9.57,1,Job_1
1,7,11.73,1,Job_1
1,8,24.12,1,Job_4
1,9,27.5,1,Job_5
1,10,29.38,1,Job_5
1,11,31.64,2,"Job_5, Job_6"
1,12,34.26,1,Job_6
1,13,36.38,1,Job_6
1,14,37.82,1,Job_7
1,15,40.44,1,"Job_7, Job_8"
1,16,42.51,1,"Job_7, Job_9"
1,17,43.82,1,Job_8
1,18,44.96,2,"Job_7, Job_9"
1,19,47.84,1,Job_9
1,7119,47.85,1,Job_Added
1,7120,47.86000000000001,1,Job_Added
1,7121,47.870000000000005,1,Job_Added
1,7122,47.88,1,Job_Added
2,0,0.0,4,"Job_0, Job_1, Job_2, Job_3"
2,1,1.78,2,"Job_0, Job_1"
2,2,3.8,1,Job_3
2,3,7.29,2,"Job_3, Job_4"
2,4,9.31,1,Job_4
2,5,11.56,1,Job_3
2,6,13.62,1,Job_3
2,7,15.19,1,Job_5
2,8,17.64,1,Job_5
2,9,19.29,1,Job_5
2,10,21.2,1,Job_5
2,11,24.91,2,"Job_5, Job_6"
2,12,26.92,1,Job_6
2,13,29.8,1,Job_7
2,14,30.26,1,Job_6
2,15,32.39,1,Job_7
2,16,33.26,1,Job_6
2,17,48.37,1,Job_8
2,5217,48.38,1,Job_Added
2,5218,48.39,1,Job_Added
2,5219,48.4,1,Job_Added
2,5220,48.41,1,Job_Added
2,15420,48.42,1,Job_Added
2,15421,48.43,1,Job_Added
2,15422,48.44,1,Job_Added
3,0,0.0,4,"Job_0, Job_1, Job_2, Job_3"
3,1,1.57,1,Job_3
3,2,5.48,1,Job_4
3,3,7.23,1,Job_5
3,4,8.36,1,Job_4
3,5,10.64,1,Job_5
3,6,18.22,1,Job_6
3,7,20.7,2,"Job_6, Job_7"
3,8,22.5,1,Job_6
3,9,23.36,1,Job_7
3,10,25.25,1,Job_7
3,11,27.43,1,Job_7
3,12,33.51,1,Job_8
3,13,36.55,2,"Job_8, Job_9"
3,14,38.18,2,"Job_8, Job_9"
3,15,40.88,2,"Job_10, Job_8"
3,16,42.36,1,Job_11
3,17,43.8,1,Job_10
3,18,45.68,1,Job_11
3,19,47.28,1,Job_11
3,20,48.09150545663898,3,"Job_X,Job_Y,Job_Z"
3,9320,48.101505456638975,1,Job_Added
3,9321,48.11150545663898,1,Job_Added
3,9322,48.12150545663898,1,Job_Added
3,9323,48.131505456638976,1,Job_Added
3,10323,48.141505456638974,1,Job_Added
3,10324,48.15150545663898,1,Job_Added
3,10325,48.16150545663898,1,Job_Added
3,10326,48.171505456638975,1,Job_Added
3,10327,48.18150545663897,1,Job_Added
3,10328,48.19150545663898,1,Job_Added
3,10329,48.20150545663898,2,Job_Added
3,10330,48.211505456638974,2,Job_Added
3,10331,48.22150545663898,2,Job_Added
3,10332,48.23150545663898,2,Job_Added
3,10333,48.241505456638976,3,Job_Added
4,0,0.0,4,"Job_0, Job_1, Job_2, Job_3"
4,1,1.56,2,"Job_2, Job_3"
4,2,14.63,1,Job_4
4,3,17.4,1,Job_5
4,4,20.57,2,"Job_5, Job_6"
4,5,22.59,2,"Job_6, Job_7"
4,6,24.3,2,"Job_6, Job_7"
4,7,26.93,1,Job_7
4,8,28.77,1,Job_7
4,9,30.14,1,Job_7
4,10,30.777454011884736,1,Job_NEW1
4,11,31.13507143064099,1,Job_NEW2
4,12,31.41319939418114,1,Job_NEW3
4,13,31.799865848419703,3,"Job_A,Job_B,Job_C"
4,14,32.15560186404424,3,"Job_A,Job_B,Job_C"
4,5414,32.16560186404424,1,Job_Added
4,5415,32.175601864044246,1,Job_Added
4,5416,32.185601864044244,1,Job_Added
4,5417,32.19560186404424,1,Job_Added
4,11817,32.20560186404424,1,Job_Added
4,11818,32.215601864044245,1,Job_Added
4,11819,32.22560186404424,1,Job_Added
4,11820,32.23560186404424,1,Job_Added
4,11821,32.24560186404424,1,Job_Added
5,0,0.0,4,"Job_0, Job_1, Job_2, Job_3"
5,2,2.64,1,Job_4
5,3,2.68,1,Job_3
5,4,4.25,1,Job_1
5,5,4.25,1,Job_0
5,6,5.16,1,Job_5
5,9,8.94,1,Job_0
5,11,11.89,1,Job_5
5,12,12.96,1,Job_6
5,13,13.22,1,Job_5
5,14,15.82,1,Job_5
5,16,35.31,1,Job_7
5,17,38.19,1,Job_7
5,20,43.46,1,Job_9
5,22,44.05,1,Job_8
5,21,44.71,1,Job_7
5,23,47.37,1,Job_10
5,24,48.49,1,Job_8
5,6524,48.5,1,Job_Added
5,6525,48.510000000000005,1,Job_Added
5,6526,48.52,1,Job_Added
5,6527,48.53,1,Job_Added
6,0,0.0,4,"Job_0, Job_1, Job_2, Job_3"
6,1,1.81,1,Job_2
6,2,3.44,1,Job_2
6,3,5.21,1,Job_2
6,4,18.54,1,Job_4
6,5,20.37,2,Job_4
6,6,22.58,1,Job_4
6,7,25.26,1,Job_4
6,8,28.79,1,Job_5
6,9,30.13,1,Job_5
6,10,34.91,1,Job_6
6,11,35.21,1,Job_7
6,12,36.33,1,Job_8
6,13,37.94,2,Job_6
6,14,38.69,2,"Job_8, Job_9"
6,15,40.77,1,Job_9
6,16,41.38,2,Job_8
6,17,44.56,1,Job_10
6,7617,44.57,2,Job_Added
6,7618,44.580000000000005,1,Job_Added
6,7619,44.59,2,Job_Added
6,17219,44.6,1,Job_Added
6,17220,44.61000000000001,1,Job_Added
6,17221,44.620000000000005,1,Job_Added
6,17222,44.63,1,Job_Added
6,17223,44.64,1,Job_Added
7,0,0.0,4,"Job_0, Job_1, Job_2, Job_3"
7,1,1.31,1,Job_1
7,2,3.59,1,Job_1
7,3,7.26,1,Job_1
7,4,9.15,1,Job_4
7,5,12.8,3,Job_4
7,6,14.72,1,Job_4
7,7,16.73,1,Job_4
7,8,17.75,2,Job_5
7,9,20.96,3,Job_5
7,10,33.79,2,Job_6
7,11,43.94,1,Job_7
7,12,45.77,1,Job_7
7,13,47.9,2,Job_8
7,4013,47.91,1,Job_Added
7,4014,47.92,1,Job_Added
7,9714,47.93,1,Job_Added
7,9715,47.940000000000005,1,Job_Added
7,9716,47.95,1,Job_Added
7,9717,47.96,1,Job_Added
7,9718,47.97,1,Job_Added
7,19418,47.98,1,Job_Added
7,19419,47.99,1,Job_Added
7,19420,48.0,1,Job_Added
7,19421,48.01,1,Job_Added
7,19422,48.02,1,Job_Added
7,19423,48.03,1,Job_Added
7,19424,48.04,1,Job_Added
7,19425,48.05,1,Job_Added
8,0,0.0,4,"Job_0, Job_1, Job_2, Job_3"
8,1,1.21,1,Job_1
8,2,2.23,1,Job_2
8,3,4.63,1,Job_4
8,4,17.92,1,Job_5
8,5,23.18,2,Job_6
8,6,25.44,2,Job_7
8,7,26.27,1,Job_8
8,8,28.24,1,Job_7
8,9,29.14,1,Job_8
8,10,31.84,1,Job_7
8,11,33.65,1,Job_7
8,12,34.39,1,Job_9
8,13,36.45,1,Job_7
8,14,44.34,1,Job_10
8,15,46.41,2,Job_10
8,16,48.84,1,Job_10
8,6816,48.85,1,Job_Added
8,6817,48.86000000000001,1,Job_Added
8,6818,48.870000000000005,1,Job_Added
8,6819,48.88,1,Job_Added
8,6820,48.89,1,Job_Added
8,17620,48.9,3,Job_Added
9,0,0.0,4,"Job_0, Job_1, Job_2, Job_3"
9,1,1.2,1,Job_1
9,2,2.05,1,Job_2
9,3,19.42,1,Job_4
9,4,20.4,1,Job_5
9,5,22.41,3,Job_5
9,6,25.73,2,Job_5
9,7,28.66,1,Job_5
9,8,31.86,2,Job_5
9,9,33.53,1,Job_6
9,10,35.35,1,Job_6
9,11,42.58,1,Job_7
9,12,44.25,3,Job_7
9,13,46.23,1,Job_7
9,14,46.63873496429021,2,Job_NEW9_0
9,15,46.90304770995517,1,Job_NEW9_1
9,5915,46.913047709955165,2,Job_Added
9,5916,46.92304770995517,2,Job_Added
9,5917,46.93304770995517,1,Job_Added
9,5918,46.94304770995517,1,Job_Added
9,5919,46.953047709955165,1,Job_Added
9,15819,46.96304770995516,1,Job_Added
9,15820,46.97304770995517,1,Job_Added
9,15821,46.983047709955166,1,Job_Added
9,15822,46.99304770995517,1,Job_Added
9,15823,47.00304770995516,1,Job_Added
9,15824,47.01304770995517,1,Job_Added
9,15825,47.023047709955165,1,Job_Added
9,15826,47.03304770995516,1,Job_Added
9,15827,47.04304770995517,1,Job_Added
9,15828,47.053047709955166,1,Job_Added
9,15829,47.06304770995517,1,Job_Added
10,0,0.0,4,"Job_0, Job_1, Job_2, Job_3"
10,1,1.72,2,Job_2
10,2,3.27,1,Job_3
10,3,5.55,1,Job_2
10,4,6.78,1,Job_3
10,5,7.83,1,Job_2
10,6,11.81,1,Job_2
10,7,12.76,2,Job_4
10,8,14.6,2,Job_4
10,9,16.17,1,Job_4
10,10,29.98,1,Job_5
10,11,31.77,3,Job_5
10,12,33.55,1,Job_6
10,13,34.79,1,Job_5
10,14,35.57,1,Job_6
10,15,37.49,1,Job_6
10,16,39.28,1,Job_6
10,3016,39.29,1,Job_Added
10,14016,39.3,1,Job_Added
10,14017,39.31,1,Job_Added
10,25017,39.32,1,Job_Added
10,25018,39.330000000000005,1,Job_Added
10,25019,39.34,1,Job_Added
10,25020,39.35,1,Job_Added
10,25021,39.36,1,Job_Added
10,25022,39.370000000000005,1,Job_Added
10,25023,39.38,1,Job_Added
10,25024,39.39,1,Job_Added
10,25025,39.400000000000006,1,Job_Added
10,25026,39.41,1,Job_Added
10,25027,39.42,1,Job_Added
10,25028,39.43,2,Job_Added
10,25029,39.440000000000005,2,Job_Added
10,25030,39.45,2,Job_Added
10,25031,39.46,2,Job_Added
10,25032,39.47,3,Job_Added
10,25033,39.48,3,Job_Added
11,0,0.0,4,"Job_0, Job_1, Job_2, Job_3"
11,1,1.17,1,Job_2
11,2,3.1,1,Job_2
11,3,34.83,2,"Job_4, Job_5"
11,4,36.24,1,Job_4
11,5,37.73,1,Job_5
11,6,40.18,1,Job_5
11,7,43.75,1,Job_5
11,8,44.1994601645538,1,Job_NEW11_0
11,9,44.42280831044493,1,Job_NEW11_1
11,10,44.67554739237572,1,Job_NEW11_2
11,11,44.93963299097228,1,Job_NEW11_3
11,12,45.18773150976911,1,Job_NEW11_4
11,13,45.49965742301546,1,Job_NEW11_5
11,14,45.69081972003332,1,Job_NEW11_6
11,15,45.97718939948397,1,Job_NEW11_7
11,7115,45.98718939948397,1,Job_Added
11,7116,45.99718939948397,1,Job_Added
11,7117,46.00718939948397,1,Job_Added
11,7118,46.01718939948397,1,Job_Added
11,7119,46.027189399483966,1,Job_Added
11,7120,46.03718939948397,1,Job_Added
11,7121,46.04718939948397,1,Job_Added
11,7122,46.05718939948397,1,Job_Added
12,0,0.0,4,"Job_0, Job_1, Job_2, Job_3"
12,1,1.66,3,Job_0
12,2,2.23,1,Job_3
12,3,5.4,1,Job_3
12,5,8.79,1,Job_5
12,6,9.88,1,Job_4
12,7,10.17,4,Job_5
12,8,11.35,2,"Job_4, Job_6"
12,9,14.48,1,Job_4
12,10,15.93,1,Job_7
12,11,16.42,1,Job_8
12,12,17.2,1,Job_9
12,13,17.85,1,Job_6
12,14,18.87,1,Job_8
12,15,19.78,1,Job_7
12,16,20.65,1,Job_6
12,17,22.75,1,Job_8
12,18,24.33,1,Job_8
12,21,31.39,2,Job_11
12,22,32.28,1,Job_10
12,23,33.16,1,Job_12
12,24,34.89,3,Job_11
12,28,41.39,1,Job_3
12,10228,41.4,1,Job_Added
12,10229,41.41,1,Job_Added
12,10230,41.42,1,Job_Added
12,10231,41.43,1,Job_Added
12,10232,41.44,2,Job_Added
12,10233,41.45,2,Job_Added
13,0,0.0,4,"Job_0, Job_1, Job_2, Job_3"
13,1,1.85,2,"Job_0, Job_2"
13,3,3.79,1,Job_2
13,4,4.67,1,Job_3
13,5,5.3,1,Job_4
13,8,8.52,1,"Job_4, Job_6"
13,11,11.82,3,Job_7
13,12,12.73,1,Job_5
13,14,14.78,1,"Job_5, Job_7"
13,16,16.6,3,"Job_5, Job_7, Job_8"
13,17,17.4,1,Job_9
13,21,22.54,1,Job_6
13,22,23.49,1,Job_10
13,25,26.48,1,Job_11
13,26,27.84,1,Job_10
13,27,28.12,2,Job_11
13,28,29.16,2,Job_10
13,29,30.2,1,Job_11
13,31,34.48,1,Job_10
13,33,37.67,1,Job_12
13,34,45.38,1,Job_13
13,8334,45.39,1,Job_Added
13,8335,45.400000000000006,1,Job_Added
13,8336,45.41,1,Job_Added
13,9636,45.419999999999995,1,Job_Added
13,9637,45.43,1,Job_Added
13,9638,45.44,1,Job_Added
13,9639,45.449999999999996,1,Job_Added
13,9640,45.459999999999994,1,Job_Added
13,9641,45.47,1,Job_Added
13,9642,45.48,1,Job_Added
13,9643,45.489999999999995,2,Job_Added
13,9644,45.5,2,Job_Added
13,9645,45.51,2,Job_Added
14,0,0.0,4,"Job_0, Job_1, Job_2, Job_3"
14,1,1.33,2,"Job_0, Job_1"
14,2,3.1,1,Job_3
14,4,4.15,1,Job_2
14,3,4.55,1,Job_1
14,6,7.3,1,Job_0
14,5,7.91,1,Job_1
14,7,38.32,2,"Job_4, Job_5"
14,8,40.25,1,Job_5
14,9,41.47,1,Job_4
14,10,43.42,2,"Job_5, Job_6"
14,11,45.9,1,Job_6
14,12,47.77,1,Job_6
14,2012,47.78,1,Job_Added
14,2013,47.790000000000006,1,Job_Added
14,2014,47.8,1,Job_Added
14,2015,47.81,1,Job_Added
14,8415,47.82,1,Job_Added
14,8416,47.830000000000005,1,Job_Added
14,8417,47.84,1,Job_Added
14,8418,47.85,1,Job_Added
14,8419,47.86,1,Job_Added
14,8420,47.870000000000005,1,Job_Added
15,0,0.0,4,"Job_0, Job_1, Job_2, Job_3"
15,1,1.41,1,"Job_0, Job_1"
15,2,2.4,1,Job_3
15,3,3.3,1,Job_4
15,4,5.57,1,"Job_4, Job_5"
15,5,7.71,1,Job_5
15,6,8.17,1,Job_4
15,7,10.44,1,Job_4
15,8,12.36,1,Job_4
15,9,20.24,2,"Job_6, Job_7"
15,10,22.93,1,Job_6
15,11,23.93,1,Job_7
15,12,24.92,1,Job_6
15,13,25.82,1,Job_7
15,14,26.35,1,Job_6
15,15,28.66,1,Job_6
15,16,42.88,1,"Job_8, Job_9"
15,17,44.55,1,"Job_8, Job_9"
15,18,46.82,2,"Job_8, Job_9"
15,11518,46.83,1,Job_Added
15,11519,46.84,1,Job_Added
15,11520,46.85,1,Job_Added
15,11521,46.86,1,Job_Added
16,0,0.0,4,"Job_0, Job_1, Job_2, Job_3"
16,1,1.27,2,"Job_0, Job_1"
16,2,4.15,1,Job_2
16,3,5.89,1,Job_1
16,4,6.39,1,Job_2
16,5,8.38,1,Job_4
16,6,10.18,2,"Job_2, Job_4"
16,7,12.58,1,Job_4
16,8,25.82,1,Job_5
16,9,29.9,1,Job_5
16,10,31.64,1,Job_5
16,11,33.55,1,Job_6
16,12,34.38,1,Job_7
16,13,35.19,1,Job_6
16,14,36.2,1,Job_7
16,15,38.37,1,Job_7
16,16,39.3,1,Job_6
16,17,40.88,2,"Job_7, Job_8"
16,18,41.82,1,Job_9
16,19,44.34,1,Job_9
16,20,46.27,1,Job_7
16,21,47.82,1,Job_9
17,0,0.0,4,"Job_0, Job_1, Job_2, Job_3"
17,1,1.54,2,"Job_0, Job_1"
17,2,2.92,1,Job_3
17,3,7.48,2,"Job_4, Job_5"
17,4,10.94,2,"Job_5, Job_6"
17,5,12.34,1,Job_7
17,6,15.83,1,Job_7
17,7,32.87,1,Job_8
17,8,39.11,1,Job_9
17,9,41.69,1,Job_9
17,10,44.76,1,Job_9
17,11,46.34,1,Job_9
17,12,47.55,1,Job_10
17,13,47.980087333004654,1,Job_NEW17_0
17,14,48.21869458163418,1,Job_NEW17_1
17,15,48.48231826769682,1,Job_NEW17_2
17,16,48.76657495702882,1,Job_NEW17_3
17,17,49.00669708009691,1,Job_NEW17_4
17,18,49.23982539588987,1,Job_NEW17_5
17,6718,49.24982539588987,1,Job_Added
17,6719,49.25982539588988,1,Job_Added
17,6720,49.26982539588988,1,Job_Added
17,6721,49.27982539588987,1,Job_Added
18,0,0.0,4,"Job_0, Job_1, Job_2, Job_3"
18,1,1.73,1,Job_1
18,6,7.21,3,Job_1
18,7,8.66,1,Job_4
18,8,11.58,1,Job_5
18,9,13.22,2,Job_5
18,10,16.82,2,Job_5
18,15,24.18,1,Job_6
18,16,25.39,1,Job_7
18,17,26.62,2,Job_8
18,18,27.56,1,Job_9
18,19,27.93,1,Job_6
18,23,35.56,1,Job_2
18,25,37.33,2,Job_8
18,26,38.8,1,Job_11
18,27,39.42,1,Job_10
18,29,43.29,1,Job_2
18,30,44.96,1,Job_10
18,32,45.96,1,Job_2
18,34,48.32,2,Job_12
18,38,50.12772895660792,3,"Job_A3,Job_B3,Job_C3"
18,8838,50.13772895660792,1,Job_Added
18,8839,50.14772895660792,1,Job_Added
18,8840,50.15772895660792,1,Job_Added
18,8841,50.16772895660792,1,Job_Added
18,8842,50.17772895660792,1,Job_Added
18,8843,50.18772895660792,1,Job_Added
18,8844,50.19772895660792,1,Job_Added
18,19644,50.20772895660792,1,Job_Added
19,0,0.0,4,"Job_0, Job_1, Job_2, Job_3"
19,1,6.54,2,"Job_4, Job_5"
19,2,8.46,2,Job_5
19,3,9.37,1,Job_4
19,4,10.9,2,Job_5
19,5,11.35,1,Job_4
19,6,13.13,1,Job_4
19,7,22.64,1,Job_6
19,8,24.26,2,Job_6
19,9,27.42,2,Job_6
19,10,28.55,1,Job_7
19,11,29.24,1,Job_6
19,12,31.89,1,Job_6
19,13,34.85,1,Job_8
19,14,35.15,2,Job_9
19,15,39.35,1,Job_10
19,16,41.91,1,Job_10
19,6916,41.92,2,Job_Added
19,6917,41.93,1,Job_Added
19,6918,41.94,1,Job_Added
19,6919,41.95,1,Job_Added
19,6920,41.96,1,Job_Added
19,17820,41.97,1,Job_Added
19,17821,41.98,1,Job_Added
19,17822,41.99,1,Job_Added
19,17823,42.0,1,Job_Added
19,17824,42.01,1,Job_Added
19,29724,42.02,1,Job_Added
19,29725,42.03,1,Job_Added
19,29726,42.04,1,Job_Added
19,29727,42.05,1,Job_Added
20,0,0.0,4,"Job_0, Job_1, Job_2, Job_3"
20,1,1.36,1,Job_1
20,2,2.31,1,Job_4
20,3,3.23,1,Job_1
20,4,7.54,1,Job_5
20,5,9.68,1,Job_5
20,6,10.98,1,Job_6
20,7,11.8,1,Job_5
20,8,13.59,3,"Job_5, Job_6, Job_7"
20,9,14.32,1,Job_8
20,10,15.57,1,Job_6
20,11,16.7,1,Job_7
20,12,17.34,1,Job_8
20,13,19.22,2,"Job_6, Job_8"
20,14,21.87,2,"Job_5, Job_8"
20,15,23.1,1,Job_9
20,16,24.78,1,Job_8
20,17,25.87,1,Job_9
20,18,27.66,1,Job_10
20,19,29.42,2,"Job_10, Job_11"
20,20,32.43,1,Job_11
20,21,34.73,1,Job_11
20,22,35.31,1,Job_12
20,23,36.87,1,Job_11
20,24,38.86,1,Job_11
20,25,40.75,1,Job_13
21,0,0.0,4,"Job_0, Job_1, Job_2, Job_3"
21,1,1.77,1,Job_0
21,2,2.43,1,Job_3
21,3,2.58,1,Job_1
21,4,4.66,1,Job_3
21,5,7.66,1,Job_3
21,6,24.66,1,Job_4
21,7,26.58,1,Job_4
21,8,32.18,1,Job_5
21,9,35.22,1,Job_5
21,10,37.28,1,Job_6
21,11,38.84,1,Job_5
21,12,39.87,1,Job_6
21,13,40.39,1,Job_5
21,14,41.27,1,Job_7
21,15,42.27,1,Job_6
21,16,43.64,1,Job_7
21,17,44.14,1,Job_6
21,18,45.16,2,"Job_7, Job_8"
21,19,47.63,1,Job_8
22,0,0.0,4,"Job_0, Job_1, Job_2, Job_3"
22,1,1.23,2,"Job_0, Job_4"
22,2,2.7,1,Job_5
22,3,3.98,1,Job_1
22,4,4.11,1,Job_5
22,6,5.55,1,Job_0
22,5,5.56,1,Job_2
22,8,7.12,1,Job_1
22,7,7.3,1,Job_2
22,9,10.68,1,Job_4
22,10,11.67,1,Job_6
22,11,12.15,1,Job_4
22,12,14.28,1,Job_7
22,13,16.59,1,Job_7
22,14,19.7,1,Job_7
22,16,20.05,1,Job_8
22,15,20.26,1,Job_9
22,17,21.71,1,Job_7
22,18,22.67,1,Job_8
22,19,23.44,1,Job_10
22,20,24.93,1,Job_9
22,21,27.33,1,Job_11
22,22,28.93,1,Job_9
22,23,30.72,1,Job_11
22,24,31.93,1,Job_9
22,25,32.22,1,Job_11
22,26,34.34,2,"Job_12, Job_9"
22,27,35.4,1,Job_11
22,28,36.41,2,"Job_12, Job_13"
22,29,39.75,1,Job_13
22,30,40.58,1,Job_12
22,31,41.2,1,Job_13
22,32,43.67,2,"Job_12, Job_13"
22,33,45.83,1,Job_14
22,34,46.92,1,Job_12
23,0,0.0,4,"Job_0, Job_1, Job_2, Job_3"
23,1,1.68,1,Job_2
23,2,2.05,1,Job_3
23,3,3.62,1,Job_2
23,4,12.88,1,Job_4
23,5,19.33,1,Job_5
23,6,32.69,1,Job_6
23,7,34.83,1,Job_6
23,8,45.59,1,Job_7
23,9,47.57,1,Job_7
24,0,0.0,4,"Job_0, Job_1, Job_2, Job_3"
24,1,1.6,1,Job_0
24,2,2.58,1,Job_1
24,3,4.15,1,Job_0
24,5,5.2,1,Job_1
24,4,5.32,1,Job_4
24,6,7.22,1,Job_4
24,7,9.44,1,Job_4
24,8,11.18,1,Job_4
24,9,15.9,1,Job_5
24,10,18.36,1,Job_5
24,11,19.9,1,Job_6
24,12,20.35,1,Job_5
24,13,21.66,1,Job_6
24,14,22.93,1,Job_5
24,15,24.46,1,Job_6
24,16,26.86,1,Job_0
24,17,27.4,1,Job_6
24,18,28.1,1,Job_1
24,19,29.41,1,Job_6
24,20,30.9,1,Job_0
24,21,31.95,1,Job_1
24,22,32.75,1,Job_0
24,23,34.9,1,Job_1
24,24,39.89,1,Job_7
24,25,40.65,1,Job_8
24,26,41.79,1,Job_7
24,27,42.79,1,Job_8
24,28,44.55,1,Job_7
24,29,45.67,1,Job_8
24,30,46.61,1,Job_9
24,31,47.17,1,Job_7
24,32,48.24,1,Job_9
25,0,0.0,4,"Job_0, Job_1, Job_2, Job_3"
25,1,1.54,1,Job_0
25,2,2.58,1,Job_1
25,3,4.85,1,Job_0
25,4,6.07,1,Job_1
25,5,9.31,1,Job_1
25,6,12.9,1,Job_1
25,7,16.64,1,Job_4
25,8,18.73,1,Job_5
25,9,19.11,1,Job_4
25,10,21.37,1,Job_4
25,11,23.19,1,Job_4
26,0,0.0,4,"Job_0, Job_1, Job_2, Job_3"
26,1,1.17,2,"Job_0, Job_3"
26,3,2.58,1,Job_2
26,2,2.69,1,Job_4
26,4,5.72,1,Job_0
26,5,15.1,1,Job_5
26,6,17.67,1,Job_5
26,7,19.29,1,Job_5
26,8,21.9,1,Job_5
26,9,23.24,1,Job_5
26,10,28.59,2,"Job_6, Job_7"
26,11,31.91,2,"Job_6, Job_8"
26,12,33.88,1,Job_9
26,13,34.72,1,Job_8
26,14,35.45,1,Job_9
26,15,36.68,1,Job_10
26,16,37.16,2,"Job_8, Job_9"
26,17,39.89,2,"Job_10, Job_9"
26,18,40.3,1,Job_11
26,19,41.49,2,"Job_10, Job_12"
26,20,43.92,2,"Job_10, Job_12"
26,21,44.75,1,Job_11
26,22,44.92,1,Job_13
26,23,45.73,1,Job_12
26,24,47.31,2,"Job_11, Job_12"
27,0,0.0,4,"Job_0, Job_1, Job_2, Job_3"
27,1,1.92,1,Job_1
27,2,3.83,1,Job_4
27,3,4.39,1,Job_1
27,4,5.39,1,Job_4
27,5,7.46,1,Job_4
27,6,10.76,1,Job_4
27,7,18.68,1,Job_5
27,8,20.83,1,Job_5
27,9,22.86,1,Job_5
27,10,40.69,1,Job_6
27,11,42.4,1,Job_6
27,12,44.29,2,"Job_6, Job_7"
27,13,46.61,1,Job_6
28,0,0.0,4,"Job_0, Job_1, Job_2, Job_3"
28,1,1.6,2,"Job_0, Job_1"
28,2,2.75,1,Job_2
28,3,11.18,1,Job_4
28,4,13.9,1,Job_4
28,5,16.71,1,Job_4
28,6,17.05,1,Job_5
28,7,19.61,1,Job_5
28,8,22.23,1,Job_5
28,9,24.64,1,Job_5
28,10,25.43,1,Job_6
28,11,27.94,3,"Job_5, Job_6, Job_7"
28,12,29.26,2,"Job_6, Job_7"
28,13,31.56,1,Job_8
28,14,33.1,1,Job_6
28,15,36.85,1,Job_6
28,16,37.34,1,Job_9
29,0,0.0,4,"Job_0, Job_1, Job_2, Job_3"
29,1,1.74,3,"Job_0, Job_1, Job_3"
29,2,2.58,1,Job_2
29,3,3.32,1,Job_0
29,5,4.22,1,Job_1
29,4,4.97,1,Job_3
29,6,7.71,1,Job_2
29,7,9.45,1,Job_2
29,8,29.89,1,Job_4
29,9,48.66,1,Job_5
30,0,0.0,4,"Job_0, Job_1, Job_2, Job_3"
30,1,1.81,2,"Job_0, Job_2"
30,2,10.55,1,Job_4
30,3,12.71,1,Job_4
30,4,14.44,1,Job_4
30,5,16.61,1,Job_4
30,6,24.54,1,Job_5
30,7,26.38,1,Job_5
30,8,28.8,1,Job_6
30,9,29.27,1,Job_5
30,10,29.75,1,Job_7
30,11,30.74,1,Job_6
30,12,32.8,2,"Job_5, Job_6"
30,14,34.27,1,Job_7
30,13,34.35,2,"Job_0, Job_6"
30,15,35.85,1,Job_5
30,16,36.12,1,Job_7
30,18,37.58,1,Job_8
30,17,37.67,1,Job_6
30,19,38.92,1,Job_0
30,20,40.84,2,"Job_7, Job_8"
30,21,41.26,2,"Job_0, Job_3"
30,22,42.88,1,Job_8
30,23,43.94,1,Job_3
30,24,44.95,1,Job_8
31,0,0.0,4,"Job_0, Job_1, Job_2, Job_3"
31,1,1.56,2,"Job_0, Job_1"
31,2,2.05,1,Job_3
31,3,3.91,1,Job_1
31,4,5.55,3,"Job_1, Job_2, Job_4"
31,5,8.79,1,Job_5
31,6,9.43,1,Job_0
31,7,11.67,1,Job_5
31,8,12.11,1,Job_0
31,9,13.71,1,Job_5
31,10,16.93,1,Job_5
31,11,21.48,1,Job_6
31,12,32.96,1,Job_7
31,13,35.79,1,Job_7
31,14,38.86,1,Job_7
31,15,40.96,1,Job_7
31,16,47.86,1,Job_8
32,0,0.0,4,"Job_0, Job_1, Job_2, Job_3"
32,1,1.42,1,Job_0
32,2,3.62,1,Job_3
32,3,4.36,1,Job_0
32,4,6.45,1,Job_3
32,5,7.44,1,Job_0
32,6,8.23,1,Job_3
32,7,10.86,1,Job_3
32,8,33.38,1,Job_4
32,9,35.61,1,Job_4
32,10,37.18,1,Job_4
32,11,40.25,1,Job_4
32,12,46.6,1,Job_5
33,0,0.0,4,"Job_0, Job_1, Job_2, Job_3"
33,1,1.52,3,"Job_0, Job_1, Job_2"
33,2,3.58,1,Job_2
33,3,6.93,1,Job_2
33,4,12.72,1,Job_4
33,5,15.61,1,Job_4
33,6,29.19,1,Job_5
33,7,31.38,1,Job_5
33,8,32.65,1,Job_6
33,9,33.62,1,Job_7
33,10,35.17,1,Job_7
33,11,36.98,1,Job_6
33,12,37.18,1,Job_7
33,13,39.22,1,Job_7
33,14,45.56,1,Job_8
33,15,46.81,1,Job_9
33,16,48.88,1,Job_9
34,0,0.0,4,"Job_0, Job_1, Job_2, Job_3"
34,1,1.44,2,"Job_2, Job_4"
34,2,4.25,1,Job_4
34,3,6.76,1,Job_4
34,4,14.72,1,Job_5
34,5,16.57,1,Job_6
34,6,17.73,1,Job_7
34,7,18.77,1,Job_8
34,8,19.42,1,Job_7
34,9,20.32,1,Job_8
34,10,21.36,1,Job_7
34,11,22.65,1,Job_8
34,12,23.82,1,Job_7
34,13,24.82,1,Job_8
34,14,30.87,1,Job_9
34,15,33.22,1,Job_9
34,16,36.91,1,Job_9
34,17,47.56,1,Job_10
35,0,0.0,4,"Job_0, Job_1, Job_2, Job_3"
35,1,1.19,1,Job_0
35,2,2.55,1,Job_2
35,3,3.27,1,Job_1
35,4,3.58,1,Job_3
35,5,5.58,1,Job_4
35,7,6.25,1,Job_0
35,6,6.81,1,Job_3
35,8,7.3,1,Job_1
35,9,8.68,2,"Job_3, Job_4"
35,10,9.58,1,Job_1
35,11,10.72,1,Job_4
35,12,13.81,1,Job_2
35,13,19.89,1,Job_5
35,14,21.4,1,Job_6
35,15,37.43,1,Job_7
35,16,39.66,1,Job_7
35,17,41.73,1,Job_7
35,18,44.93,1,Job_7
35,19,46.18,1,Job_7
36,0,0.0,4,"Job_0, Job_1, Job_2, Job_3"
36,1,1.56,1,Job_2
36,2,2.05,1,Job_3
36,3,3.61,1,Job_4
36,5,5.03,1,Job_2
36,4,5.13,1,Job_4
36,6,7.51,1,Job_2
36,7,14.58,1,Job_5
36,8,16.41,2,"Job_5, Job_6"
36,9,18.79,2,"Job_5, Job_7"
36,10,19.36,1,Job_8
36,11,20.37,2,"Job_5, Job_7"
36,12,21.63,1,Job_8
36,13,23.5,1,Job_6
36,15,25.1,1,Job_7
36,14,25.13,1,Job_9
36,16,27.13,1,Job_10
36,17,27.9,1,Job_6
36,18,28.83,1,Job_9
36,19,29.83,1,Job_7
36,20,31.21,1,Job_10
36,21,32.62,1,Job_6
36,22,33.42,1,Job_7
36,23,34.15,1,Job_3
36,24,35.21,1,Job_11
36,25,35.83,1,Job_10
36,26,36.56,1,Job_12
36,27,38.79,1,Job_10
36,28,38.8,1,Job_1
36,29,39.29,1,Job_12
36,30,40.17,1,Job_10
36,31,41.65,1,Job_11
36,32,43.92,1,Job_11
36,33,45.82,1,Job_11
36,34,48.18,1,Job_11
37,0,0.0,4,"Job_0, Job_1, Job_2, Job_3"
37,1,1.71,1,Job_0
37,2,2.15,2,"Job_2, Job_4"
37,3,3.98,1,Job_1
37,4,5.55,1,Job_0
37,5,7.48,1,Job_4
37,6,9.29,1,Job_4
37,7,12.28,1,Job_4
37,8,13.57,2,"Job_5, Job_6"
37,9,14.35,1,Job_4
37,10,15.58,1,Job_5
37,11,18.59,2,"Job_5, Job_7"
37,12,20.72,1,Job_5
37,13,21.67,1,Job_7
37,14,24.68,1,Job_7
37,15,27.37,1,Job_7
37,16,29.75,1,Job_7
37,17,40.97,1,Job_8
37,18,42.91,2,"Job_8, Job_9"
37,19,43.56,1,Job_10
37,20,46.39,1,Job_10
38,0,0.0,4,"Job_0, Job_1, Job_2, Job_3"
38,1,1.74,1,Job_0
38,3,2.23,1,Job_1
38,2,2.81,1,Job_3
38,4,4.59,1,Job_3
38,6,5.2,1,Job_2
38,5,5.34,1,Job_4
38,7,8.64,3,"Job_2, Job_4, Job_5"
38,8,10.49,2,"Job_2, Job_4"
38,9,12.35,1,Job_2
38,10,13.49,1,Job_4
38,11,14.43,1,Job_2
38,12,16.17,1,Job_4
38,13,22.12,1,Job_6
38,14,32.96,1,Job_7
38,15,46.84,1,Job_8
38,16,48.72,1,Job_8
39,0,0.0,4,"Job_0, Job_1, Job_2, Job_3"
39,1,1.46,2,"Job_0, Job_2"
39,2,6.25,2,"Job_4, Job_5"
39,3,9.24,1,Job_4
39,4,13.32,1,Job_4
39,5,16.76,1,Job_4
39,6,19.16,1,Job_6
39,7,20.59,1,Job_7
39,8,21.24,1,Job_6
39,9,22.74,1,Job_7
39,10,24.19,2,"Job_6, Job_7"
39,11,26.18,1,Job_6
39,12,27.69,2,"Job_7, Job_8"
39,13,28.83,1,Job_6
39,14,30.71,1,Job_9
39,15,32.53,1,Job_9
39,16,34.35,1,Job_9
40,0,0.0,4,"Job_0, Job_1, Job_2, Job_3"
40,1,1.23,2,"Job_0, Job_3"
40,2,2.95,1,Job_4
40,3,3.54,1,Job_0
40,4,4.76,1,Job_4
40,5,6.53,1,Job_5
40,6,7.59,1,Job_4
40,7,8.64,1,Job_5
40,8,13.47,1,Job_6
40,9,14.32,1,Job_7
40,10,21.42,1,Job_8
40,11,23.29,1,Job_8
40,12,26.5,1,Job_8
40,13,27.77,1,Job_9
40,14,29.47,2,"Job_8, Job_9"
40,15,31.64,1,Job_8
40,16,34.66,1,Job_10
40,17,37.19,1,Job_10
40,18,39.45,1,Job_10
40,19,41.11,2,"Job_10, Job_11"
40,20,47.2,1,Job_12
40,21,48.14,1,Job_13
41,0,0.0,4,"Job_0, Job_1, Job_2, Job_3"
41,1,1.14,2,"Job_2, Job_3"
41,2,5.86,1,Job_4
41,3,6.65,1,Job_5
41,4,7.73,1,Job_4
41,5,8.55,1,Job_5
41,6,9.52,1,Job_4
41,7,10.84,1,Job_5
41,8,11.19,1,Job_4
41,9,12.68,1,Job_5
41,10,14.54,2,"Job_4, Job_5"
41,11,20.52,1,Job_6
41,12,22.28,1,Job_6
41,13,24.21,1,Job_6
41,14,26.66,1,Job_6
41,15,28.17,1,Job_6
41,16,31.25,1,Job_7
41,17,41.49,1,Job_8
41,18,43.62,1,Job_8
41,19,45.45,1,Job_8
42,0,0.0,4,"Job_0, Job_1, Job_2, Job_3"
42,1,1.9,1,Job_4
42,2,3.65,1,Job_4
42,3,19.67,1,Job_5
42,4,20.61,1,Job_6
42,5,22.46,2,"Job_5, Job_6"
42,6,24.66,1,Job_5
42,7,25.14,1,Job_6
42,8,27.43,1,Job_6
42,9,45.66,1,Job_7
42,10,47.55,1,Job_7
43,0,0.0,4,"Job_0, Job_1, Job_2, Job_3"
43,1,1.86,1,Job_3
43,2,5.69,1,Job_4
43,3,7.52,1,Job_4
43,4,8.25,1,Job_5
43,5,10.59,2,"Job_4, Job_5"
43,6,13.16,1,Job_6
43,7,27.67,1,Job_7
43,8,29.9,1,Job_7
43,9,31.46,1,Job_7
43,10,33.92,1,Job_7
43,11,34.12,1,Job_8
43,12,35.87,1,Job_9
43,13,37.31,1,Job_8
43,14,38.62,1,Job_9
43,15,39.21,1,Job_1
43,16,40.94,1,Job_11
43,17,41.23,1,Job_10
43,18,42.82,1,Job_9
43,19,44.61,2,"Job_1, Job_11"
43,20,44.64,1,Job_10
43,21,46.04,1,Job_9
43,22,47.45,1,Job_10
43,23,48.92,1,Job_1
44,0,0.0,4,"Job_0, Job_1, Job_2, Job_3"
44,1,1.16,3,"Job_1, Job_2, Job_3"
44,2,4.23,3,"Job_1, Job_4, Job_5"
44,3,5.67,1,Job_6
44,4,7.7,2,"Job_1, Job_5"
44,5,8.51,1,Job_6
44,6,9.57,1,Job_3
44,7,10.59,1,Job_5
44,8,11.4,1,Job_6
44,9,12.94,1,Job_5
44,10,14.21,2,"Job_7, Job_8"
44,11,16.41,1,Job_7
44,12,17.05,1,Job_8
44,13,19.83,1,Job_8
44,14,21.17,1,Job_8
44,15,22.44,2,"Job_10, Job_9"
44,16,24.8,1,Job_8
44,17,26.1,1,Job_9
44,18,31.96,1,Job_11
44,19,34.38,1,Job_11
44,20,36.91,1,Job_11
44,21,40.27,1,Job_12
44,22,48.16,1,Job_13
45,0,0.0,4,"Job_0, Job_1, Job_2, Job_3"
45,1,1.24,2,"Job_1, Job_3"
45,2,4.71,2,"Job_1, Job_4"
45,3,6.65,1,Job_4
45,4,7.19,1,Job_1
45,5,8.85,1,Job_5
45,6,10.74,1,Job_5
45,7,13.79,1,Job_5
45,8,16.38,1,Job_5
45,9,19.29,1,Job_5
45,10,21.12,1,Job_6
45,11,27.18,1,Job_7
45,12,29.75,1,Job_7
45,13,31.71,1,Job_7
45,14,43.16,1,Job_8
45,15,45.8,1,Job_8
45,16,46.38,1,Job_9
45,17,48.85,1,Job_8
46,0,0.0,4,"Job_0, Job_1, Job_2, Job_3"
46,1,7.12,1,Job_4
46,2,19.82,1,Job_5
46,3,21.35,1,Job_5
46,4,25.21,1,Job_5
46,5,26.94,1,Job_6
46,6,27.72,1,Job_7
46,7,32.66,1,Job_8
46,8,36.88,1,Job_9
46,9,38.48,1,Job_9
46,10,40.75,1,Job_9
47,0,0.0,4,"Job_0, Job_1, Job_2, Job_3"
47,1,1.45,1,Job_0
47,2,2.82,1,Job_4
47,3,3.98,1,Job_2
47,4,4.35,1,Job_4
47,5,6.77,1,Job_2
47,6,7.05,1,Job_4
47,7,9.32,1,Job_2
47,8,11.42,1,Job_2
47,9,14.26,1,Job_5
47,10,33.77,1,Job_6
47,11,36.89,2,"Job_6, Job_7"
47,12,38.82,2,"Job_6, Job_7"
49,0,0.0,4,"Job_0, Job_1, Job_2, Job_3"
49,1,1.84,1,Job_1
49,2,3.98,1,Job_1
49,3,16.47,1,Job_4
49,4,21.43,1,Job_5
49,5,24.49,1,Job_5
49,6,26.75,1,Job_5
49,7,27.79,2,"Job_6, Job_7"
49,8,29.75,1,Job_7
49,10,31.27,1,Job_5
49,9,31.4,1,Job_8
49,11,32.93,1,Job_7
49,12,34.23,1,Job_7
49,13,37.86,1,Job_7
49,14,43.48,1,Job_9
50,0,0.0,4,"Job_0, Job_1, Job_2, Job_3"
50,1,1.87,1,Job_0
50,2,3.98,1,Job_1
50,3,5.03,1,Job_0
50,4,17.77,1,Job_4
50,5,20.55,1,Job_4
50,6,23.81,1,Job_4
50,7,25.41,1,Job_4
50,8,27.87,1,Job_4
50,9,29.1,1,Job_5
50,10,31.46,1,Job_6
50,11,32.77,1,Job_5
50,12,34.19,1,Job_6
50,13,39.9,1,Job_7
51,0,0.0,4,"Job_0, Job_1, Job_2, Job_3"
51,1,1.16,1,Job_0
51,2,2.58,1,Job_2
51,3,4.87,1,Job_4
51,4,6.55,1,Job_4
51,5,22.84,1,Job_5
51,6,24.22,1,Job_5
51,7,27.38,1,Job_5
51,8,31.9,1,Job_6
51,9,34.41,1,Job_6
51,10,37.91,1,Job_6
51,11,38.45,1,Job_7
51,12,47.11,1,Job_8
52,0,0.0,4,"Job_0, Job_1, Job_2, Job_3"
52,1,1.91,2,"Job_0, Job_3"
52,2,3.61,1,Job_0
52,3,4.91,1,Job_3
52,4,6.66,1,Job_3
52,5,7.18,2,"Job_0, Job_4"
52,6,9.38,1,Job_4
52,7,13.95,1,Job_4
52,8,15.51,1,Job_4
52,9,18.38,1,Job_4
52,10,21.41,1,Job_5
52,11,23.69,1,Job_5
52,12,25.75,1,Job_5
52,13,27.95,1,Job_5
52,14,33.61,1,Job_6
52,15,36.78,1,Job_6
52,16,38.78,1,Job_7
52,17,41.22,1,Job_7
52,18,44.55,1,Job_7
52,19,45.66,1,Job_8
52,20,47.5,1,Job_8
53,0,0.0,4,"Job_0, Job_1, Job_2, Job_3"
53,1,1.2,2,"Job_0, Job_2"
53,2,2.23,1,Job_3
53,3,3.45,1,Job_2
53,4,15.36,1,Job_4
53,5,18.59,1,Job_4
53,6,21.5,1,Job_4
53,7,23.39,1,Job_4
53,8,44.7,1,Job_5
53,9,47.77,2,"Job_5, Job_6"
54,0,0.0,4,"Job_0, Job_1, Job_2, Job_3"
54,1,1.86,2,"Job_0, Job_3"
54,2,2.8,1,Job_4
54,3,3.43,1,Job_0
54,4,4.8,1,Job_4
54,5,7.18,1,Job_4
54,6,11.54,1,Job_4
54,7,17.15,1,Job_5
54,8,31.59,1,Job_6
54,9,33.24,1,Job_6
54,10,35.26,1,Job_6
54,11,36.49,1,Job_7
54,12,37.76,1,Job_8
54,13,38.89,2,"Job_7, Job_9"
54,14,40.64,2,"Job_7, Job_9"
54,16,42.27,1,Job_8
54,15,42.41,1,Job_9
54,17,44.55,1,Job_7
54,18,45.2,2,"Job_8, Job_9"
54,19,47.23,1,Job_8
54,20,48.23,1,Job_10
55,0,0.0,4,"Job_0, Job_1, Job_2, Job_3"
55,1,1.22,2,"Job_0, Job_2"
55,2,3.71,2,"Job_4, Job_5"
55,3,4.78,1,Job_2
55,4,5.58,1,Job_0
55,5,6.65,2,"Job_2, Job_4"
55,6,8.21,2,"Job_2, Job_5"
55,7,10.81,1,Job_4
55,8,11.57,1,Job_5
55,9,14.71,2,"Job_5, Job_6"
55,10,16.19,1,Job_6
55,11,23.17,1,Job_7
55,12,25.22,2,"Job_7, Job_8"
55,13,27.22,2,"Job_7, Job_8"
55,14,29.94,2,"Job_7, Job_8"
55,15,31.45,1,Job_9
55,16,33.1,1,Job_8
55,17,34.72,1,Job_9
55,18,36.16,1,Job_9
55,19,48.83,1,Job_10
56,0,0.0,4,"Job_0, Job_1, Job_2, Job_3"
56,1,1.45,1,Job_0
56,2,3.27,1,Job_1
56,3,5.73,1,Job_1
56,4,21.17,1,Job_4
56,5,23.8,1,Job_5
56,6,24.18,1,Job_4
56,7,25.91,1,Job_5
56,8,26.98,1,Job_4
56,9,29.94,1,Job_5
56,10,31.75,1,Job_5
56,11,33.45,1,Job_6
56,12,34.68,1,Job_5
56,13,35.43,1,Job_6
56,14,40.43,1,Job_7
56,15,43.22,1,Job_8
56,16,44.82,1,Job_7
56,17,46.77,1,Job_7
56,18,47.75,1,Job_9
56,19,48.94,1,Job_7
57,0,0.0,4,"Job_0, Job_1, Job_2, Job_3"
57,1,1.6,2,"Job_0, Job_2"
57,2,3.49,1,Job_0
57,3,5.88,1,Job_2
57,4,8.98,1,Job_4
57,5,13.77,1,Job_5
57,6,14.24,1,Job_6
57,7,15.43,1,Job_5
57,8,17.54,1,Job_5
57,9,19.16,1,Job_5
57,10,21.17,1,Job_5
57,11,30.79,1,Job_7
57,12,33.52,1,Job_7
57,13,35.2,1,Job_7
57,14,38.25,1,Job_7
57,15,40.24,1,Job_7
57,16,42.6,1,Job_8
57,17,46.48,1,Job_9
57,18,48.91,1,Job_9
58,0,0.0,4,"Job_0, Job_1, Job_2, Job_3"
58,1,1.67,1,Job_3
58,2,4.75,1,Job_4
58,3,6.62,2,"Job_5, Job_6"
58,4,7.2,1,Job_4
58,5,8.92,2,"Job_5, Job_6"
58,6,9.54,1,Job_7
58,7,10.45,2,"Job_4, Job_5"
58,8,12.38,1,Job_6
58,9,13.11,1,Job_5
58,10,15.15,1,Job_7
58,11,17.84,1,Job_7
58,12,19.33,1,Job_7
58,13,21.92,2,"Job_7, Job_8"
58,14,23.16,2,"Job_8, Job_9"
58,15,25.93,1,Job_9
58,16,26.52,1,Job_8
58,17,28.15,1,Job_8
58,18,41.21,1,Job_10
58,19,42.18,1,Job_11
58,20,43.2,1,Job_10
58,21,44.86,1,Job_11
58,22,46.68,1,Job_11
59,0,0.0,4,"Job_0, Job_1, Job_2, Job_3"
59,1,21.76,2,"Job_4, Job_5"
59,2,23.57,1,Job_4
59,3,24.62,1,Job_5
59,4,25.94,2,"Job_4, Job_6"
59,5,28.21,2,"Job_5, Job_7"
59,7,29.75,1,Job_2
59,6,29.96,1,Job_0
59,8,30.43,1,Job_7
59,9,31.85,1,Job_5
59,10,32.35,1,Job_1
59,11,33.6,1,Job_2
59,12,34.87,1,Job_5
59,13,34.98,1,Job_8
59,14,38.3,1,Job_9
59,15,39.59,1,Job_1
59,16,40.96,1,Job_9
59,17,41.93,1,Job_1
59,18,43.57,1,Job_1
59,19,44.11,1,Job_10
59,20,46.65,1,Job_10
59,21,48.96,1,Job_10
60,0,0.0,4,"Job_0, Job_1, Job_2, Job_3"
60,1,4.14,1,Job_4
60,2,6.89,1,Job_4
60,3,20.57,1,Job_5
60,4,21.23,1,Job_6
60,5,24.71,1,Job_6
60,6,26.51,1,Job_6
60,7,28.65,1,Job_6
60,8,30.62,1,Job_7
60,9,31.98,1,Job_6
60,10,32.87,1,Job_7
60,11,35.19,1,Job_7
60,12,38.37,1,Job_7
60,13,40.17,1,Job_7
60,14,44.59,1,Job_8
60,15,47.96,1,Job_8
61,0,0.0,4,"Job_0, Job_1, Job_2, Job_3"
61,1,1.91,1,Job_1
61,2,2.58,1,Job_3
61,3,22.57,1,Job_4
61,4,25.86,1,Job_4
61,5,27.66,1,Job_4
61,6,43.72,1,Job_5
61,7,45.51,1,Job_5
61,8,46.5,1,Job_6
61,9,47.65,1,Job_5
61,10,48.66,1,Job_8
62,0,0.0,4,"Job_0, Job_1, Job_2, Job_3"
62,1,1.37,1,Job_0
62,2,3.98,1,Job_2
62,3,6.25,1,Job_3
62,4,9.62,1,Job_3
62,5,17.9,1,Job_4
62,6,20.3,1,Job_4
62,7,22.52,1,Job_4
62,8,24.14,1,Job_4
63,0,0.0,4,"Job_0, Job_1, Job_2, Job_3"
63,1,1.43,1,Job_2
63,2,2.58,1,Job_3
63,3,4.15,1,Job_2
63,4,7.12,1,Job_3
63,5,8.7,1,Job_2
63,6,10.27,1,Job_3
63,7,12.35,1,Job_4
63,8,22.95,1,Job_5
63,9,34.89,1,Job_6
63,10,36.62,1,Job_6
63,11,38.21,1,Job_7
63,12,39.51,1,Job_6
63,13,40.93,1,Job_7
63,14,41.65,1,Job_6
63,15,42.94,1,Job_7
63,16,43.35,1,Job_6
63,17,44.71,1,Job_7
63,18,46.58,1,Job_8
63,19,48.27,1,Job_8
64,0,0.0,4,"Job_0, Job_1, Job_2, Job_3"
64,1,1.4,1,Job_0
64,2,2.58,1,Job_2
64,3,5.55,1,Job_0
64,4,7.8,1,Job_4
64,5,10.7,1,Job_5
64,6,12.28,1,Job_5
64,7,15.88,1,Job_5
64,8,18.51,1,Job_5
64,9,26.41,1,Job_6
64,10,29.81,1,Job_6
64,11,31.62,1,Job_7
64,12,40.17,1,Job_8
64,13,42.91,1,Job_8
64,14,44.73,1,Job_8
64,15,46.64,1,Job_8
64,16,48.97,1,Job_8
65,0,0.0,4,"Job_0, Job_1, Job_2, Job_3"
65,1,1.48,4,"Job_0, Job_1, Job_2, Job_3"
65,2,3.9,1,Job_2
65,4,5.28,1,Job_3
65,3,5.98,1,Job_4
65,5,6.72,1,Job_5
65,7,7.55,1,Job_2
65,6,7.58,1,Job_4
65,9,9.12,1,Job_3
65,8,9.38,2,"Job_4, Job_6"
65,10,11.1,1,Job_7
65,11,12.82,1,Job_6
65,12,14.1,1,Job_8
65,14,16.2,1,Job_6
65,13,16.71,1,Job_2
65,15,17.24,1,Job_8
65,16,18.84,1,Job_6
65,17,19.91,1,Job_8
65,18,20.19,1,Job_6
65,19,22.17,1,Job_8
65,20,24.45,1,Job_8
65,21,27.8,1,Job_9
65,22,30.83,1,Job_9
65,23,34.95,1,Job_10
65,24,36.94,1,Job_10
65,25,38.75,1,Job_10
65,26,45.65,1,Job_11
66,0,0.0,4,"Job_0, Job_1, Job_2, Job_3"
66,1,1.27,2,"Job_1, Job_3"
66,2,3.47,1,Job_1
66,3,7.93,1,Job_4
66,4,18.87,1,Job_5
66,5,20.63,1,Job_5
66,6,21.14,1,Job_6
66,7,22.45,1,Job_5
66,8,23.12,1,Job_6
66,9,24.93,1,Job_5
66,10,25.44,1,Job_6
66,11,26.82,2,"Job_5, Job_7"
66,12,28.82,2,"Job_6, Job_7"
66,13,30.52,2,"Job_8, Job_9"
66,14,31.82,1,Job_7
66,15,32.48,1,Job_8
66,16,34.37,2,"Job_7, Job_8"
66,17,36.98,1,Job_8
66,18,40.23,1,Job_10
66,19,42.2,1,Job_10
66,20,44.84,1,Job_10
66,21,46.8,1,Job_10
66,22,48.63,1,Job_10
67,0,0.0,4,"Job_0, Job_1, Job_2, Job_3"
67,1,1.95,3,"Job_0, Job_1, Job_2"
67,2,2.44,1,Job_4
67,3,5.95,1,Job_4
67,4,7.59,1,Job_4
67,5,9.96,1,Job_4
67,6,19.85,1,Job_5
67,7,21.77,1,Job_5
67,8,23.91,1,Job_5
67,9,25.83,1,Job_5
67,10,27.35,1,Job_5
67,11,29.51,1,Job_6
67,12,31.25,1,Job_6
67,13,33.91,1,Job_6
67,14,35.63,1,Job_6
67,15,38.33,1,Job_7
67,16,41.69,1,Job_7
67,17,43.64,1,Job_7
67,18,44.85,1,Job_8
67,19,45.44,1,Job_7
67,20,47.52,1,Job_8
68,0,0.0,4,"Job_0, Job_1, Job_2, Job_3"
68,1,1.24,1,Job_0
68,2,2.47,1,Job_4
68,3,3.98,1,Job_3
68,5,5.2,1,Job_0
68,4,5.34,1,Job_4
68,6,6.15,2,"Job_3, Job_5"
68,7,8.69,1,Job_3
68,9,9.22,1,Job_4
68,8,9.87,1,Job_5
68,10,10.82,1,Job_3
68,11,11.57,1,Job_4
68,12,12.99,1,Job_5
68,13,13.77,1,Job_3
68,14,16.99,1,Job_6
68,15,20.59,1,Job_6
68,16,30.78,1,Job_7
68,17,32.57,1,Job_7
68,18,34.83,1,Job_7
68,19,37.59,1,Job_7
68,20,39.94,1,Job_7
69,0,0.0,4,"Job_0, Job_1, Job_2, Job_3"
69,1,1.6,2,"Job_0, Job_2"
69,2,2.75,1,Job_3
69,3,3.86,1,Job_4
69,4,5.85,1,Job_3
69,5,6.32,1,Job_4
69,6,7.47,1,Job_5
69,7,9.26,1,Job_4
69,8,10.5,1,Job_5
69,9,11.21,1,Job_4
69,10,17.95,1,Job_6
69,11,20.17,1,Job_6
69,12,21.64,1,Job_7
69,13,23.75,1,Job_6
69,14,24.3,1,Job_7
69,15,26.7,1,Job_7
69,16,36.65,1,Job_8
69,17,38.65,1,Job_9
69,18,39.42,1,Job_8
69,19,42.2,1,Job_9
69,20,46.7,1,Job_10
70,0,0.0,4,"Job_0, Job_1, Job_2, Job_3"
70,1,1.71,1,Job_0
70,2,2.82,1,Job_2
70,3,6.56,1,Job_2
70,4,7.32,1,Job_4
70,5,9.26,1,Job_4
70,6,11.16,1,Job_4
70,7,13.43,2,"Job_4, Job_5"
70,8,15.62,1,Job_4
70,9,16.79,2,"Job_5, Job_6"
70,10,18.46,2,"Job_5, Job_7"
70,11,20.1,1,Job_6
70,12,21.56,2,"Job_5, Job_8"
70,13,22.82,1,Job_7
70,14,23.86,1,Job_0
70,15,24.57,1,Job_5
70,16,25.59,1,Job_0
70,17,26.5,1,Job_8
70,18,28.87,2,"Job_6, Job_8"
70,19,31.43,1,Job_8
70,20,32.82,1,Job_9
70,21,33.6,1,Job_10
70,22,35.56,3,"Job_10, Job_11, Job_9"
70,23,36.88,1,Job_12
70,24,37.78,1,Job_9
70,25,38.46,1,Job_13
70,26,39.47,1,Job_12
70,27,40.22,1,Job_13
70,28,41.13,1,Job_14
70,29,41.75,1,Job_9
70,30,42.77,2,"Job_12, Job_13"
70,31,43.65,1,Job_14
70,32,44.65,1,Job_13
70,33,46.84,1,Job_14
70,34,47.82,1,Job_15
70,35,48.73,1,Job_14
71,0,0.0,4,"Job_0, Job_1, Job_2, Job_3"
71,1,1.91,1,Job_1
71,2,2.92,1,Job_2
71,3,3.29,1,Job_1
71,4,4.27,1,Job_4
71,5,7.89,1,Job_4
71,6,8.22,1,Job_5
71,7,10.54,1,Job_4
71,8,11.82,1,Job_5
71,9,14.36,1,Job_5
71,10,16.52,1,Job_5
71,11,18.11,1,Job_6
71,12,24.41,1,Job_7
71,13,26.93,1,Job_8
71,14,28.1,1,Job_7
71,15,29.63,1,Job_8
71,16,30.54,1,Job_7
71,17,31.45,2,"Job_8, Job_9"
71,18,33.41,1,Job_7
71,19,34.49,1,Job_8
71,20,35.66,1,Job_9
71,21,36.9,1,Job_7
71,22,40.41,1,Job_1
72,0,0.0,4,"Job_0, Job_1, Job_2, Job_3"
72,1,1.34,1,Job_1
72,2,2.56,1,Job_4
72,3,4.8,1,Job_4
72,4,10.45,1,Job_5
72,5,12.21,1,Job_5
72,6,15.25,1,Job_5
72,7,17.25,2,"Job_5, Job_6"
72,8,18.65,1,Job_7
72,9,19.27,1,Job_8
72,10,20.87,2,"Job_5, Job_7"
72,12,21.05,1,Job_6
72,11,21.95,1,Job_8
72,13,22.23,1,Job_7
72,14,23.26,1,Job_6
72,15,24.92,1,Job_7
72,16,26.66,2,"Job_6, Job_9"
72,17,27.57,1,Job_10
72,18,28.54,2,"Job_8, Job_9"
72,19,30.3,2,"Job_7, Job_8"
72,20,32.43,2,"Job_11, Job_12"
72,21,33.33,1,Job_8
72,22,34.87,1,Job_9
72,23,35.51,1,Job_11
72,24,35.82,1,Job_12
72,25,36.97,1,Job_9
72,27,37.22,1,Job_13
72,26,37.54,1,Job_11
72,28,39.53,1,Job_9
72,30,41.27,1,Job_12
72,29,41.39,1,Job_2
72,31,42.58,1,Job_14
72,32,43.66,1,Job_12
72,33,45.68,3,"Job_1, Job_14, Job_15"
72,34,47.29,1,Job_14
72,35,48.31,1,Job_15
73,0,0.0,4,"Job_0, Job_1, Job_2, Job_3"
73,1,1.3,1,Job_0
73,2,2.17,1,Job_2
73,3,2.58,1,Job_1
73,4,4.21,2,"Job_1, Job_2"
73,5,10.21,1,Job_4
73,6,12.24,1,Job_4
73,7,23.22,1,Job_5
73,8,25.18,1,Job_5
73,9,27.67,1,Job_5
73,10,31.26,1,Job_6
73,11,33.41,1,Job_6
73,12,38.9,1,Job_7
73,13,40.29,1,Job_7
73,14,42.37,1,Job_7
73,15,45.29,1,Job_8
73,16,47.22,1,Job_8
73,17,48.52,1,Job_9
74,0,0.0,4,"Job_0, Job_1, Job_2, Job_3"
74,1,1.25,1,Job_1
74,2,2.69,1,Job_4
74,3,3.27,1,Job_2
74,4,4.25,1,Job_4
74,5,4.5,1,Job_3
74,6,6.78,1,Job_2
74,7,8.52,1,Job_5
74,8,10.32,1,Job_5
74,9,13.44,1,Job_5
74,10,15.55,1,Job_5
74,11,17.7,1,Job_6
74,12,19.18,1,Job_6
74,13,21.79,1,Job_7
74,14,23.65,2,"Job_7, Job_8"
74,15,26.22,1,Job_8
74,16,28.8,1,Job_7
74,17,31.85,1,Job_9
74,18,32.27,1,Job_7
74,19,34.89,2,"Job_7, Job_9"
74,20,37.2,1,Job_10
74,21,40.37,1,Job_10
74,22,43.79,1,Job_10
74,23,46.14,1,Job_11
75,0,0.0,4,"Job_0, Job_1, Job_2, Job_3"
75,1,1.75,2,"Job_2, Job_4"
75,2,2.05,1,Job_3
75,3,3.25,1,Job_5
75,4,4.3,1,Job_4
75,5,5.35,1,Job_5
75,6,6.32,1,Job_4
75,7,8.45,1,Job_4
75,8,10.54,1,Job_6
75,9,13.64,1,Job_6
75,10,16.45,1,Job_6
75,11,19.52,1,Job_6
75,12,22.26,1,Job_6
75,13,32.18,1,Job_7
75,14,36.21,1,Job_8
75,15,38.75,1,Job_8
75,16,40.51,1,Job_9
75,17,45.28,1,Job_10
75,18,47.42,2,"Job_10, Job_11"
76,0,0.0,4,"Job_0, Job_1, Job_2, Job_3"
76,1,1.18,1,Job_1
76,2,2.55,1,Job_3
76,3,3.27,1,Job_2
76,4,4.33,1,Job_1
76,5,5.9,1,Job_2
76,6,6.71,1,Job_3
76,7,8.13,1,Job_3
76,8,8.18,1,Job_1
76,10,9.23,1,Job_2
76,9,9.81,1,Job_4
76,11,11.35,1,Job_4
76,12,13.72,1,Job_5
76,13,14.66,1,Job_4
76,14,17.87,2,"Job_5, Job_6"
76,15,18.17,1,Job_7
76,16,19.56,1,Job_6
76,17,20.88,1,Job_7
76,18,22.58,1,Job_6
76,19,23.92,1,Job_7
76,20,24.24,1,Job_6
76,21,26.51,1,Job_7
76,22,27.15,1,Job_6
76,23,28.58,1,Job_7
76,24,30.34,1,Job_8
76,25,31.35,1,Job_9
76,26,33.37,1,Job_8
76,27,36.45,1,Job_8
76,28,39.17,2,"Job_10, Job_8"
76,29,40.82,1,Job_11
76,30,41.41,1,Job_10
76,31,43.32,1,Job_10
76,32,45.41,1,Job_10
76,33,46.77,1,Job_12
76,34,47.25,1,Job_10
76,35,48.26,1,Job_12
77,0,0.0,4,"Job_0, Job_1, Job_2, Job_3"
77,1,1.86,1,Job_0
77,2,2.29,2,"Job_2, Job_4"
77,3,3.27,1,Job_1
77,4,4.43,1,Job_4
77,5,5.62,2,"Job_1, Job_5"
77,6,6.53,1,Job_4
77,7,7.69,1,Job_1
77,8,8.65,1,Job_5
77,9,9.43,1,Job_4
77,10,9.75,1,Job_6
77,12,11.32,1,Job_5
77,11,11.51,1,Job_7
77,13,12.77,1,Job_6
77,14,13.97,1,Job_4
77,15,14.13,1,Job_6
77,16,15.2,1,Job_7
77,17,16.32,2,"Job_5, Job_8"
77,18,17.78,2,"Job_6, Job_7"
77,19,18.73,1,Job_8
77,20,19.9,1,Job_7
77,21,23.56,1,Job_9
77,22,27.57,1,Job_10
77,23,29.55,1,Job_10
77,24,31.2,1,Job_10
77,25,36.5,1,Job_11
78,0,0.0,4,"Job_0, Job_1, Job_2, Job_3"
78,1,1.22,3,"Job_1, Job_3, Job_4"
78,2,3.58,1,Job_1
78,3,4.57,1,Job_4
78,4,5.62,2,"Job_2, Job_5"
78,5,7.75,1,Job_4
78,6,8.32,1,Job_2
78,7,10.15,1,Job_6
78,8,10.28,1,Job_5
78,9,12.5,2,"Job_0, Job_5"
78,10,13.57,1,Job_6
78,11,15.34,1,Job_5
78,12,15.5,1,Job_7
78,13,16.44,1,Job_1
78,14,17.25,1,Job_5
78,15,18.12,1,Job_7
78,16,20.38,2,"Job_7, Job_8"
78,17,22.44,1,Job_8
78,18,23.39,1,Job_7
78,19,24.67,1,Job_8
78,20,25.29,2,"Job_7, Job_9"
78,21,26.61,1,Job_8
78,22,27.39,1,Job_11
78,23,29.43,3,"Job_10, Job_11, Job_12"
78,24,31.94,2,"Job_12, Job_9"
78,25,32.21,1,Job_10
78,26,33.63,2,"Job_12, Job_9"
78,27,34.89,1,Job_11
78,28,35.1,1,Job_13
78,29,36.63,1,Job_11
78,31,37.4,1,Job_10
78,30,37.7,1,Job_12
78,32,38.8,2,"Job_0, Job_14"
78,33,39.34,1,Job_12
78,34,41.23,2,"Job_0, Job_10"
78,35,42.4,1,Job_14
78,36,43.54,1,Job_15
78,37,45.27,2,"Job_14, Job_15"
78,38,47.18,2,"Job_14, Job_15"
79,0,0.0,4,"Job_0, Job_1, Job_2, Job_3"
79,1,1.35,2,"Job_0, Job_1"
79,2,2.58,1,Job_2
79,4,5.55,1,Job_0
79,3,5.58,1,Job_1
79,5,8.28,1,Job_0
79,6,10.62,1,Job_0
79,7,17.76,1,Job_4
79,8,19.3,1,Job_4
79,9,21.38,1,Job_5
79,10,23.29,1,Job_5
79,11,25.87,2,"Job_5, Job_7"
79,12,26.48,1,Job_6
79,13,28.21,1,Job_5
79,14,29.21,2,"Job_7, Job_8"
79,15,29.75,1,Job_6
79,16,32.57,2,"Job_8, Job_9"
79,18,33.05,1,Job_6
79,17,33.35,1,Job_7
79,19,34.62,1,Job_9
79,20,35.42,1,Job_7
79,22,36.55,1,Job_6
79,21,36.67,1,Job_8
79,23,37.61,1,Job_9
79,24,38.48,1,Job_8
79,25,39.42,1,Job_6
80,0,0.0,4,"Job_0, Job_1, Job_2, Job_3"
80,1,1.94,1,Job_0
80,2,2.58,1,Job_3
80,3,21.98,1,Job_4
80,4,29.64,1,Job_5
80,5,32.24,1,Job_6
80,6,33.31,1,Job_7
80,7,35.47,1,Job_7
80,8,38.93,1,Job_8
80,9,39.92,1,Job_7
80,10,42.84,1,Job_7
80,11,45.19,1,Job_7
81,0,0.0,4,"Job_0, Job_1, Job_2, Job_3"
81,1,1.8,3,"Job_0, Job_1, Job_2"
81,3,3.1,1,Job_3
81,2,3.24,1,Job_0
81,5,4.05,1,Job_2
81,4,4.32,1,Job_4
81,6,8.24,1,Job_2
81,7,9.36,1,Job_4
81,8,11.29,1,Job_4
81,9,13.27,1,Job_4
81,10,29.35,1,Job_5
81,11,30.68,1,Job_6
81,12,32.89,1,Job_6
81,13,34.6,1,Job_6
81,14,37.61,1,Job_6
81,15,40.25,1,Job_6
81,16,45.9,1,Job_7
81,17,47.17,1,Job_7
82,0,0.0,4,"Job_0, Job_1, Job_2, Job_3"
82,1,1.37,1,Job_0
82,2,2.23,1,Job_2
82,3,3.8,1,Job_3
82,4,4.57,1,Job_2
82,5,7.77,2,"Job_3, Job_4"
82,6,8.05,1,Job_5
82,7,9.62,1,Job_3
82,8,10.47,1,Job_4
82,9,11.75,1,Job_5
82,10,12.97,1,Job_4
82,11,14.3,2,"Job_4, Job_6"
82,12,16.41,1,Job_6
82,13,18.49,1,Job_7
82,14,19.2,1,Job_6
82,15,19.57,1,Job_8
82,16,20.45,1,Job_7
82,17,22.56,2,"Job_7, Job_8"
82,18,24.34,1,Job_8
82,19,27.24,1,Job_9
82,20,29.64,1,Job_9
82,21,32.38,1,Job_10
82,22,33.96,1,Job_9
82,23,34.61,1,Job_11
82,24,35.87,1,Job_9
82,25,36.27,2,"Job_10, Job_11"
82,26,37.83,1,Job_9
82,27,38.53,2,"Job_10, Job_11"
82,28,40.58,1,Job_11
82,29,43.33,2,"Job_11, Job_12"
83,0,0.0,4,"Job_0, Job_1, Job_2, Job_3"
83,1,1.19,1,Job_0
83,2,3.25,1,Job_4
83,3,3.98,1,Job_2
83,4,4.7,1,Job_0
83,5,5.42,1,Job_4
83,6,6.93,3,"Job_0, Job_2, Job_5"
83,7,8.26,1,Job_5
83,8,9.6,2,"Job_2, Job_6"
83,9,10.2,1,Job_5
83,10,13.94,1,Job_6
83,11,14.61,1,Job_7
83,12,17.41,1,Job_7
83,13,20.8,1,Job_7
83,14,23.35,1,Job_8
83,15,27.78,1,Job_8
83,16,29.35,1,Job_8
83,17,32.7,2,"Job_8, Job_9"
83,18,34.27,3,"Job_10, Job_8, Job_9"
83,19,41.39,2,"Job_11, Job_12"
83,20,42.76,1,Job_13
83,21,44.63,1,Job_13
83,22,46.48,1,Job_13
84,0,0.0,4,"Job_0, Job_1, Job_2, Job_3"
84,1,1.53,2,"Job_1, Job_2"
84,3,3.1,1,Job_3
84,2,3.55,1,Job_2
84,5,6.25,1,Job_1
84,4,6.32,1,Job_2
84,6,7.2,1,Job_3
84,7,8.48,1,Job_2
84,8,9.64,1,Job_3
84,9,11.43,1,Job_3
84,10,14.89,1,Job_3
84,11,16.81,1,Job_4
84,12,18.36,1,Job_4
84,13,25.62,2,"Job_5, Job_6"
84,14,27.92,2,"Job_5, Job_6"
84,15,28.24,1,Job_7
84,16,29.25,1,Job_6
84,17,30.53,2,"Job_5, Job_7"
84,18,33.73,1,Job_7
84,19,35.9,3,"Job_7, Job_8, Job_9"
84,20,37.57,1,Job_9
85,0,0.0,4,"Job_0, Job_1, Job_2, Job_3"
85,1,1.29,3,"Job_0, Job_1, Job_3"
85,2,4.2,1,Job_3
85,3,6.74,1,Job_0
85,4,7.15,2,"Job_3, Job_4"
85,5,9.61,1,Job_4
85,6,11.82,1,Job_2
85,7,12.4,2,"Job_4, Job_5"
85,8,12.57,1,Job_0
85,9,13.22,1,Job_2
85,10,15.26,1,Job_2
85,11,16.16,1,Job_5
85,12,17.93,1,Job_4
85,13,20.79,1,Job_6
85,14,21.98,1,Job_4
85,15,22.31,1,Job_6
85,16,25.28,1,Job_6
85,17,27.28,1,Job_6
85,18,30.8,1,Job_6
85,19,32.68,1,Job_7
85,20,34.57,2,"Job_7, Job_8"
85,21,36.44,1,Job_8
85,22,38.85,1,Job_9
85,23,40.39,1,Job_9
86,0,0.0,4,"Job_0, Job_1, Job_2, Job_3"
86,1,1.46,1,Job_0
86,2,2.82,1,Job_3
86,3,3.27,1,Job_2
86,4,27.33,1,Job_4
86,5,29.8,1,Job_4
86,6,31.5,2,"Job_4, Job_5"
86,7,33.45,2,"Job_5, Job_6"
86,8,35.52,1,Job_6
86,9,38.71,1,Job_6
86,10,47.78,1,Job_7
87,0,0.0,4,"Job_0, Job_1, Job_2, Job_3"
87,1,1.39,1,Job_0
87,2,2.05,1,Job_2
87,3,3.27,1,Job_0
87,4,4.85,1,Job_2
87,5,6.07,1,Job_0
87,6,7.65,1,Job_2
87,7,9.63,1,Job_2
87,8,17.52,1,Job_4
87,9,19.75,1,Job_4
87,10,21.98,1,Job_5
87,11,24.47,1,Job_5
87,12,28.41,1,Job_6
87,13,29.55,1,Job_7
87,14,31.34,1,Job_7
87,15,32.93,1,Job_8
87,16,34.87,1,Job_8
87,17,36.46,1,Job_8
87,18,39.58,1,Job_8
87,19,42.84,1,Job_8
88,0,0.0,4,"Job_0, Job_1, Job_2, Job_3"
88,1,1.88,3,"Job_0, Job_1, Job_4"
88,2,2.96,1,Job_2
88,3,3.65,1,Job_4
88,4,4.21,1,Job_5
88,5,5.24,1,Job_4
88,6,6.28,1,Job_3
88,7,6.58,1,Job_6
88,8,8.5,1,Job_4
88,9,9.75,1,Job_5
88,11,10.07,1,Job_6
88,10,10.94,1,Job_3
88,12,12.88,1,Job_4
88,13,14.9,1,Job_5
88,14,15.26,1,Job_7
88,15,16.65,2,"Job_5, Job_8"
88,16,17.16,1,Job_7
88,17,19.42,2,"Job_7, Job_8"
88,18,21.26,2,"Job_5, Job_8"
88,19,22.76,1,Job_7
88,20,24.61,2,"Job_7, Job_8"
88,21,30.85,1,Job_9
88,22,32.79,1,Job_9
88,23,35.22,1,Job_9
88,24,44.81,1,Job_10
88,25,47.28,1,Job_10
89,0,0.0,4,"Job_0, Job_1, Job_2, Job_3"
89,1,1.65,1,Job_0
89,2,2.23,1,Job_2
89,3,4.25,1,Job_2
89,4,8.25,1,Job_4
89,5,10.58,1,Job_4
89,6,12.82,1,Job_4
89,7,29.69,1,Job_5
89,8,31.87,1,Job_5
89,9,33.57,1,Job_5
89,10,37.42,1,Job_6
89,11,39.88,2,"Job_6, Job_7"
90,0,0.0,4,"Job_0, Job_1, Job_2, Job_3"
90,1,1.78,1,Job_0
90,2,2.45,1,Job_3
90,3,3.27,1,Job_2
90,4,4.83,1,Job_5
90,5,5.55,1,Job_0
90,6,6.49,1,Job_5
90,7,8.53,1,Job_2
90,8,10.27,1,Job_4
90,9,11.82,1,Job_5
90,10,13.64,1,Job_4
90,11,14.44,1,Job_5
90,12,15.4,1,Job_6
90,13,16.51,1,Job_4
90,14,17.35,1,Job_5
90,15,19.75,2,"Job_4, Job_6"
90,16,21.18,1,Job_1
90,17,23.62,1,Job_2
90,18,24.37,1,Job_1
90,19,25.61,1,Job_7
90,20,27.76,1,Job_7
90,21,28.77,1,Job_8
90,22,30.85,1,Job_7
90,23,31.55,1,Job_8
90,24,34.31,1,Job_8
91,0,0.0,4,"Job_0, Job_1, Job_2, Job_3"
91,1,1.42,2,"Job_0, Job_2"
91,3,3.62,1,Job_3
91,2,3.9,1,Job_4
91,4,4.44,1,Job_2
91,5,6.81,1,Job_4
91,6,7.58,2,"Job_2, Job_5"
91,8,8.75,1,Job_3
91,7,8.91,1,Job_6
91,9,10.24,1,Job_6
91,10,11.66,2,"Job_4, Job_5"
91,11,13.83,1,Job_4
91,12,14.2,1,Job_6
91,13,15.25,1,Job_4
91,14,16.94,1,Job_6
91,15,18.47,1,Job_6
91,16,20.79,1,Job_7
91,17,22.27,1,Job_7
91,18,24.66,1,Job_7
91,19,45.4,1,Job_8
91,20,48.22,1,Job_8
92,0,0.0,4,"Job_0, Job_1, Job_2, Job_3"
92,1,1.33,1,Job_1
92,2,3.1,1,Job_2
92,3,16.81,1,Job_4
92,4,18.65,1,Job_4
92,5,22.57,1,Job_5
92,6,24.73,1,Job_5
92,7,25.9,1,Job_6
92,8,26.8,1,Job_5
92,9,38.23,1,Job_7
92,10,40.73,2,"Job_7, Job_8"
92,11,42.66,1,Job_7
92,12,44.1,1,Job_8
92,13,45.38,1,Job_7
93,0,0.0,4,"Job_0, Job_1, Job_2, Job_3"
93,1,1.71,2,"Job_1, Job_3"
93,2,2.23,1,Job_2
93,3,3.32,1,Job_1
93,4,5.58,1,Job_2
93,5,6.76,1,Job_4
93,6,7.35,1,Job_5
93,7,8.13,1,Job_2
93,8,12.61,1,Job_6
93,9,15.43,1,Job_6
93,10,16.57,1,Job_7
93,11,17.78,1,Job_6
93,12,20.3,1,Job_6
93,13,23.88,1,Job_6
93,14,25.88,1,Job_8
93,15,34.4,1,Job_9
93,16,36.62,1,Job_9
93,17,39.47,1,Job_9
93,18,41.83,1,Job_9
94,0,0.0,4,"Job_0, Job_1, Job_2, Job_3"
94,1,1.52,1,Job_1
94,2,4.2,1,Job_1
94,3,10.85,1,Job_4
94,4,11.91,1,Job_5
94,5,13.27,1,Job_6
94,6,14.21,1,Job_5
94,7,16.45,1,Job_5
94,8,30.81,1,Job_7
95,0,0.0,4,"Job_0, Job_1, Job_2, Job_3"
95,1,1.62,1,Job_1
95,2,2.05,1,Job_3
95,3,4.55,1,Job_4
95,4,5.58,1,Job_3
95,5,6.23,1,Job_4
95,6,15.3,1,Job_5
95,7,18.64,2,"Job_5, Job_6"
95,8,20.16,1,Job_5
95,9,21.74,1,Job_6
95,10,23.85,1,Job_7
95,11,24.74,1,Job_8
95,12,25.9,1,Job_9
95,13,26.67,1,Job_7
95,14,28.72,1,Job_9
95,15,28.8,1,Job_8
95,16,32.58,1,Job_9
95,17,34.32,1,Job_9
95,18,39.41,1,Job_10
95,19,41.6,2,"Job_10, Job_11"
95,20,44.71,1,Job_11
95,21,45.26,1,Job_10
95,22,47.91,1,Job_10
96,0,0.0,4,"Job_0, Job_1, Job_2, Job_3"
96,1,1.89,2,"Job_2, Job_4"
96,2,2.75,1,Job_3
96,3,3.62,1,Job_2
96,4,5.72,2,"Job_3, Job_5"
96,5,6.46,2,"Job_2, Job_6"
96,6,8.27,1,Job_5
96,8,9.05,1,Job_7
96,7,9.51,1,Job_8
96,9,10.94,2,"Job_6, Job_9"
96,10,11.61,2,"Job_7, Job_8"
96,11,12.24,1,Job_6
96,12,14.64,3,"Job_5, Job_7, Job_8"
96,13,16.49,1,Job_8
96,14,17.62,2,"Job_10, Job_6"
96,15,18.74,1,Job_8
96,16,19.55,1,Job_10
96,17,21.64,1,Job_10
96,18,27.12,1,Job_11
96,19,31.88,1,Job_12
96,20,34.9,1,Job_12
96,21,36.93,1,Job_12
97,0,0.0,4,"Job_0, Job_1, Job_2, Job_3"
97,1,1.89,2,"Job_2, Job_3"
97,2,4.51,1,Job_2
97,3,5.6,1,Job_4
97,4,6.24,1,Job_2
97,5,7.72,1,Job_4
97,6,8.94,1,Job_5
97,7,10.82,2,"Job_4, Job_5"
97,8,11.92,1,Job_6
97,9,13.25,2,"Job_4, Job_6"
97,10,14.73,2,"Job_7, Job_8"
97,11,16.89,1,Job_8
97,12,17.24,1,Job_7
97,13,19.85,1,Job_7
97,14,21.57,1,Job_7
97,15,24.62,1,Job_7
97,16,26.47,1,Job_9
97,17,27.61,1,Job_10
97,18,28.19,1,Job_9
97,19,30.64,1,Job_9
97,20,44.48,1,Job_11
98,0,0.0,4,"Job_0, Job_1, Job_2, Job_3"
98,1,1.42,2,"Job_1, Job_2"
98,2,3.79,1,Job_4
98,3,5.15,1,Job_4
98,4,8.42,1,Job_5
98,5,10.47,1,Job_5
98,6,12.76,1,Job_5
98,7,16.93,2,"Job_5, Job_6"
98,8,18.58,1,Job_5
98,9,19.92,1,Job_6
98,10,21.89,1,Job_6
98,11,23.5,1,Job_6
98,12,38.2,1,Job_7
98,13,45.98,1,Job_8
99,0,0.0,4,"Job_0, Job_1, Job_2, Job_3"
99,1,1.43,1,Job_0
99,3,2.23,1,Job_2
99,2,2.85,1,Job_3
99,4,5.2,1,Job_4
99,5,6.21,1,Job_3
99,7,7.47,1,Job_0
99,6,7.92,1,Job_1
99,8,8.87,1,Job_4
99,9,9.43,1,Job_1
99,10,10.57,1,Job_5
99,11,11.56,1,Job_4
99,12,14.63,1,Job_4
99,13,23.46,1,Job_6
99,14,32.15,1,Job_7
99,15,35.74,1,Job_7
99,16,38.51,1,Job_8
99,17,41.33,1,Job_8
99,18,44.51,1,Job_8
99,19,47.4,1,Job_8
100,0,0.0,4,"Job_0, Job_1, Job_2, Job_3"
100,1,1.26,1,Job_1
100,2,3.29,1,Job_1
100,3,4.81,1,Job_4
100,4,6.55,1,Job_4
100,5,8.49,1,Job_4
100,6,10.88,1,Job_4
100,7,12.1,1,Job_4
100,8,31.4,1,Job_5
100,9,32.44,1,Job_6
100,10,33.45,1,Job_7
100,11,34.61,1,Job_6
100,12,36.66,1,Job_6
100,13,38.1,1,Job_7
100,14,47.58,1,Job_8
101,0,0.0,4,"Job_0, Job_1, Job_2, Job_3"
101,1,1.16,1,Job_0
101,2,2.92,1,Job_3
101,3,3.27,1,Job_2
101,4,4.5,1,Job_0
101,5,5.72,1,Job_2
101,6,6.95,1,Job_0
101,7,39.41,1,Job_4
101,8,41.41,1,Job_4
102,0,0.0,4,"Job_0, Job_1, Job_2, Job_3"
102,1,1.68,1,Job_0
102,2,2.23,1,Job_2
102,3,3.45,1,Job_3
102,4,5.72,1,Job_2
102,5,10.76,1,Job_4
102,6,12.29,1,Job_4
102,7,15.92,1,Job_4
102,8,18.27,2,"Job_4, Job_5"
102,9,20.5,1,Job_4
102,10,27.3,1,Job_6
102,11,28.48,1,Job_7
102,12,30.22,1,Job_6
102,13,31.5,1,Job_7
102,14,33.95,2,"Job_6, Job_7"
102,15,35.55,1,Job_7
102,16,37.98,1,Job_6
102,17,40.63,1,Job_8
102,18,41.23,1,Job_6
102,19,42.2,1,Job_8
102,20,45.26,2,"Job_8, Job_9"
103,0,0.0,4,"Job_0, Job_1, Job_2, Job_3"
103,1,1.75,1,Job_1
103,2,2.05,1,Job_3
103,3,4.32,1,Job_3
103,4,7.87,1,Job_3
103,5,8.54,1,Job_4
103,6,11.31,1,Job_5
103,7,13.3,1,Job_5
103,8,16.18,1,Job_5
103,9,18.47,1,Job_5
103,10,22.91,1,Job_6
103,11,25.53,1,Job_6
103,12,27.6,1,Job_6
103,13,28.42,1,Job_7
103,14,29.2,1,Job_6
103,15,30.62,1,Job_7
103,16,31.77,2,"Job_6, Job_8"
103,17,32.66,1,Job_7
103,18,35.11,1,Job_7
104,0,0.0,4,"Job_0, Job_1, Job_2, Job_3"
104,1,1.51,2,"Job_2, Job_3"
104,2,3.57,1,Job_2
104,3,5.5,1,Job_4
104,4,6.69,1,Job_5
104,5,7.26,2,"Job_4, Job_6"
104,6,11.96,1,Job_6
104,7,12.23,1,Job_7
104,8,26.47,1,Job_8
104,9,29.47,1,Job_8
104,10,32.6,1,Job_8
104,11,33.18,1,Job_9
104,12,36.27,1,Job_9
104,13,38.3,1,Job_10
104,14,39.99,1,Job_11
104,15,40.55,1,Job_10
105,0,0.0,4,"Job_0, Job_1, Job_2, Job_3"
105,1,1.84,2,"Job_0, Job_2"
105,2,3.63,1,Job_4
105,3,3.8,1,Job_3
105,4,4.16,1,Job_0
105,5,6.91,1,Job_4
105,6,8.45,2,"Job_2, Job_4"
105,7,10.77,1,Job_4
105,8,15.29,1,Job_5
105,9,18.37,1,Job_5
105,10,21.67,1,Job_5
105,11,24.9,1,Job_5
105,12,41.28,1,Job_6
106,0,0.0,4,"Job_0, Job_1, Job_2, Job_3"
106,1,1.48,3,"Job_0, Job_2, Job_3"
106,2,3.98,1,Job_1
106,3,5.17,1,Job_4
106,4,7.27,1,Job_4
106,5,9.72,1,Job_4
106,6,10.27,1,Job_5
106,7,12.68,1,Job_5
106,8,14.13,1,Job_5
106,9,23.52,1,Job_6
106,10,25.6,1,Job_6
106,11,34.16,1,Job_7
106,12,36.17,1,Job_7
106,13,38.79,1,Job_7
106,14,45.5,1,Job_8
106,15,47.57,1,Job_8
107,0,0.0,4,"Job_0, Job_1, Job_2, Job_3"
107,1,1.33,1,Job_0
107,2,3.98,1,Job_2
107,3,6.33,1,Job_2
107,4,9.49,1,Job_2
107,5,18.46,1,Job_4
107,6,20.69,1,Job_4
107,7,22.17,1,Job_4
107,8,24.23,1,Job_4
107,9,27.6,1,Job_4
107,10,34.24,1,Job_5
107,11,35.79,1,Job_6
107,12,36.26,1,Job_5
107,13,37.29,1,Job_6
107,14,39.67,1,Job_6
107,15,40.87,1,Job_5
107,16,42.34,1,Job_5
107,17,44.94,1,Job_5
108,0,0.0,4,"Job_0, Job_1, Job_2, Job_3"
108,1,1.23,3,"Job_1, Job_2, Job_3"
108,2,3.34,1,Job_2
108,3,5.73,2,"Job_0, Job_3"
108,4,8.43,1,Job_0
108,5,12.34,1,Job_4
108,6,15.83,1,Job_4
108,7,18.81,1,Job_4
108,8,20.47,1,Job_4
108,9,22.68,1,Job_4
108,10,24.67,1,Job_5
108,11,28.46,1,Job_5
108,12,30.31,1,Job_5
108,13,32.38,1,Job_5
108,14,34.12,1,Job_5
108,15,40.24,2,"Job_6, Job_7"
108,16,43.87,1,Job_7
108,17,44.74,1,Job_6
108,18,45.16,1,Job_7
108,19,48.69,2,"Job_6, Job_7"
109,0,0.0,4,"Job_0, Job_1, Job_2, Job_3"
109,1,1.22,2,"Job_0, Job_2"
109,2,2.12,1,Job_4
109,3,2.75,1,Job_1
109,4,3.3,1,Job_2
109,5,4.32,1,Job_4
109,6,5.31,2,"Job_2, Job_5"
109,7,6.17,1,Job_4
109,8,8.3,1,Job_1
109,9,9.7,1,Job_6
109,10,10.62,2,"Job_1, Job_7"
109,11,11.12,1,Job_6
109,12,12.49,1,Job_7
109,13,13.19,1,Job_6
109,14,17.81,1,Job_8
109,15,18.86,1,Job_9
109,16,20.26,1,Job_9
109,17,25.68,3,"Job_10, Job_11, Job_12"
109,18,27.8,1,Job_10
109,19,28.31,1,Job_13
109,20,29.42,3,"Job_10, Job_11, Job_14"
109,21,32.36,2,"Job_10, Job_15"
109,22,33.19,1,Job_14
109,23,34.45,1,Job_15
109,24,35.32,1,Job_14
109,25,37.62,1,Job_15
109,26,39.74,1,Job_15
109,27,43.86,1,Job_16
109,28,46.84,1,Job_16
110,0,0.0,4,"Job_0, Job_1, Job_2, Job_3"
110,1,1.36,3,"Job_0, Job_1, Job_2"
110,2,3.65,1,Job_2
110,4,4.05,1,Job_1
110,3,4.45,1,Job_0
110,5,7.48,1,Job_4
110,6,8.69,2,"Job_0, Job_1"
110,7,9.59,2,"Job_4, Job_5"
110,8,10.28,1,Job_1
110,9,11.5,1,Job_4
110,10,13.36,1,Job_4
110,11,27.9,1,Job_6
110,12,28.39,1,Job_7
110,13,30.91,2,"Job_6, Job_7"
110,14,32.76,1,Job_7
110,15,33.11,1,Job_8
110,16,35.18,1,Job_8
111,0,0.0,4,"Job_0, Job_1, Job_2, Job_3"
111,1,1.26,1,Job_1
111,2,3.29,1,Job_1
111,3,7.12,1,Job_1
111,4,21.26,1,Job_4
111,5,24.84,1,Job_4
111,6,26.54,2,"Job_4, Job_5"
111,7,29.87,1,Job_4
111,8,31.79,1,Job_6
111,9,32.62,1,Job_4
111,10,33.49,1,Job_6
111,11,36.17,1,Job_6
111,12,37.48,1,Job_1
111,13,38.36,1,Job_6
111,14,40.58,1,Job_6
111,15,41.89,1,Job_7
111,16,43.66,1,Job_8
111,17,45.36,1,Job_7
111,18,46.83,1,Job_8
111,19,47.4,1,Job_7
112,0,0.0,4,"Job_0, Job_1, Job_2, Job_3"
112,1,1.26,1,Job_2
112,2,3.82,1,Job_2
112,4,5.28,1,Job_4
112,3,5.33,1,Job_5
112,5,6.5,1,Job_2
112,6,7.44,1,Job_5
112,7,8.94,1,Job_6
112,8,10.57,2,"Job_2, Job_6"
112,9,11.63,2,"Job_7, Job_8"
112,10,12.29,1,Job_6
112,11,13.34,1,Job_7
112,12,14.37,1,Job_9
112,13,15.66,1,Job_6
112,14,16.16,1,Job_8
112,15,17.46,1,Job_10
112,16,18.88,2,"Job_11, Job_8"
112,17,19.59,1,Job_10
112,18,21.24,2,"Job_10, Job_11"
112,19,23.49,2,"Job_10, Job_11"
112,20,39.36,1,Job_12
112,21,41.61,1,Job_12
112,22,43.37,1,Job_12
112,23,45.94,1,Job_12
113,0,0.0,4,"Job_0, Job_1, Job_2, Job_3"
113,1,1.59,1,Job_0
113,3,2.58,1,Job_1
113,2,2.78,1,Job_2
113,4,4.22,1,Job_4
113,5,4.85,1,Job_0
113,6,6.67,1,Job_4
113,7,7.87,1,Job_0
113,8,8.81,1,Job_4
113,9,9.53,1,Job_0
113,10,10.32,1,Job_4
113,11,11.9,1,Job_0
113,12,17.81,1,Job_5
113,13,18.16,1,Job_6
113,14,20.26,1,Job_5
113,15,21.57,1,Job_6
113,16,22.62,1,Job_5
113,17,23.48,2,"Job_7, Job_8"
113,18,25.87,1,Job_8
113,19,27.85,1,Job_8
113,20,28.12,1,Job_9
113,21,30.63,1,Job_10
113,22,31.34,1,Job_9
113,23,33.1,1,Job_11
113,24,35.02,1,Job_9
113,25,36.58,1,Job_11
113,26,37.82,1,Job_12
113,27,38.66,1,Job_11
113,28,39.63,1,Job_13
113,29,40.33,1,Job_11
113,30,41.22,1,Job_13
113,31,41.58,1,Job_12
113,32,44.68,2,"Job_12, Job_13"
113,33,46.29,1,Job_13
113,34,47.84,1,Job_14
113,35,48.98,1,Job_13
114,0,0.0,4,"Job_0, Job_1, Job_2, Job_3"
114,1,1.88,1,Job_0
114,2,2.23,1,Job_1
114,3,4.49,1,Job_1
114,4,6.57,1,Job_1
114,5,13.25,1,Job_4
114,6,19.34,1,Job_5
114,7,21.46,1,Job_5
114,8,23.57,1,Job_5
114,9,26.12,1,Job_5
115,0,0.0,4,"Job_0, Job_1, Job_2, Job_3"
115,1,1.19,1,Job_0
115,2,3.27,1,Job_1
115,3,4.5,1,Job_3
115,4,9.91,1,Job_4
115,5,22.2,1,Job_5
115,6,24.61,1,Job_5
115,7,28.34,1,Job_6
115,8,30.28,1,Job_6
115,9,32.74,1,Job_6
115,10,33.59,1,Job_7
115,11,34.22,1,Job_6
115,12,36.63,1,Job_6
115,13,37.68,1,Job_8
115,14,37.92,1,Job_7
115,15,40.35,2,"Job_7, Job_8"
115,16,42.84,1,Job_7
116,0,0.0,4,"Job_0, Job_1, Job_2, Job_3"
116,1,1.28,1,Job_1
116,2,5.11,1,Job_4
116,3,7.46,1,Job_4
116,4,10.38,1,Job_4
116,5,12.22,1,Job_4
116,6,20.9,1,Job_5
116,7,22.43,1,Job_5
116,8,24.88,1,Job_5
116,9,33.63,1,Job_6
117,0,0.0,4,"Job_0, Job_1, Job_2, Job_3"
117,1,1.73,2,"Job_0, Job_2"
117,2,2.63,1,Job_4
117,3,3.39,1,Job_2
117,5,4.68,1,Job_5
117,4,4.69,1,Job_4
117,6,5.22,1,Job_0
117,7,6.26,1,Job_4
117,8,7.6,1,Job_5
117,9,9.53,1,Job_0
117,10,10.91,1,Job_4
117,11,11.68,1,Job_0
117,12,12.47,1,Job_4
117,13,13.44,1,Job_5
117,14,18.56,1,Job_6
117,15,20.9,1,Job_6
117,16,22.74,1,Job_6
117,17,25.32,1,Job_6
117,18,27.14,1,Job_6
117,19,31.25,1,Job_7
117,20,46.76,1,Job_8
118,0,0.0,4,"Job_0, Job_1, Job_2, Job_3"
118,1,1.17,2,"Job_0, Job_2"
118,2,3.17,1,Job_0
118,3,21.64,1,Job_4
118,4,28.32,1,Job_5
118,5,30.45,1,Job_5
118,6,34.36,1,Job_5
118,7,36.36,1,Job_5
118,8,37.42,1,Job_6
118,9,39.74,1,Job_5
118,10,46.36,1,Job_7
118,11,48.6,1,Job_7
119,0,0.0,4,"Job_0, Job_1, Job_2, Job_3"
119,1,1.63,2,"Job_1, Job_3"
119,2,3.19,1,Job_3
119,3,5.55,1,Job_3
119,4,7.63,1,Job_3
119,5,10.52,1,Job_3
119,6,27.69,1,Job_4
119,7,29.42,1,Job_5
119,8,30.93,1,Job_4
119,9,32.77,2,"Job_4, Job_5"
119,10,34.24,1,Job_4
119,11,36.75,1,Job_4
119,12,42.29,1,Job_6
120,0,0.0,4,"Job_0, Job_1, Job_2, Job_3"
120,1,1.21,2,"Job_1, Job_2"
120,2,2.05,1,Job_3
120,4,5.03,1,Job_1
120,3,5.13,2,"Job_2, Job_4"
120,5,7.73,1,Job_4
120,6,8.33,2,"Job_3, Job_5"
120,7,9.55,1,Job_1
120,8,10.63,2,"Job_2, Job_5"
120,9,11.7,1,Job_4
120,10,12.15,1,Job_2
120,11,14.8,1,Job_5
120,12,15.54,1,Job_6
120,13,21.63,1,Job_7
120,14,23.5,1,Job_7
120,15,25.4,1,Job_7
120,16,31.79,1,Job_8
121,0,0.0,4,"Job_0, Job_1, Job_2, Job_3"
121,1,1.35,2,"Job_2, Job_3"
121,2,3.81,1,Job_2
121,3,4.19,1,Job_3
121,4,5.79,1,Job_2
121,5,8.71,2,"Job_4, Job_5"
121,6,9.75,1,Job_2
121,7,10.17,1,Job_4
121,8,11.57,1,Job_5
121,9,12.75,1,Job_4
121,10,14.54,1,Job_5
121,11,36.71,2,"Job_6, Job_7"
121,12,38.37,1,Job_6
121,13,39.49,1,Job_8
121,14,40.62,1,Job_7
121,15,41.32,1,Job_8
121,16,42.44,1,Job_7
121,17,45.22,1,Job_9
121,18,47.83,2,"Job_10, Job_9"
122,0,0.0,4,"Job_0, Job_1, Job_2, Job_3"
122,1,5.81,1,Job_4
122,2,8.88,1,Job_4
122,3,10.26,1,Job_4
122,4,13.72,1,Job_4
122,5,17.34,1,Job_4
122,6,19.91,1,Job_5
122,7,22.51,1,Job_5
122,8,25.3,1,Job_5
122,9,26.63,1,Job_6
122,10,27.58,1,Job_5
122,11,28.42,1,Job_6
122,12,31.85,1,Job_6
122,13,34.74,1,Job_7
122,14,36.8,2,"Job_7, Job_8"
122,15,39.68,1,Job_7
122,16,42.7,1,Job_7
122,17,44.83,1,Job_7
122,18,46.18,1,Job_9
123,0,0.0,4,"Job_0, Job_1, Job_2, Job_3"
123,1,1.35,1,Job_0
123,2,4.54,2,"Job_0, Job_4"
123,3,6.33,2,"Job_0, Job_4"
123,4,8.94,1,Job_4
123,5,11.92,1,Job_4
123,6,19.22,1,Job_5
124,0,0.0,4,"Job_0, Job_1, Job_2, Job_3"
124,1,1.91,1,Job_2
124,2,3.18,1,Job_2
124,3,6.95,1,Job_2
124,4,17.5,1,Job_4
124,5,18.71,1,Job_5
124,6,19.26,1,Job_6
124,7,22.58,1,Job_6
124,8,26.88,1,Job_7
124,9,29.89,1,Job_7
124,10,31.29,1,Job_7
124,11,34.6,2,"Job_8, Job_9"
124,12,36.88,1,Job_9
124,13,39.18,2,"Job_10, Job_11"
124,14,41.71,2,"Job_10, Job_11"
124,15,43.39,2,"Job_10, Job_11"
124,16,45.89,1,Job_10
124,17,46.75,1,Job_12
124,18,47.82,1,Job_13
125,0,0.0,4,"Job_0, Job_1, Job_2, Job_3"
125,1,1.93,1,Job_0
125,2,2.69,1,Job_4
125,3,3.27,1,Job_3
125,4,4.72,1,Job_4
125,5,7.91,2,"Job_3, Job_4"
125,6,8.86,1,Job_5
125,7,9.53,1,Job_4
125,8,10.32,1,Job_3
125,9,15.54,1,Job_6
125,10,24.3,1,Job_7
125,11,26.84,1,Job_8
125,12,27.98,1,Job_7
125,13,28.83,1,Job_9
125,14,29.94,1,Job_8
125,15,31.14,1,Job_9
125,16,31.98,1,Job_7
125,17,32.73,1,Job_8
125,18,33.41,1,Job_9
125,19,34.92,1,Job_8
125,20,35.26,1,Job_9
125,21,35.75,1,Job_10
125,22,36.61,1,Job_7
125,23,37.92,1,Job_8
125,24,39.91,1,Job_9
126,0,0.0,4,"Job_0, Job_1, Job_2, Job_3"
126,1,1.81,1,Job_1
126,2,2.23,1,Job_3
126,3,6.13,1,Job_3
126,4,8.72,1,Job_3
126,5,35.36,1,Job_4
126,6,38.18,1,Job_4
126,7,40.63,1,Job_4
126,8,41.92,1,Job_5
126,9,42.33,1,Job_4
126,10,44.25,1,Job_4
126,11,47.96,1,Job_6
127,0,0.0,4,"Job_0, Job_1, Job_2, Job_3"
127,1,1.21,1,Job_0
127,3,2.05,1,Job_2
127,2,2.94,1,Job_3
127,4,3.27,1,Job_0
127,5,4.52,1,Job_3
127,6,6.25,1,Job_2
127,7,7.87,1,Job_3
127,8,8.53,1,Job_0
127,9,9.85,1,Job_4
127,10,11.71,1,Job_0
127,11,12.38,1,Job_5
127,12,14.42,1,Job_6
127,13,15.84,1,Job_5
127,14,17.73,1,Job_6
127,15,19.2,1,Job_6
127,16,21.4,1,Job_6
127,17,23.58,1,Job_7
127,18,26.13,1,Job_7
127,19,44.63,1,Job_8
127,20,47.3,1,Job_8
128,0,0.0,4,"Job_0, Job_1, Job_2, Job_3"
128,1,1.78,1,Job_1
128,2,2.05,1,Job_2
128,3,3.27,1,Job_1
128,4,5.55,1,Job_2
128,5,7.41,1,Job_4
128,6,8.53,1,Job_1
128,7,9.21,1,Job_4
128,8,9.75,1,Job_2
128,9,10.17,1,Job_5
128,10,11.65,1,Job_4
128,11,13.86,1,Job_5
128,12,14.72,1,Job_4
128,13,15.64,1,Job_1
128,14,16.4,1,Job_5
128,15,16.57,1,Job_2
128,16,18.75,1,Job_5
129,0,0.0,4,"Job_0, Job_1, Job_2, Job_3"
129,1,1.34,1,Job_0
129,3,2.05,1,Job_2
129,2,2.16,1,Job_3
129,4,5.03,1,Job_0
129,6,7.3,1,Job_2
129,5,7.38,1,Job_4
129,7,9.17,1,Job_2
129,8,10.58,1,Job_4
129,9,12.85,2,"Job_2, Job_5"
129,10,14.17,1,Job_5
129,11,15.05,1,Job_2
129,12,16.8,1,Job_5
129,13,20.38,1,Job_6
129,14,21.66,1,Job_8
129,15,21.93,1,Job_7
129,16,22.89,1,Job_9
129,17,24.85,3,"Job_7, Job_8, Job_9"
129,18,25.05,1,Job_10
129,19,26.65,2,"Job_8, Job_9"
129,20,28.57,2,"Job_0, Job_8"
129,21,30.9,1,Job_9
129,22,31.31,2,"Job_0, Job_8"
129,23,33.79,1,Job_11
129,24,34.12,1,Job_12
129,25,34.82,1,Job_13
129,26,35.92,1,Job_14
129,28,36.64,1,Job_11
129,27,36.87,1,Job_12
129,29,37.12,1,Job_13
129,30,38.95,1,Job_12
129,31,40.43,2,"Job_12, Job_14"
129,32,41.88,1,Job_15
129,33,42.76,1,Job_12
129,34,44.47,1,Job_16
129,35,45.05,1,Job_17
129,36,46.57,1,Job_16
130,0,0.0,4,"Job_0, Job_1, Job_2, Job_3"
130,1,1.53,3,"Job_0, Job_1, Job_3"
130,2,3.62,1,Job_2
130,3,4.94,1,Job_3
130,4,6.65,1,Job_3
130,5,8.81,1,Job_3
130,6,17.99,2,"Job_4, Job_5"
130,7,19.85,1,Job_4
130,8,20.41,1,Job_5
130,9,22.78,1,Job_5
130,10,27.46,1,Job_6
130,11,30.94,1,Job_6
130,12,33.53,1,Job_6
130,13,44.66,1,Job_7
130,14,46.88,1,Job_7
131,0,0.0,4,"Job_0, Job_1, Job_2, Job_3"
131,1,1.76,1,Job_2
131,2,2.23,1,Job_3
131,3,9.98,1,Job_4
131,4,11.78,1,Job_4
131,5,19.47,2,"Job_5, Job_6"
131,6,22.48,1,Job_5
131,7,24.48,1,Job_5
131,8,35.76,2,"Job_7, Job_8"
131,9,36.49,1,Job_9
131,10,38.74,1,Job_7
131,11,39.31,1,Job_10
131,12,40.34,1,Job_7
131,13,41.2,1,Job_10
131,15,42.1,1,Job_9
131,14,42.42,1,Job_3
131,16,43.36,1,Job_10
131,17,44.24,1,Job_9
131,18,45.36,1,Job_3
131,19,47.1,1,Job_10
131,20,48.31,1,Job_3
132,0,0.0,4,"Job_0, Job_1, Job_2, Job_3"
132,1,1.43,3,"Job_0, Job_1, Job_3"
132,2,4.14,1,Job_1
132,3,13.12,1,Job_4
132,4,21.98,1,Job_5
132,5,23.48,1,Job_5
132,6,27.44,1,Job_6
132,7,30.38,2,"Job_6, Job_7"
132,8,32.39,1,Job_8
132,9,33.7,1,Job_6
132,10,35.34,2,"Job_6, Job_8"
132,11,38.29,1,Job_8
132,12,45.95,1,Job_9
132,13,48.8,1,Job_9
133,0,0.0,4,"Job_0, Job_1, Job_2, Job_3"
133,1,1.18,2,"Job_1, Job_2"
133,2,4.18,2,"Job_1, Job_4"
133,3,8.47,1,Job_2
133,4,10.16,1,Job_2
133,5,12.88,1,Job_2
133,6,16.94,1,Job_5
133,7,18.94,1,Job_5
133,8,19.52,1,Job_6
133,9,21.49,1,Job_6
133,10,23.46,1,Job_6
133,11,26.69,1,Job_7
133,12,28.32,1,Job_7
133,13,30.91,1,Job_7
133,14,32.78,1,Job_7
133,15,34.65,1,Job_7
134,0,0.0,4,"Job_0, Job_1, Job_2, Job_3"
134,1,1.25,3,"Job_0, Job_1, Job_3"
134,2,5.98,1,Job_3
134,3,6.58,1,Job_1
134,4,7.31,2,"Job_3, Job_4"
134,5,9.22,1,Job_4
134,6,10.94,1,Job_1
134,7,11.48,1,Job_4
134,8,13.85,2,"Job_1, Job_4"
134,9,16.68,1,Job_4
134,10,22.64,1,Job_5
134,11,24.56,1,Job_5
134,12,42.31,1,Job_6
134,13,44.91,1,Job_6
134,14,47.26,1,Job_7
135,0,0.0,4,"Job_0, Job_1, Job_2, Job_3"
135,1,1.52,2,"Job_1, Job_3"
135,2,3.64,1,Job_3
135,4,5.28,1,Job_1
135,3,5.3,1,Job_4
135,5,7.28,2,"Job_1, Job_4"
135,6,9.94,1,Job_5
135,7,10.27,1,Job_6
135,8,11.34,1,Job_5
135,9,12.79,1,Job_7
135,10,13.9,1,Job_6
135,11,14.41,1,Job_7
135,12,16.67,1,Job_6
135,13,17.75,1,Job_7
135,14,19.5,1,Job_6
135,15,20.15,1,Job_7
135,16,22.96,1,Job_6
135,17,26.89,1,Job_8
135,18,28.64,1,Job_9
135,19,29.93,1,Job_8
135,20,31.56,2,"Job_8, Job_9"
135,21,32.58,1,Job_10
135,22,34.68,1,Job_9
135,23,35.99,1,Job_10
135,24,36.33,1,Job_9
135,25,38.29,1,Job_11
135,26,39.25,1,Job_9
135,27,41.33,1,Job_12
135,28,44.3,1,Job_12
135,29,46.77,1,Job_12
135,30,47.45,1,Job_13
136,0,0.0,4,"Job_0, Job_1, Job_2, Job_3"
136,1,1.43,3,"Job_0, Job_1, Job_2"
136,2,3.2,1,Job_1
136,3,5.93,1,Job_3
136,4,6.77,1,Job_1
136,5,8.86,2,"Job_3, Job_4"
136,6,10.89,1,Job_4
136,7,11.72,1,Job_5
136,8,12.95,1,Job_4
136,9,14.24,1,Job_4
136,10,18.83,1,Job_6
136,11,19.29,1,Job_7
136,12,20.3,1,Job_6
136,13,21.47,1,Job_7
136,14,24.76,1,Job_7
136,15,26.71,1,Job_7
136,16,28.3,1,Job_7
137,0,0.0,4,"Job_0, Job_1, Job_2, Job_3"
137,1,1.27,1,Job_1
137,2,3.8,1,Job_1
137,3,5.33,1,Job_1
137,4,8.33,1,Job_4
137,5,10.58,1,Job_4
137,6,19.63,1,Job_5
137,7,27.62,2,"Job_6, Job_7"
138,0,0.0,4,"Job_0, Job_1, Job_2, Job_3"
138,1,1.58,1,Job_0
138,2,2.18,1,Job_2
138,3,3.98,1,Job_1
138,4,5.2,1,Job_0
138,5,6.88,1,Job_2
138,6,7.62,1,Job_4
138,7,8.34,1,Job_2
138,8,9.61,1,Job_4
138,9,11.22,2,"Job_4, Job_5"
138,10,13.85,2,"Job_4, Job_5"
138,11,15.36,2,"Job_0, Job_4"
138,12,16.22,1,Job_6
138,13,18.25,1,Job_7
138,14,19.89,1,Job_0
138,15,20.86,1,Job_8
138,16,23.95,1,Job_8
138,17,32.87,1,Job_9
138,18,34.91,1,Job_9
138,19,36.84,1,Job_9
138,20,37.82,1,Job_10
138,21,38.8,1,Job_9
138,22,39.68,2,"Job_10, Job_11"
138,23,42.67,1,Job_10
138,24,43.59,1,Job_11
138,25,44.59,1,Job_10
138,26,46.18,1,Job_11
139,0,0.0,4,"Job_0, Job_1, Job_2, Job_3"
139,1,1.22,1,Job_0
139,2,4.48,1,Job_0
139,3,6.97,1,Job_4
139,4,9.25,1,Job_0
139,5,10.46,1,Job_4
139,6,12.43,1,Job_4
139,7,17.33,1,Job_5
139,8,19.74,1,Job_5
140,0,0.0,4,"Job_0, Job_1, Job_2, Job_3"
140,1,1.45,1,Job_1
140,2,2.54,1,Job_3
140,3,3.27,1,Job_2
140,4,6.25,1,Job_1
140,5,7.3,1,Job_2
140,6,8.88,1,Job_1
140,7,11.85,1,Job_2
140,8,15.17,2,"Job_2, Job_4"
140,9,17.36,1,Job_4
140,10,19.73,1,Job_4
140,11,22.3,1,Job_4
140,12,31.71,1,Job_5
140,13,37.17,1,Job_6
140,14,39.55,1,Job_7
140,15,40.86,1,Job_8
140,16,41.1,1,Job_6
140,17,42.54,1,Job_8
140,18,43.2,1,Job_7
140,19,45.21,1,Job_8
140,20,46.53,2,"Job_6, Job_7"
140,21,48.63,1,Job_7
141,0,0.0,4,"Job_0, Job_1, Job_2, Job_3"
141,1,1.33,1,Job_1
141,3,2.23,1,Job_2
141,2,2.83,1,Job_4
141,4,4.5,1,Job_1
141,5,5.41,1,Job_4
141,6,7.47,1,Job_2
141,7,20.7,1,Job_5
141,8,28.6,1,Job_6
141,9,38.34,1,Job_7
141,10,39.7,1,Job_8
141,11,41.21,2,"Job_7, Job_8"
141,12,42.88,1,Job_9
141,13,43.83,1,Job_7
141,14,44.81,1,Job_8
141,15,45.55,1,Job_7
141,16,46.69,1,Job_8
141,17,47.53,1,Job_10
141,18,48.86,1,Job_7
142,0,0.0,4,"Job_0, Job_1, Job_2, Job_3"
142,1,1.62,1,Job_1
142,3,2.58,1,Job_2
142,2,2.87,1,Job_3
142,4,6.73,1,Job_4
142,5,9.81,2,"Job_4, Job_5"
142,6,11.43,1,Job_5
142,7,12.84,2,"Job_4, Job_6"
142,8,14.69,1,Job_7
142,9,15.72,1,Job_6
142,10,16.6,2,"Job_7, Job_8"
142,11,19.36,2,"Job_7, Job_8"
142,12,20.05,1,Job_3
142,13,23.85,2,"Job_7, Job_9"
142,14,25.79,1,Job_9
142,15,28.68,1,Job_9
142,16,30.83,1,Job_9
142,17,32.27,1,Job_10
142,18,33.71,1,Job_11
142,19,34.84,1,Job_10
142,20,35.65,1,Job_11
142,21,37.77,1,Job_11
142,22,47.24,1,Job_12
143,0,0.0,4,"Job_0, Job_1, Job_2, Job_3"
143,1,1.72,3,"Job_0, Job_1, Job_2"
143,2,4.82,2,"Job_1, Job_4"
143,3,5.88,1,Job_0
143,4,6.71,2,"Job_4, Job_6"
143,5,7.88,1,Job_0
143,6,8.69,1,Job_5
143,7,11.64,1,Job_6
143,8,13.75,1,Job_6
143,9,15.28,1,Job_6
143,10,17.13,1,Job_6
143,11,35.83,1,Job_7
143,12,37.85,1,Job_8
143,13,40.85,1,Job_8
143,14,41.21,1,Job_9
143,15,42.17,1,Job_8
143,16,43.4,1,Job_9
143,17,44.81,1,Job_8
143,18,45.76,1,Job_9
143,19,46.25,1,Job_8
143,20,47.24,1,Job_9
144,0,0.0,4,"Job_0, Job_1, Job_2, Job_3"
144,1,1.42,2,"Job_0, Job_1"
144,2,3.98,1,Job_2
144,3,28.83,1,Job_4
144,4,33.84,1,Job_5
144,5,35.55,1,Job_5
144,6,39.11,1,Job_6
144,7,40.74,1,Job_7
144,8,42.28,2,"Job_6, Job_7"
144,9,44.8,1,Job_7
144,10,45.36,1,Job_6
144,11,47.65,2,"Job_6, Job_7"
145,0,0.0,4,"Job_0, Job_1, Job_2, Job_3"
145,1,1.82,2,"Job_0, Job_2"
145,2,3.56,1,Job_2
145,3,4.97,1,Job_0
145,4,5.16,1,Job_2
145,5,6.66,1,Job_0
145,6,7.38,1,Job_2
145,7,8.33,1,Job_0
145,8,13.66,1,Job_4
145,9,25.58,1,Job_5
145,10,27.64,1,Job_5
145,11,29.93,2,"Job_5, Job_6"
145,12,31.79,1,Job_6
146,0,0.0,4,"Job_0, Job_1, Job_2, Job_3"
146,1,1.66,2,"Job_0, Job_2"
146,2,2.23,1,Job_1
146,3,3.2,2,"Job_2, Job_4"
146,4,3.8,1,Job_0
146,5,4.85,1,Job_1
146,6,5.78,1,Job_4
146,7,7.36,1,Job_1
146,8,8.58,1,Job_2
146,9,9.66,1,Job_0
146,10,12.96,1,Job_5
146,11,25.4,1,Job_6
146,12,29.66,1,Job_7
146,13,33.93,1,Job_8
146,14,35.58,1,Job_8
146,15,36.19,2,"Job_10, Job_9"
146,16,38.77,1,Job_8
146,17,39.93,1,Job_9
146,18,40.24,1,Job_11
146,19,42.76,2,"Job_12, Job_9"
146,20,43.71,1,Job_10
146,21,44.58,1,Job_12
146,22,45.16,1,Job_10
146,23,48.37,1,Job_12
147,0,0.0,4,"Job_0, Job_1, Job_2, Job_3"
147,1,8.73,1,Job_4
147,2,10.92,1,Job_4
147,3,12.16,1,Job_4
147,4,23.62,1,Job_5
147,5,25.42,1,Job_5
147,6,28.66,1,Job_5
147,7,30.41,1,Job_5
147,8,42.65,2,"Job_6, Job_7"
147,9,44.9,2,"Job_6, Job_7"
147,10,46.23,2,"Job_6, Job_7"
147,11,47.75,1,Job_8
148,0,0.0,4,"Job_0, Job_1, Job_2, Job_3"
148,1,1.9,2,"Job_0, Job_3"
148,2,3.14,2,"Job_0, Job_3"
148,3,10.88,1,Job_4
148,4,12.7,1,Job_4
148,5,14.97,1,Job_4
148,6,24.96,1,Job_5
148,7,25.2,1,Job_6
148,8,27.39,1,Job_6
148,9,28.77,1,Job_7
148,10,29.72,1,Job_6
148,11,31.2,1,Job_7
148,12,32.22,1,Job_6
148,13,42.77,1,Job_8
148,14,45.62,1,Job_8
148,15,46.12,1,Job_9
148,16,47.12,2,"Job_10, Job_8"
149,0,0.0,4,"Job_0, Job_1, Job_2, Job_3"
149,1,1.43,2,"Job_2, Job_3"
149,2,3.39,1,Job_3
149,3,17.53,1,Job_4
149,4,19.65,1,Job_4
149,5,22.19,1,Job_4
149,6,25.85,1,Job_5
149,7,27.93,1,Job_6
149,8,28.79,1,Job_5
149,9,29.93,1,Job_6
149,10,30.71,1,Job_5
149,11,32.75,1,Job_5
149,12,34.25,2,"Job_5, Job_7"
149,13,36.5,1,Job_7
149,14,43.34,1,Job_8
149,15,46.99,1,Job_8
150,0,0.0,4,"Job_0, Job_1, Job_2, Job_3"
150,1,1.76,2,"Job_1, Job_2"
150,2,2.92,1,Job_3
150,3,3.48,1,Job_4
150,4,7.5,1,Job_4
150,5,8.17,1,Job_5
150,6,9.25,1,Job_4
150,7,12.17,1,Job_4
150,8,14.81,1,Job_4
150,9,26.72,1,Job_6
150,10,28.41,1,Job_6
150,11,29.3,1,Job_7
150,12,30.54,1,Job_6
150,13,33.77,1,Job_6
150,14,34.17,1,Job_8
150,15,35.7,1,Job_7
150,16,36.71,1,Job_8
150,17,39.68,1,Job_8
150,18,44.34,2,"Job_10, Job_9"
150,19,45.51,1,Job_11
150,20,46.95,1,Job_9
150,21,47.37,1,Job_10
150,22,48.23,1,Job_9
151,0,0.0,4,"Job_0, Job_1, Job_2, Job_3"
151,1,1.95,1,Job_2
151,2,2.48,1,Job_4
151,3,3.94,1,Job_5
151,4,3.98,1,Job_3
151,5,4.47,1,Job_4
151,6,5.49,1,Job_5
151,7,6.67,2,"Job_3, Job_6"
151,8,7.51,1,Job_5
151,9,9.28,2,"Job_3, Job_6"
151,10,10.45,1,Job_5
151,11,11.79,1,Job_6
151,12,12.34,1,Job_5
151,13,13.98,1,Job_6
151,14,21.46,1,Job_7
151,15,22.7,1,Job_8
151,16,23.9,1,Job_7
151,17,25.33,1,Job_8
151,18,26.3,2,"Job_7, Job_9"
151,19,28.22,1,Job_8
151,20,30.29,1,Job_8
151,21,45.13,1,Job_10
152,0,0.0,4,"Job_0, Job_1, Job_2, Job_3"
152,1,1.69,1,Job_0
152,2,3.98,1,Job_2
152,3,7.68,1,Job_4
152,4,9.67,1,Job_4
152,5,12.37,1,Job_4
152,6,15.91,1,Job_5
152,7,18.27,1,Job_5
152,8,21.43,1,Job_5
152,9,33.87,1,Job_6
152,10,36.5,1,Job_6
152,11,39.9,2,"Job_6, Job_7"
152,12,42.52,2,"Job_6, Job_7"
153,0,0.0,4,"Job_0, Job_1, Job_2, Job_3"
153,1,1.49,1,Job_1
153,3,3.27,1,Job_2
153,2,3.96,1,Job_4
153,4,4.27,1,Job_5
153,5,8.87,2,"Job_5, Job_6"
153,7,10.1,1,Job_7
153,6,10.79,1,Job_8
153,8,11.79,1,Job_5
153,9,13.66,2,"Job_5, Job_6"
153,10,15.1,1,Job_8
153,11,18.47,1,Job_8
153,12,20.37,1,Job_8
153,13,21.85,1,Job_9
153,14,22.94,1,Job_8
153,15,23.78,1,Job_9
153,16,25.48,1,Job_9
153,17,27.87,1,Job_9
153,18,30.33,2,"Job_10, Job_9"
153,19,33.66,1,Job_11
154,0,0.0,4,"Job_0, Job_1, Job_2, Job_3"
154,1,1.32,1,Job_0
154,3,2.05,1,Job_1
154,2,2.22,1,Job_4
154,5,3.1,1,Job_0
154,4,3.13,1,Job_5
154,7,4.67,1,Job_1
154,6,4.92,1,Job_4
154,8,7.17,3,"Job_1, Job_5, Job_7"
154,9,8.65,1,Job_6
154,10,9.67,1,Job_7
154,11,10.81,1,Job_9
154,12,11.44,2,"Job_4, Job_6"
154,13,13.15,1,Job_8
154,14,14.53,2,"Job_4, Job_9"
154,15,15.84,1,Job_7
154,16,18.53,1,Job_7
154,17,21.92,1,Job_10
154,18,22.2,1,Job_11
154,19,23.3,1,Job_10
154,20,24.21,1,Job_12
154,21,26.1,1,Job_11
154,22,29.84,1,Job_10
154,23,30.57,1,Job_11
154,24,31.71,1,Job_10
154,25,33.77,2,"Job_10, Job_11"
154,26,36.77,1,Job_13
154,27,37.48,1,Job_14
154,28,41.28,1,Job_15
154,29,43.83,1,Job_16
154,30,44.54,1,Job_15
154,31,45.76,1,Job_16
154,32,46.16,2,"Job_15, Job_17"
154,33,47.65,1,Job_16
154,34,48.62,1,Job_17
155,0,0.0,4,"Job_0, Job_1, Job_2, Job_3"
155,1,1.25,1,Job_2
155,2,3.18,1,Job_2
155,3,6.89,1,Job_4
155,4,8.64,1,Job_5
155,5,9.34,1,Job_4
155,6,10.79,1,Job_5
155,7,12.54,1,Job_5
155,8,13.57,1,Job_4
155,9,17.81,1,Job_4
155,10,31.38,1,Job_6
155,11,39.51,1,Job_7
155,12,48.11,1,Job_8
156,0,0.0,4,"Job_0, Job_1, Job_2, Job_3"
156,1,1.24,1,Job_2
156,2,2.16,1,Job_4
156,3,3.25,1,Job_2
156,4,4.45,1,Job_4
156,5,5.7,2,"Job_2, Job_5"
156,6,8.53,1,Job_5
157,0,0.0,4,"Job_0, Job_1, Job_2, Job_3"
157,1,1.63,2,"Job_1, Job_2"
157,2,19.36,1,Job_4
157,3,22.49,1,Job_4
157,4,24.31,1,Job_4
157,5,25.72,1,Job_5
157,6,34.87,1,Job_6
157,7,46.79,1,Job_7
158,0,0.0,4,"Job_0, Job_1, Job_2, Job_3"
158,1,1.54,1,Job_0
158,2,2.14,1,Job_3
158,3,3.98,1,Job_1
158,4,5.2,1,Job_4
158,5,7.62,3,"Job_1, Job_4, Job_5"
158,6,9.53,1,Job_1
158,7,9.62,1,Job_6
158,8,11.37,1,Job_7
158,9,12.19,1,Job_6
158,10,13.79,1,Job_4
158,11,15.4,1,Job_4
158,12,17.32,1,Job_4
158,13,26.98,1,Job_8
158,14,28.51,1,Job_8
158,15,30.16,1,Job_8
158,16,32.21,1,Job_8
158,17,35.46,2,"Job_8, Job_9"
158,18,38.53,1,Job_9
158,19,40.63,1,Job_9
158,20,42.38,1,Job_9
158,21,45.23,1,Job_9
159,0,0.0,4,"Job_0, Job_1, Job_2, Job_3"
159,1,1.71,3,"Job_0, Job_1, Job_3"
159,2,2.58,1,Job_2
159,3,4.54,1,Job_3
159,4,4.68,1,Job_1
159,5,6.36,1,Job_2
159,6,8.84,2,"Job_0, Job_2"
159,7,10.77,1,Job_2
159,8,11.65,1,Job_4
159,9,12.18,1,Job_2
159,10,14.53,1,Job_4
159,11,15.73,1,Job_5
159,12,15.93,1,Job_6
159,13,16.82,1,Job_3
159,14,17.6,2,"Job_4, Job_7"
159,15,18.23,1,Job_6
159,16,19.11,2,"Job_4, Job_7"
159,17,21.34,1,Job_6
159,18,22.39,1,Job_7
159,19,22.57,1,Job_5
159,20,24.68,1,Job_3
159,21,25.56,1,Job_5
159,23,27.1,1,Job_7
159,22,27.18,1,Job_1
159,24,29.2,1,Job_5
159,25,31.94,1,Job_8
159,26,32.41,1,Job_5
159,27,34.13,1,Job_8
159,28,45.17,1,Job_9
159,29,47.45,1,Job_9
160,0,0.0,4,"Job_0, Job_1, Job_2, Job_3"
160,1,1.26,3,"Job_0, Job_2, Job_3"
160,2,4.55,1,Job_3
160,3,5.22,2,"Job_1, Job_2"
160,4,8.64,2,"Job_1, Job_2"
160,5,9.61,1,Job_3
160,6,17.71,1,Job_4
160,7,20.71,1,Job_4
160,8,22.6,1,Job_4
160,9,25.81,1,Job_4
160,10,44.28,1,Job_5
160,11,47.25,1,Job_5
161,0,0.0,4,"Job_0, Job_1, Job_2, Job_3"
161,1,1.16,1,Job_0
161,2,2.58,1,Job_3
161,3,3.62,1,Job_0
161,4,4.19,1,Job_3
161,5,5.67,1,Job_0
161,6,17.73,1,Job_4
161,7,18.41,1,Job_5
161,8,19.13,1,Job_4
161,9,21.56,2,"Job_4, Job_6"
161,10,23.22,2,"Job_6, Job_7"
161,11,25.43,1,Job_7
161,12,28.93,1,Job_7
161,13,39.15,1,Job_8
161,14,41.18,1,Job_8
161,15,44.21,1,Job_8
161,16,46.58,1,Job_8
162,0,0.0,4,"Job_0, Job_1, Job_2, Job_3"
162,1,1.47,1,Job_2
162,2,3.73,1,Job_2
162,3,8.88,1,Job_4
162,4,11.26,1,Job_5
162,5,13.6,1,Job_5
162,6,15.7,1,Job_5
162,7,18.74,1,Job_5
162,8,31.81,1,Job_6
162,9,34.4,1,Job_6
162,10,47.83,1,Job_7
163,0,0.0,4,"Job_0, Job_1, Job_2, Job_3"
163,1,1.79,3,"Job_0, Job_1, Job_2"
163,2,2.92,1,Job_4
163,3,4.31,2,"Job_1, Job_3"
163,4,5.17,1,Job_4
163,5,7.28,1,Job_4
163,6,9.23,1,Job_4
163,7,10.9,1,Job_5
163,8,12.59,1,Job_5
163,9,40.83,1,Job_6
164,0,0.0,4,"Job_0, Job_1, Job_2, Job_3"
164,1,1.66,1,Job_0
164,2,2.5,1,Job_4
164,3,3.27,1,Job_2
164,5,4.33,1,Job_0
164,4,4.67,1,Job_5
164,6,5.57,1,Job_6
164,7,6.72,1,Job_5
164,9,7.3,1,Job_2
164,8,7.75,1,Job_6
164,10,9.18,1,Job_6
164,11,10.82,1,Job_4
164,12,11.17,1,Job_6
164,13,23.15,1,Job_7
164,14,24.9,1,Job_8
164,15,26.19,2,"Job_7, Job_9"
164,16,27.32,1,Job_8
164,17,28.58,1,Job_0
164,18,31.72,1,Job_0
164,19,32.24,1,Job_10
164,20,33.85,1,Job_7
164,21,34.82,1,Job_8
164,22,35.88,1,Job_7
164,23,36.58,1,Job_10
164,24,37.3,1,Job_8
164,25,38.72,1,Job_10
164,26,40.79,1,Job_8
164,27,41.97,1,Job_10
164,28,43.42,1,Job_10
164,29,44.4,1,Job_11
164,30,47.26,1,Job_11
165,0,0.0,4,"Job_0, Job_1, Job_2, Job_3"
165,1,1.8,1,Job_0
165,2,2.8,1,Job_3
165,3,3.98,1,Job_2
165,4,4.69,1,Job_3
165,5,6.21,1,Job_4
165,6,7.54,1,Job_3
165,7,8.87,1,Job_4
165,8,10.59,1,Job_4
165,9,13.8,1,Job_4
165,10,16.59,1,Job_4
165,11,27.74,1,Job_5
165,12,30.3,1,Job_5
166,0,0.0,4,"Job_0, Job_1, Job_2, Job_3"
166,1,1.99,1,Job_2
166,2,5.97,1,Job_4
166,3,14.68,1,Job_5
166,4,19.28,1,Job_6
166,5,21.8,1,Job_7
166,6,24.51,1,Job_7
166,7,26.66,1,Job_7
166,8,28.71,1,Job_7
166,9,44.16,1,Job_8
167,0,0.0,4,"Job_0, Job_1, Job_2, Job_3"
167,1,1.57,1,Job_1
167,2,2.13,1,Job_4
167,3,2.58,1,Job_3
167,4,3.62,1,Job_1
167,5,4.33,2,"Job_4, Job_5"
167,6,5.51,1,Job_1
167,7,13.87,1,Job_6
167,8,14.74,1,Job_7
167,9,16.22,1,Job_6
167,10,17.75,2,"Job_7, Job_8"
167,11,18.2,1,Job_6
167,12,19.76,1,Job_7
167,13,21.35,1,Job_8
167,14,22.93,1,Job_7
167,15,23.48,1,Job_8
167,16,28.41,1,Job_9
167,17,31.28,1,Job_9
167,18,32.43,1,Job_10
167,19,33.85,1,Job_9
167,20,35.33,1,Job_10
167,21,36.98,1,Job_9
167,22,37.93,1,Job_10
167,23,38.14,1,Job_9
167,24,39.42,2,"Job_10, Job_11"
167,25,41.3,1,Job_10
167,26,42.87,1,Job_12
167,27,44.78,1,Job_12
167,28,45.62,1,Job_13
167,29,47.49,1,Job_13
168,0,0.0,4,"Job_0, Job_1, Job_2, Job_3"
168,1,1.68,1,Job_1
168,2,2.75,1,Job_3
168,3,3.27,1,Job_2
168,4,4.5,1,Job_1
168,5,5.72,1,Job_2
168,6,6.53,1,Job_3
168,7,8.55,2,"Job_1, Job_3"
168,8,9.05,1,Job_2
168,9,10.88,1,Job_1
168,10,12.9,1,Job_2
168,11,31.48,1,Job_4
168,12,39.35,1,Job_5
168,13,42.59,1,Job_5
168,14,44.73,1,Job_5
168,15,46.63,1,Job_6
169,0,0.0,4,"Job_0, Job_1, Job_2, Job_3"
169,1,1.33,2,"Job_0, Job_2"
169,2,2.91,1,Job_3
169,3,3.95,1,Job_2
169,4,4.29,1,Job_3
169,5,5.93,1,Job_2
169,6,6.65,1,Job_3
169,7,9.66,1,Job_3
169,8,15.75,1,Job_4
169,9,17.67,1,Job_4
169,10,18.22,1,Job_5
169,11,19.31,1,Job_6
169,12,21.69,2,"Job_5, Job_6"
169,13,24.21,1,Job_6
169,14,25.74,1,Job_7
169,15,26.17,1,Job_6
169,16,27.91,1,Job_7
169,17,29.36,2,"Job_6, Job_7"
169,18,31.52,1,Job_7
169,19,33.84,1,Job_7
169,20,34.26,1,Job_8
169,21,37.73,1,Job_8
169,22,39.31,1,Job_8
170,0,0.0,4,"Job_0, Job_1, Job_2, Job_3"
170,1,1.74,1,Job_0
170,2,4.49,1,Job_0
170,3,6.43,1,Job_4
170,4,7.96,1,Job_5
170,5,8.45,1,Job_0
170,6,10.94,2,"Job_4, Job_5"
170,7,12.1,1,Job_0
170,8,13.26,1,Job_4
170,9,15.18,1,Job_6
170,10,16.86,1,Job_4
170,11,17.84,1,Job_6
170,12,19.61,1,Job_6
170,13,21.5,1,Job_7
170,14,22.54,1,Job_6
170,15,25.32,1,Job_6
170,16,29.87,1,Job_8
170,17,32.73,1,Job_8
170,18,35.54,1,Job_8
170,19,37.85,1,Job_8
170,20,39.5,1,Job_8
170,21,43.56,1,Job_9
170,22,44.87,1,Job_10
170,23,45.42,1,Job_9
170,24,47.63,2,"Job_10, Job_11"
171,0,0.0,4,"Job_0, Job_1, Job_2, Job_3"
171,1,1.49,2,"Job_0, Job_2"
171,2,3.37,1,Job_2
171,3,6.62,1,Job_2
171,4,8.25,1,Job_2
171,5,21.45,1,Job_4
171,6,31.96,1,Job_5
171,7,34.88,1,Job_5
171,8,37.32,1,Job_5
171,9,38.33,1,Job_6
171,10,40.65,2,"Job_5, Job_6"
171,11,43.66,1,Job_6
171,12,44.68,2,"Job_5, Job_7"
171,13,47.39,1,Job_7
172,0,0.0,4,"Job_0, Job_1, Job_2, Job_3"
172,1,1.74,1,Job_0
172,2,2.58,1,Job_3
172,3,5.79,1,Job_3
172,4,13.22,1,Job_4
172,5,15.26,1,Job_5
172,6,16.96,1,Job_4
172,7,18.72,1,Job_4
172,8,19.5,2,"Job_5, Job_6"
172,9,20.88,1,Job_4
172,10,23.29,2,"Job_4, Job_7"
172,11,25.31,1,Job_9
172,12,25.98,1,Job_8
172,13,26.17,1,Job_7
172,14,28.34,2,"Job_0, Job_8"
172,15,31.93,1,Job_0
172,16,33.25,1,Job_0
172,17,40.56,1,Job_10
172,18,42.29,1,Job_11
172,19,44.83,1,Job_11
172,20,47.4,2,"Job_12, Job_13"
173,0,0.0,4,"Job_0, Job_1, Job_2, Job_3"
173,1,1.54,1,Job_0
173,2,2.58,1,Job_1
173,3,5.55,1,Job_0
173,4,10.84,1,Job_4
173,5,13.35,1,Job_4
173,6,15.85,1,Job_4
173,7,17.51,1,Job_4
173,8,19.56,1,Job_4
173,9,20.48,1,Job_5
173,10,22.44,1,Job_5
173,11,25.62,1,Job_6
173,12,27.28,1,Job_7
173,13,29.8,1,Job_6
173,14,31.73,1,Job_7
173,15,32.32,1,Job_6
173,16,33.46,1,Job_8
173,17,34.65,1,Job_7
173,18,35.93,1,Job_6
173,19,36.73,1,Job_7
173,20,37.36,1,Job_6
173,21,38.25,2,"Job_7, Job_8"
173,22,40.68,1,Job_8
173,23,42.41,1,Job_9
173,24,43.25,1,Job_8
173,25,44.77,1,Job_9
173,26,45.13,2,"Job_10, Job_8"
173,27,47.76,1,Job_10
174,0,0.0,4,"Job_0, Job_1, Job_2, Job_3"
174,1,1.25,3,"Job_0, Job_4, Job_5"
174,2,3.93,1,Job_4
174,3,4.69,1,Job_5
174,4,5.51,1,Job_4
174,5,6.52,2,"Job_5, Job_6"
174,6,8.34,1,Job_6
174,7,9.85,1,Job_5
174,8,11.21,1,Job_6
174,9,14.29,1,Job_7
174,10,16.57,2,"Job_8, Job_9"
174,11,17.75,1,Job_7
174,12,18.82,1,Job_9
174,13,20.42,3,"Job_7, Job_8, Job_9"
174,14,22.81,1,Job_8
174,15,23.62,1,Job_10
174,16,24.49,1,Job_9
174,17,25.87,2,"Job_0, Job_8"
174,18,27.1,1,Job_10
174,19,28.28,1,Job_8
174,20,29.35,1,Job_1
174,21,30.82,1,Job_3
174,22,31.2,1,Job_1
174,23,33.64,1,Job_1
174,24,34.34,1,Job_3
174,25,37.72,1,Job_3
174,26,40.15,1,Job_3
175,0,0.0,4,"Job_0, Job_1, Job_2, Job_3"
175,1,1.28,1,Job_1
175,2,2.57,2,"Job_3, Job_4"
175,3,3.98,1,Job_2
175,4,4.93,1,Job_4
175,5,9.14,1,Job_5
175,6,10.28,1,Job_6
175,7,11.21,1,Job_5
175,8,12.18,1,Job_6
175,9,13.5,1,Job_5
175,10,14.74,1,Job_6
175,11,15.93,1,Job_5
175,12,17.38,1,Job_6
175,13,21.55,1,Job_7
175,14,22.68,1,Job_8
175,15,24.53,1,Job_8
175,16,26.83,1,Job_7
175,17,27.82,1,Job_8
175,18,28.14,1,Job_7
175,19,29.79,1,Job_9
175,20,30.23,1,Job_8
175,21,31.62,2,"Job_7, Job_9"
175,22,32.98,1,Job_8
175,23,33.84,1,Job_9
175,24,36.31,1,Job_9
175,25,38.96,1,Job_9
176,0,0.0,4,"Job_0, Job_1, Job_2, Job_3"
176,1,1.24,2,"Job_1, Job_2"
176,2,2.1,1,Job_4
176,3,3.37,1,Job_2
176,4,4.58,1,Job_1
176,5,6.2,1,Job_4
176,6,9.57,1,Job_4
176,7,11.9,1,Job_4
176,8,13.95,1,Job_4
176,9,20.67,1,Job_5
176,10,23.18,1,Job_5
176,11,25.25,1,Job_5
176,12,26.87,1,Job_6
176,13,28.51,1,Job_5
176,14,29.5,1,Job_6
176,15,32.56,1,Job_6
176,16,48.54,1,Job_7
177,0,0.0,4,"Job_0, Job_1, Job_2, Job_3"
177,1,1.9,1,Job_2
177,2,4.4,1,Job_2
177,3,6.56,1,Job_4
177,4,8.18,1,Job_4
177,5,9.69,1,Job_5
177,6,10.27,1,Job_4
177,7,11.22,1,Job_5
177,8,12.94,1,Job_4
177,9,13.13,1,Job_5
177,10,14.92,1,Job_4
177,11,15.37,1,Job_5
177,12,17.73,1,Job_5
177,13,29.28,1,Job_6
177,14,32.15,1,Job_7
177,15,33.05,1,Job_8
177,16,34.7,1,Job_7
177,17,36.91,1,Job_7
177,18,38.66,1,Job_7
177,19,41.96,1,Job_7
177,20,46.18,1,Job_9
177,21,48.7,1,Job_9
178,0,0.0,4,"Job_0, Job_1, Job_2, Job_3"
178,1,1.49,1,Job_0
178,2,5.87,1,Job_4
178,3,8.26,1,Job_4
178,4,34.72,1,Job_5
178,5,36.84,1,Job_5
178,6,37.85,2,"Job_6, Job_7"
178,7,39.51,2,"Job_6, Job_7"
178,8,41.56,1,Job_6
178,9,42.94,1,Job_7
178,10,43.54,1,Job_6
178,11,44.71,1,Job_7
178,12,47.54,1,Job_7
179,0,0.0,4,"Job_0, Job_1, Job_2, Job_3"
179,1,1.68,1,Job_0
179,2,3.98,1,Job_1
179,3,6.26,2,"Job_1, Job_4"
179,4,8.17,1,Job_4
179,5,10.4,1,Job_5
179,6,13.71,1,Job_5
179,7,16.31,1,Job_5
179,8,18.69,2,"Job_5, Job_6"
179,9,20.93,2,"Job_5, Job_6"
179,10,22.23,1,Job_6
179,11,24.69,1,Job_6
179,12,26.65,1,Job_6
179,13,34.87,1,Job_7
179,14,37.51,1,Job_7
179,15,38.61,1,Job_8
179,16,39.84,1,Job_7
179,17,40.13,1,Job_8
179,18,41.29,1,Job_7
179,19,42.93,1,Job_8
180,0,0.0,4,"Job_0, Job_1, Job_2, Job_3"
180,1,1.7,1,Job_0
180,2,2.71,1,Job_4
180,3,3.27,1,Job_1
180,4,4.7,1,Job_4
180,5,5.82,1,Job_1
180,6,6.29,2,"Job_4, Job_5"
180,7,8.91,1,Job_4
180,8,9.93,1,Job_5
180,9,11.85,1,Job_4
180,10,12.69,1,Job_5
180,11,14.7,2,"Job_5, Job_6"
180,12,15.45,1,Job_7
180,13,16.55,1,Job_5
180,14,17.68,1,Job_7
180,15,19.19,1,Job_7
180,16,25.69,1,Job_8
180,17,27.64,1,Job_9
180,18,29.99,1,Job_9
180,19,34.14,1,Job_10
180,20,48.97,1,Job_11
181,0,0.0,4,"Job_0, Job_1, Job_2, Job_3"
181,1,1.85,1,Job_0
181,2,2.05,1,Job_3
181,3,16.46,1,Job_4
181,4,18.61,1,Job_4
181,5,21.17,1,Job_4
181,6,23.89,1,Job_5
181,7,24.23,1,Job_4
181,8,25.87,1,Job_5
181,9,26.7,1,Job_6
181,10,29.69,1,Job_7
181,11,31.8,1,Job_7
181,12,36.6,1,Job_8
181,13,38.32,1,Job_9
181,14,39.76,1,Job_8
181,15,41.68,2,"Job_10, Job_9"
181,16,42.88,1,Job_8
181,17,43.47,2,"Job_10, Job_9"
181,18,45.67,1,Job_8
181,19,46.46,2,"Job_11, Job_9"
181,20,48.39,1,Job_11
182,0,0.0,4,"Job_0, Job_1, Job_2, Job_3"
182,1,1.69,2,"Job_1, Job_2"
182,2,8.82,1,Job_4
182,3,10.24,2,"Job_4, Job_5"
182,4,12.68,2,"Job_4, Job_5"
182,5,14.95,1,Job_5
182,6,16.19,1,Job_5
182,7,18.78,1,Job_5
182,8,39.81,1,Job_6
182,9,40.93,1,Job_7
182,10,42.48,2,"Job_6, Job_7"
182,11,43.49,1,Job_8
182,12,44.85,1,Job_9
182,14,45.05,1,Job_6
182,13,45.83,1,Job_8
182,15,47.32,1,Job_9
183,0,0.0,4,"Job_0, Job_1, Job_2, Job_3"
183,1,1.78,3,"Job_0, Job_2, Job_3"
183,3,3.1,1,Job_1
183,2,3.21,1,Job_3
183,4,4.85,1,Job_0
183,5,6.6,1,Job_3
183,6,8.74,1,Job_2
183,7,9.58,1,Job_3
183,8,11.85,1,Job_0
183,9,12.11,1,Job_4
183,10,14.47,2,"Job_0, Job_4"
183,11,16.39,1,Job_2
183,12,21.43,1,Job_5
183,13,23.41,1,Job_5
183,14,25.68,1,Job_5
183,15,27.8,1,Job_5
183,16,29.76,1,Job_5
183,17,30.45,2,"Job_6, Job_7"
183,18,32.79,1,Job_7
183,19,33.72,1,Job_6
183,20,34.5,1,Job_7
183,21,36.45,1,Job_6
183,22,46.5,1,Job_8
184,0,0.0,4,"Job_0, Job_1, Job_2, Job_3"
184,1,1.8,2,"Job_0, Job_1"
184,2,3.25,2,"Job_1, Job_4"
184,3,5.59,1,Job_4
184,4,8.15,1,Job_4
184,5,9.31,1,Job_0
184,6,10.43,1,Job_4
184,7,25.3,1,Job_5
184,8,27.41,1,Job_6
184,9,28.17,1,Job_5
184,10,30.44,1,Job_7
184,11,31.82,1,Job_6
184,12,32.64,1,Job_7
184,13,35.47,1,Job_6
184,14,36.69,1,Job_8
184,15,37.71,1,Job_6
184,16,38.65,1,Job_8
184,17,47.51,2,"Job_10, Job_9"
185,0,0.0,4,"Job_0, Job_1, Job_2, Job_3"
185,1,1.46,2,"Job_2, Job_3"
185,2,3.51,1,Job_3
185,3,4.44,1,Job_4
185,4,6.34,1,Job_4
185,5,8.45,1,Job_4
185,6,10.87,1,Job_4
185,7,14.56,1,Job_4
185,8,22.53,2,"Job_5, Job_6"
185,9,24.33,1,Job_5
185,10,26.21,1,Job_5
185,11,27.12,1,Job_7
185,12,28.63,1,Job_5
185,13,29.4,1,Job_7
185,14,32.68,1,Job_7
185,15,35.44,1,Job_7
185,16,47.45,1,Job_8
186,0,0.0,4,"Job_0, Job_1, Job_2, Job_3"
186,1,1.65,2,"Job_1, Job_3"
186,3,2.23,1,Job_2
186,2,2.62,1,Job_4
186,4,3.28,1,Job_1
186,6,4.5,1,Job_2
186,5,4.57,1,Job_4
186,7,5.64,2,"Job_1, Job_3"
186,8,7.52,1,Job_2
186,9,9.78,1,Job_3
186,10,13.82,2,"Job_5, Job_6"
186,11,15.45,2,"Job_5, Job_6"
186,12,17.84,1,Job_5
186,13,20.57,2,"Job_5, Job_7"
186,14,22.53,1,Job_8
186,15,23.93,1,Job_7
186,16,24.74,1,Job_8
186,17,26.17,2,"Job_8, Job_9"
186,18,27.95,1,Job_7
186,19,28.42,1,Job_10
186,20,29.12,1,Job_7
186,21,30.27,1,Job_8
186,22,30.93,1,Job_11
186,23,31.27,1,Job_7
186,24,34.45,2,"Job_11, Job_8"
186,25,35.11,1,Job_10
186,26,36.8,1,Job_9
186,27,37.68,2,"Job_10, Job_11"
186,28,39.47,1,Job_11
186,29,41.61,1,Job_0
186,30,42.9,1,Job_10
186,31,43.8,1,Job_11
186,32,44.32,1,Job_0
186,33,45.58,1,Job_9
186,34,47.93,1,Job_9
187,0,0.0,4,"Job_0, Job_1, Job_2, Job_3"
187,1,1.64,3,"Job_1, Job_2, Job_3"
187,2,3.76,2,"Job_1, Job_4"
187,3,5.8,1,Job_0
187,4,6.58,1,Job_4
187,5,7.15,1,Job_0
187,6,8.72,1,Job_5
187,7,9.93,2,"Job_0, Job_4"
187,8,10.41,1,Job_5
187,9,22.19,1,Job_6
187,10,24.91,1,Job_6
187,11,26.16,2,"Job_6, Job_7"
187,12,28.31,1,Job_7
187,13,30.16,1,Job_7
187,14,32.67,1,Job_7
187,15,34.87,1,Job_8
187,16,35.92,1,Job_7
187,17,37.85,1,Job_9
187,18,47.53,1,Job_10
188,0,0.0,4,"Job_0, Job_1, Job_2, Job_3"
188,1,1.34,1,Job_0
188,2,2.75,1,Job_2
188,3,29.33,1,Job_4
188,4,31.89,1,Job_4
188,5,34.2,1,Job_4
188,6,35.35,1,Job_5
188,7,36.9,2,"Job_4, Job_6"
188,8,37.37,1,Job_5
188,9,40.43,1,Job_6
188,10,41.81,1,Job_2
188,11,44.58,1,Job_2
189,0,0.0,4,"Job_0, Job_1, Job_2, Job_3"
189,1,1.23,3,"Job_0, Job_2, Job_4"
189,2,2.92,1,Job_1
189,3,3.38,1,Job_2
189,4,4.54,1,Job_1
189,5,5.28,1,Job_7
189,6,6.64,1,Job_3
189,8,8.25,1,Job_4
189,7,8.74,1,Job_8
189,9,9.34,1,Job_7
189,10,10.36,1,Job_8
189,12,11.1,1,Job_9
189,11,11.47,1,Job_3
189,13,12.21,1,Job_7
189,14,12.75,1,Job_5
189,15,14.38,1,Job_9
189,16,15.26,2,"Job_5, Job_8"
189,17,16.4,2,"Job_0, Job_9"
189,18,18.79,1,Job_6
189,19,19.71,2,"Job_0, Job_5"
189,20,20.26,1,Job_6
189,21,20.57,1,Job_9
189,22,21.57,1,Job_5
189,23,22.58,1,Job_6
189,24,23.73,2,"Job_8, Job_9"
189,25,23.93,1,Job_0
189,26,26.2,1,Job_0
189,27,47.6,1,Job_10
189,28,48.33,1,Job_11
190,0,0.0,4,"Job_0, Job_1, Job_2, Job_3"
190,1,1.4,1,Job_0
190,2,2.23,1,Job_1
190,3,3.28,1,Job_3
190,4,5.55,1,Job_1
190,5,6.96,1,Job_4
190,6,7.83,1,Job_3
190,7,10.1,1,Job_1
190,8,11.15,1,Job_3
190,9,20.53,1,Job_5
190,10,23.64,1,Job_6
190,11,26.72,1,Job_6
190,12,29.37,1,Job_7
190,13,31.48,1,Job_7
190,14,34.25,1,Job_7
190,15,36.27,1,Job_8
190,16,38.55,1,Job_7
190,17,39.82,1,Job_8
190,18,41.29,1,Job_8
190,19,43.69,1,Job_8
190,20,46.59,1,Job_8
191,0,0.0,4,"Job_0, Job_1, Job_2, Job_3"
191,1,1.3,1,Job_0
191,2,2.05,1,Job_4
191,3,4.32,1,Job_0
191,4,5.14,1,Job_5
191,6,6.05,1,Job_4
191,5,6.66,1,Job_0
191,7,7.62,1,Job_5
191,8,8.95,1,Job_4
191,9,10.57,1,Job_5
191,10,12.64,1,Job_5
191,11,18.83,1,Job_6
191,12,25.89,1,Job_7
191,13,26.72,1,Job_8
191,14,29.24,1,Job_8
191,15,31.6,1,Job_8
191,16,34.36,2,"Job_10, Job_9"
191,17,36.92,1,Job_9
191,18,37.3,1,Job_10
191,19,39.54,2,"Job_10, Job_9"
191,20,40.29,1,Job_11
191,21,41.79,1,Job_9
191,22,42.64,1,Job_10
192,0,0.0,4,"Job_0, Job_1, Job_2, Job_3"
192,1,1.59,1,Job_0
192,3,2.23,1,Job_1
192,2,2.47,2,"Job_2, Job_4"
192,4,3.45,1,Job_0
192,5,4.85,1,Job_2
192,6,8.9,1,Job_4
192,7,10.18,2,"Job_4, Job_5"
192,8,11.82,1,Job_6
192,9,12.41,2,"Job_4, Job_7"
192,10,14.66,1,Job_0
192,11,15.31,2,"Job_4, Job_8"
192,12,16.8,1,Job_7
192,13,18.91,1,Job_10
192,15,19.23,1,Job_8
192,14,19.79,2,"Job_11, Job_7"
192,16,20.45,1,Job_10
192,17,21.34,2,"Job_11, Job_9"
192,18,23.63,1,Job_8
192,20,24.57,1,Job_9
192,19,24.83,1,Job_11
192,21,25.48,1,Job_7
192,23,26.32,1,Job_8
192,22,26.69,1,Job_11
192,24,27.19,1,Job_7
192,25,29.66,1,Job_11
193,0,0.0,4,"Job_0, Job_1, Job_2, Job_3"
193,1,1.5,1,Job_3
193,2,14.62,1,Job_4
193,3,17.25,1,Job_4
193,4,26.76,1,Job_5
193,5,28.81,1,Job_5
193,6,30.86,1,Job_5
193,7,33.33,1,Job_5
193,8,34.87,1,Job_6
193,9,36.29,1,Job_6
194,0,0.0,4,"Job_0, Job_1, Job_2, Job_3"
194,1,1.32,2,"Job_0, Job_4"
194,2,3.19,2,"Job_0, Job_4"
194,3,10.12,1,Job_5
194,4,12.64,1,Job_5
194,5,15.48,1,Job_5
194,6,17.98,1,Job_6
194,7,18.67,1,Job_5
194,8,19.82,1,Job_7
194,9,20.64,1,Job_6
194,10,21.87,1,Job_8
194,12,22.05,1,Job_7
194,11,22.59,1,Job_6
194,13,24.31,1,Job_7
195,0,0.0,4,"Job_0, Job_1, Job_2, Job_3"
195,1,1.45,1,Job_2
195,2,5.63,2,"Job_2, Job_4"
195,3,7.43,1,Job_4
195,4,8.54,1,Job_5
195,5,9.34,1,Job_6
195,6,11.77,2,"Job_4, Job_5"
195,7,12.98,1,Job_7
195,8,14.37,1,Job_4
195,9,15.22,1,Job_7
195,10,17.81,1,Job_7
195,11,20.72,1,Job_7
195,12,33.46,1,Job_8
195,13,39.48,1,Job_9
195,14,41.49,1,Job_9
195,15,43.74,1,Job_9
195,16,48.72,1,Job_10
196,0,0.0,4,"Job_0, Job_1, Job_2, Job_3"
196,1,1.68,3,"Job_0, Job_2, Job_3"
196,2,3.23,1,Job_0
196,3,5.97,1,Job_2
196,4,13.98,1,Job_4
196,5,16.65,2,"Job_4, Job_5"
196,6,18.51,1,Job_4
196,7,19.21,1,Job_5
196,8,21.19,1,Job_4
196,9,25.74,1,Job_4
196,10,30.61,2,"Job_6, Job_7"
196,11,32.62,2,"Job_7, Job_8"
196,12,33.34,1,Job_6
196,13,34.28,1,Job_8
196,14,35.17,2,"Job_7, Job_9"
196,15,37.74,2,"Job_7, Job_9"
196,16,38.18,1,Job_8
196,17,40.84,2,"Job_8, Job_9"
196,18,43.32,1,Job_9
196,19,45.23,2,"Job_10, Job_11"
196,20,47.9,2,"Job_10, Job_11"
197,0,0.0,4,"Job_0, Job_1, Job_2, Job_3"
197,1,1.17,2,"Job_1, Job_2"
197,2,2.58,1,Job_3
197,3,3.27,1,Job_2
197,4,4.58,1,Job_1
197,5,6.66,1,Job_5
197,6,7.39,1,Job_4
197,7,8.64,1,Job_1
197,8,9.3,2,"Job_4, Job_5"
197,9,10.59,1,Job_1
197,10,11.42,1,Job_6
197,11,12.34,1,Job_5
197,12,14.46,3,"Job_5, Job_6, Job_7"
197,13,16.8,1,Job_4
197,14,17.16,2,"Job_5, Job_7"
197,15,20.63,1,Job_8
197,16,21.56,1,Job_1
197,17,22.8,1,Job_9
197,18,25.6,1,Job_8
197,19,27.55,2,"Job_10, Job_8"
197,20,30.94,1,Job_10
197,21,32.26,1,Job_10
197,22,35.16,1,Job_10
197,23,42.81,1,Job_11
197,24,45.71,1,Job_11
197,25,47.31,1,Job_11
198,0,0.0,4,"Job_0, Job_1, Job_2, Job_3"
198,1,1.47,2,"Job_0, Job_1"
198,2,2.58,1,Job_2
198,3,3.62,1,Job_0
198,4,4.67,1,Job_2
198,5,5.58,1,Job_0
198,6,6.49,1,Job_2
198,7,7.88,1,Job_4
198,8,9.72,1,Job_4
198,9,11.7,1,Job_4
198,10,14.68,1,Job_4
198,11,19.57,1,Job_5
198,12,22.94,1,Job_5
198,13,24.25,1,Job_5
198,14,26.39,1,Job_5
198,15,38.4,1,Job_6
198,16,40.23,1,Job_6
198,17,43.73,1,Job_6
198,18,46.7,1,Job_6
199,0,0.0,4,"Job_0, Job_1, Job_2, Job_3"
199,1,1.61,3,"Job_0, Job_2, Job_3"
199,2,3.37,1,Job_4
199,3,4.98,1,Job_0
199,4,5.21,1,Job_4
199,5,7.69,1,Job_4
199,6,11.6,1,Job_5
199,7,13.22,1,Job_6
199,8,14.75,2,"Job_5, Job_7"
199,9,15.87,1,Job_6
199,10,16.51,2,"Job_5, Job_7"
199,11,17.3,1,Job_6
199,12,18.15,1,Job_7
199,14,19.4,1,Job_5
199,13,19.6,1,Job_6
199,15,20.95,1,Job_7
199,16,22.26,1,Job_5
199,17,29.71,1,Job_8
199,18,31.41,1,Job_9
199,19,33.33,1,Job_9
199,20,35.28,1,Job_9
199,21,48.58,1,Job_10
200,0,0.0,4,"Job_0, Job_1, Job_2, Job_3"
200,1,1.43,1,Job_3
200,2,3.19,1,Job_3
200,3,8.5,1,Job_4
200,4,34.77,1,Job_5
200,5,36.21,1,Job_5
200,6,38.57,2,"Job_5, Job_6"
200,7,40.2,1,Job_6
200,8,41.41,1,Job_5
200,9,42.79,1,Job_6
200,10,44.34,2,"Job_7, Job_8"
200,11,45.69,1,Job_6
200,12,46.58,1,Job_7
200,13,47.92,1,Job_8
