Episode,Total_Parallel_DPs,Simultaneous_DPs,Conflict_DPs
0,5,4,1
1,7,6,1
2,5,4,1
3,8,4,4
4,8,6,2
5,11,4,7
6,6,4,2
7,4,4,0
8,6,4,2
9,6,4,2
10,6,4,2
11,5,4,1
12,9,4,5
13,12,4,8
14,5,4,1
15,6,4,2
16,8,4,4
17,6,4,2
18,9,4,5
19,6,4,2
20,8,4,4
21,7,6,1
22,10,6,4
23,4,4,0
24,10,4,6
25,7,4,3
26,10,4,6
27,6,4,2
28,9,6,3
29,7,6,1
30,11,6,5
31,8,6,2
32,6,4,2
33,6,4,2
34,6,4,2
35,5,4,1
36,11,4,7
37,8,4,4
38,8,4,4
39,10,6,4
40,6,4,2
41,10,4,6
42,5,4,1
43,4,4,0
44,6,4,2
45,5,4,1
46,4,4,0
47,6,6,0
48,4,4,0
49,6,6,0
50,5,4,1
51,4,4,0
52,4,4,0
53,5,4,1
54,9,4,5
55,9,4,5
56,5,4,1
57,8,4,4
58,8,4,4
59,7,4,3
60,7,4,3
61,5,4,1
62,4,4,0
63,8,4,4
64,6,4,2
65,8,6,2
66,11,4,7
67,6,4,2
68,9,4,5
69,4,4,0
70,11,4,7
71,6,4,2
72,17,8,9
73,6,6,0
74,7,4,3
75,5,4,1
76,14,4,10
77,11,8,3
78,9,4,5
79,6,4,2
80,4,4,0
81,7,4,3
82,10,6,4
83,9,4,5
84,7,4,3
85,9,4,5
86,7,6,1
87,8,4,4
88,8,4,4
89,7,6,1
90,7,4,3
91,7,6,1
92,4,4,0
93,8,4,4
94,6,4,2
95,8,4,4
96,10,6,4
97,6,4,2
98,6,4,2
99,7,4,3
100,6,4,2
101,6,4,2
102,10,6,4
103,6,4,2
104,6,4,2
105,5,4,1
106,7,6,1
107,7,4,3
108,9,4,5
109,13,8,5
110,8,6,2
111,9,4,5
112,6,4,2
113,14,6,8
114,5,4,1
115,6,4,2
116,6,4,2
117,9,4,5
118,6,4,2
119,7,6,1
120,5,4,1
121,6,4,2
122,6,4,2
123,5,4,1
124,7,6,1
125,5,4,1
126,5,4,1
127,5,4,1
128,4,4,0
129,12,6,6
130,6,4,2
131,7,4,3
132,6,4,2
133,6,4,2
134,7,4,3
135,9,4,5
136,7,6,1
137,4,4,0
138,6,4,2
139,5,4,1
140,8,4,4
141,4,4,0
142,13,10,3
143,7,4,3
144,6,4,2
145,7,4,3
146,8,6,2
147,8,4,4
148,6,4,2
149,6,4,2
150,5,4,1
151,8,6,2
152,7,4,3
153,7,4,3
154,8,6,2
155,4,4,0
156,5,4,1
157,4,4,0
158,6,4,2
159,9,6,3
160,5,4,1
161,6,4,2
162,4,4,0
163,5,4,1
164,7,6,1
165,6,4,2
166,5,4,1
167,7,4,3
168,5,4,1
169,5,4,1
170,8,4,4
171,7,4,3
172,5,4,1
173,8,6,2
174,8,4,4
175,8,4,4
176,8,4,4
177,8,4,4
178,5,4,1
179,6,4,2
180,6,4,2
181,7,4,3
182,8,6,2
183,10,6,4
184,5,4,1
185,8,4,4
186,11,6,5
187,8,4,4
188,5,4,1
189,9,6,3
190,8,4,4
191,9,4,5
192,9,4,5
193,5,4,1
194,7,4,3
195,7,4,3
196,12,8,4
197,5,4,1
198,5,4,1
199,9,4,5
200,6,4,2
201,6,4,2
202,10,4,6
203,8,4,4
204,4,4,0
205,6,4,2
206,9,6,3
207,12,4,8
208,7,4,3
209,7,6,1
210,4,4,0
211,6,4,2
212,9,4,5
213,11,4,7
214,5,4,1
215,7,4,3
216,8,6,2
217,5,4,1
218,8,4,4
219,4,4,0
220,10,6,4
221,7,4,3
222,9,4,5
223,8,4,4
224,5,4,1
225,6,4,2
226,10,6,4
227,12,4,8
228,7,4,3
229,6,4,2
230,7,4,3
231,7,4,3
232,9,4,5
233,13,4,9
234,5,4,1
235,10,4,6
236,10,6,4
237,7,4,3
238,6,4,2
239,11,4,7
240,8,6,2
241,5,4,1
242,7,4,3
243,7,4,3
244,7,4,3
245,6,4,2
246,5,4,1
247,6,6,0
248,5,4,1
249,7,4,3
250,5,4,1
251,4,4,0
252,7,4,3
253,7,4,3
254,7,6,1
255,5,4,1
256,12,4,8
257,6,4,2
258,5,4,1
259,8,4,4
260,4,4,0
261,11,6,5
262,4,4,0
263,5,4,1
264,4,4,0
265,5,4,1
266,6,4,2
267,5,4,1
268,6,4,2
269,7,4,3
270,8,4,4
271,5,4,1
272,4,4,0
273,9,4,5
274,4,4,0
275,7,4,3
276,10,6,4
277,5,4,1
278,6,4,2
279,5,4,1
280,6,4,2
281,8,6,2
282,8,4,4
283,9,4,5
284,8,6,2
285,10,6,4
286,11,6,5
287,6,4,2
288,4,4,0
289,8,4,4
290,9,6,3
291,6,4,2
292,6,4,2
293,6,4,2
294,5,4,1
295,6,4,2
296,5,4,1
297,4,4,0
298,5,4,1
299,4,4,0
300,9,4,5
301,9,4,5
302,7,4,3
303,5,4,1
304,11,4,7
305,7,4,3
306,10,4,6
307,6,4,2
308,8,4,4
309,8,4,4
310,9,6,3
311,5,4,1
312,10,6,4
313,7,4,3
314,7,4,3
315,5,4,1
316,6,4,2
317,7,4,3
318,4,4,0
319,4,4,0
320,6,4,2
321,6,4,2
322,5,4,1
323,7,4,3
324,6,4,2
325,9,4,5
326,7,4,3
327,8,6,2
328,4,4,0
329,7,4,3
330,7,4,3
331,4,4,0
332,7,4,3
333,10,4,6
334,7,4,3
335,7,4,3
336,5,4,1
337,7,4,3
338,8,4,4
339,8,4,4
340,8,6,2
341,6,4,2
342,7,4,3
343,7,4,3
344,6,4,2
345,4,4,0
346,11,6,5
347,10,4,6
348,10,4,6
349,7,6,1
350,6,4,2
351,5,4,1
352,7,4,3
353,7,4,3
354,6,4,2
355,9,4,5
356,8,4,4
357,7,4,3
358,5,4,1
359,8,4,4
360,8,4,4
361,10,6,4
362,6,4,2
363,10,4,6
364,6,4,2
365,8,4,4
366,7,4,3
367,6,4,2
368,5,4,1
369,10,4,6
370,5,4,1
371,7,4,3
372,13,4,9
373,6,4,2
374,11,8,3
375,7,4,3
376,10,4,6
377,10,6,4
378,8,6,2
379,8,4,4
380,8,4,4
381,11,6,5
382,8,4,4
383,4,4,0
384,5,4,1
385,6,4,2
386,5,4,1
387,7,4,3
388,9,4,5
389,5,4,1
390,5,4,1
391,16,7,9
392,5,4,1
393,7,4,3
394,4,4,0
395,7,4,3
396,6,4,2
397,8,4,4
398,7,4,3
399,6,4,2
400,14,6,8
401,9,6,3
402,5,4,1
403,6,4,2
404,4,4,0
405,8,6,2
406,6,4,2
407,7,4,3
408,7,4,3
409,7,6,1
410,8,4,4
411,5,4,1
412,6,4,2
413,5,4,1
414,7,6,1
415,7,6,1
416,7,4,3
417,7,4,3
418,5,4,1
419,10,4,6
420,6,4,2
421,10,6,4
422,6,4,2
423,6,6,0
424,6,4,2
425,5,4,1
426,6,4,2
427,6,4,2
428,7,4,3
429,8,4,4
430,6,4,2
431,5,4,1
432,6,4,2
433,8,4,4
434,6,4,2
435,7,6,1
436,6,4,2
437,9,4,5
438,10,4,6
439,6,4,2
440,6,4,2
441,9,6,3
442,7,4,3
443,6,4,2
444,6,4,2
445,5,4,1
446,8,4,4
447,6,4,2
448,6,4,2
449,7,4,3
450,6,4,2
451,6,4,2
452,5,4,1
453,4,4,0
454,7,4,3
455,5,4,1
456,7,4,3
457,4,4,0
458,6,4,2
459,4,4,0
460,7,4,3
461,8,4,4
462,5,4,1
463,8,4,4
464,5,4,1
465,5,4,1
466,8,4,4
467,6,6,0
468,4,4,0
469,7,6,1
470,13,4,9
471,9,4,5
472,6,4,2
473,4,4,0
474,4,4,0
475,7,4,3
476,9,6,3
477,7,4,3
478,8,4,4
479,4,4,0
480,11,4,7
481,4,4,0
482,6,4,2
483,5,4,1
484,5,4,1
485,4,4,0
486,5,4,1
487,5,4,1
488,5,4,1
489,5,4,1
490,5,4,1
491,8,4,4
492,4,4,0
493,5,4,1
494,7,4,3
495,9,4,5
496,7,4,3
497,4,4,0
498,4,4,0
499,7,4,3
500,7,4,3
501,4,4,0
502,6,4,2
503,8,4,4
504,9,4,5
505,5,4,1
506,10,4,6
507,5,4,1
508,5,4,1
509,9,4,5
510,6,4,2
511,7,4,3
512,8,6,2
513,7,4,3
514,7,4,3
515,7,4,3
516,4,4,0
517,8,4,4
518,11,4,7
519,5,4,1
520,5,4,1
521,11,8,3
522,5,4,1
523,7,4,3
524,9,4,5
525,5,4,1
526,5,4,1
527,5,4,1
528,4,4,0
529,11,4,7
530,8,4,4
531,4,4,0
532,7,4,3
533,6,4,2
534,8,4,4
535,6,4,2
536,4,4,0
537,6,4,2
538,4,4,0
539,7,4,3
540,8,4,4
541,6,4,2
542,8,4,4
543,5,4,1
544,8,4,4
545,6,4,2
546,7,4,3
547,9,4,5
548,6,4,2
549,8,4,4
550,7,4,3
551,7,4,3
552,9,6,3
553,7,4,3
554,5,4,1
555,5,4,1
556,8,4,4
557,7,4,3
558,6,4,2
559,9,4,5
560,7,4,3
561,7,4,3
562,8,4,4
563,6,4,2
564,7,4,3
565,11,6,5
566,4,4,0
567,6,4,2
568,5,4,1
569,11,4,7
570,7,6,1
571,9,4,5
572,6,4,2
573,7,6,1
574,6,4,2
575,5,4,1
576,7,4,3
577,5,4,1
578,10,4,6
579,4,4,0
580,4,4,0
581,5,4,1
582,7,4,3
583,9,4,5
584,8,4,4
585,11,6,5
586,5,4,1
587,6,4,2
588,8,4,4
589,9,4,5
590,5,4,1
591,5,4,1
592,5,4,1
593,5,4,1
594,5,4,1
595,5,4,1
596,11,4,7
597,10,4,6
598,7,4,3
599,7,4,3
600,8,6,2
601,5,4,1
602,7,6,1
603,10,4,6
604,5,4,1
605,4,4,0
606,6,4,2
607,8,4,4
608,6,4,2
609,7,4,3
610,4,4,0
611,5,4,1
612,7,6,1
613,4,4,0
614,7,4,3
615,7,4,3
616,5,4,1
617,7,4,3
618,6,4,2
619,10,4,6
620,7,6,1
621,11,6,5
622,5,4,1
623,8,4,4
624,7,4,3
625,5,4,1
626,5,4,1
627,7,4,3
628,4,4,0
629,5,4,1
630,4,4,0
631,6,4,2
632,9,4,5
633,12,6,6
634,6,4,2
635,9,4,5
636,8,4,4
637,11,8,3
638,8,4,4
639,5,4,1
640,6,4,2
641,4,4,0
642,8,4,4
643,5,4,1
644,7,6,1
645,6,4,2
646,9,4,5
647,4,4,0
648,10,4,6
649,6,6,0
650,6,4,2
651,5,4,1
652,8,4,4
653,5,4,1
654,5,4,1
655,6,4,2
656,7,4,3
657,5,4,1
658,6,4,2
659,8,4,4
660,8,4,4
661,7,4,3
662,6,4,2
663,7,4,3
664,8,6,2
665,8,4,4
666,7,4,3
667,7,4,3
668,8,4,4
669,8,4,4
670,6,4,2
671,6,4,2
672,9,4,5
673,5,4,1
674,6,4,2
675,11,4,7
676,7,4,3
677,7,4,3
678,8,4,4
679,8,4,4
680,11,6,5
681,6,4,2
682,6,4,2
683,6,4,2
684,6,4,2
685,8,6,2
686,7,4,3
687,4,4,0
688,4,4,0
689,7,4,3
690,5,4,1
691,7,4,3
692,9,4,5
693,5,4,1
694,6,4,2
695,5,4,1
696,11,6,5
697,6,4,2
698,10,6,4
699,5,4,1
700,6,4,2
701,10,6,4
702,5,4,1
703,7,4,3
704,9,4,5
705,9,6,3
706,7,4,3
707,4,4,0
708,6,4,2
709,9,6,3
710,6,4,2
711,7,4,3
712,6,4,2
713,6,4,2
714,5,4,1
715,6,4,2
716,8,4,4
717,4,4,0
718,6,4,2
719,7,4,3
720,8,4,4
721,4,4,0
722,5,4,1
723,5,4,1
724,9,4,5
725,7,4,3
726,4,4,0
727,4,4,0
728,9,6,3
729,4,4,0
730,8,4,4
731,7,4,3
732,5,4,1
733,5,4,1
734,7,4,3
735,6,4,2
736,5,4,1
737,8,4,4
738,7,4,3
739,4,4,0
740,11,4,7
741,9,4,5
742,4,4,0
743,7,4,3
744,9,4,5
745,5,4,1
746,6,4,2
747,7,4,3
748,6,4,2
749,6,4,2
750,7,4,3
751,5,4,1
752,9,4,5
753,6,4,2
754,8,4,4
755,5,4,1
756,5,4,1
757,7,4,3
758,9,4,5
759,6,4,2
760,9,4,5
761,5,4,1
762,5,4,1
763,5,4,1
764,4,4,0
765,7,4,3
766,6,4,2
767,9,4,5
768,9,6,3
769,9,4,5
770,11,6,5
771,6,4,2
772,8,4,4
773,7,4,3
774,6,4,2
775,4,4,0
776,7,4,3
777,10,6,4
778,7,4,3
779,8,4,4
780,10,6,4
781,10,4,6
782,6,4,2
783,12,6,6
784,5,4,1
785,4,4,0
786,4,4,0
787,6,4,2
788,4,4,0
789,6,6,0
790,7,4,3
791,8,4,4
792,9,6,3
793,5,4,1
794,6,4,2
795,8,4,4
796,6,4,2
797,7,4,3
798,5,4,1
799,5,4,1
800,7,4,3
801,8,4,4
802,4,4,0
803,8,4,4
804,6,4,2
805,6,4,2
806,6,4,2
807,6,4,2
808,6,4,2
809,9,6,3
810,4,4,0
811,4,4,0
812,7,4,3
813,6,4,2
814,8,4,4
815,7,4,3
816,4,4,0
817,10,4,6
818,7,4,3
819,11,6,5
820,10,4,6
821,6,4,2
822,8,6,2
823,9,4,5
824,5,4,1
825,4,4,0
826,6,4,2
827,7,6,1
828,6,4,2
829,6,4,2
830,6,4,2
831,9,6,3
832,4,4,0
833,7,4,3
834,12,4,8
835,6,4,2
836,5,4,1
837,5,4,1
838,9,6,3
839,9,4,5
840,6,4,2
841,6,4,2
842,5,4,1
843,8,4,4
844,8,4,4
845,6,4,2
846,5,4,1
847,6,4,2
848,5,4,1
849,4,4,0
850,6,4,2
851,8,4,4
852,6,4,2
853,5,4,1
854,5,4,1
855,4,4,0
856,4,4,0
857,6,4,2
858,6,4,2
859,6,4,2
860,5,4,1
861,8,4,4
862,7,4,3
863,15,6,9
864,5,4,1
865,4,4,0
866,5,4,1
867,6,4,2
868,6,4,2
869,10,4,6
870,8,6,2
871,8,4,4
872,10,6,4
873,8,4,4
874,5,4,1
875,5,4,1
876,9,4,5
877,8,6,2
878,5,4,1
879,6,4,2
880,4,4,0
881,6,4,2
882,7,4,3
883,6,4,2
884,6,4,2
885,4,4,0
886,7,4,3
887,10,6,4
888,10,6,4
889,5,4,1
890,4,4,0
891,7,4,3
892,10,4,6
893,9,4,5
894,7,4,3
895,6,4,2
896,7,4,3
897,7,4,3
898,10,6,4
899,8,4,4
900,4,4,0
901,5,4,1
902,4,4,0
903,10,4,6
904,5,4,1
905,5,4,1
906,9,4,5
907,8,6,2
908,6,4,2
909,7,4,3
910,4,4,0
911,6,4,2
912,6,4,2
913,8,4,4
914,7,4,3
915,15,6,9
916,7,4,3
917,5,4,1
918,5,4,1
919,5,4,1
920,6,4,2
921,9,4,5
922,10,6,4
923,4,4,0
924,11,4,7
925,4,4,0
926,13,4,9
927,7,4,3
928,11,6,5
929,6,4,2
930,9,4,5
931,6,4,2
932,6,4,2
933,6,4,2
934,4,4,0
935,6,4,2
936,5,4,1
937,5,4,1
938,5,4,1
939,6,4,2
940,5,4,1
941,8,4,4
942,6,4,2
943,6,4,2
944,9,4,5
945,5,4,1
946,8,6,2
947,7,4,3
948,13,6,7
949,6,4,2
950,5,4,1
951,7,4,3
952,6,4,2
953,5,4,1
954,6,4,2
955,5,4,1
956,7,4,3
957,5,4,1
958,7,4,3
959,6,4,2
960,6,4,2
961,8,4,4
962,12,6,6
963,8,4,4
964,6,4,2
965,9,4,5
966,8,4,4
967,9,4,5
968,6,4,2
969,6,6,0
970,11,4,7
971,7,4,3
972,9,4,5
973,6,4,2
974,7,4,3
975,7,4,3
976,8,4,4
977,7,4,3
978,7,4,3
979,9,4,5
980,6,4,2
981,4,4,0
982,9,4,5
983,4,4,0
984,4,4,0
985,6,4,2
986,6,4,2
987,5,4,1
988,5,4,1
989,7,4,3
990,7,4,3
991,5,4,1
992,8,4,4
993,4,4,0
994,9,4,5
995,4,4,0
996,5,4,1
997,7,4,3
998,4,4,0
999,9,4,5
1000,7,4,3
1001,6,4,2
1002,5,4,1
1003,6,4,2
1004,8,4,4
1005,9,4,5
1006,4,4,0
1007,11,4,7
1008,9,6,3
1009,7,4,3
1010,7,4,3
1011,11,4,7
1012,5,4,1
1013,5,4,1
1014,4,4,0
1015,6,4,2
1016,8,4,4
1017,8,6,2
1018,4,4,0
1019,6,4,2
1020,6,4,2
1021,8,6,2
1022,4,4,0
1023,5,4,1
1024,8,4,4
1025,13,6,7
1026,6,4,2
1027,11,4,7
1028,6,4,2
1029,7,4,3
1030,7,4,3
1031,4,4,0
1032,9,4,5
1033,4,4,0
1034,6,4,2
1035,7,4,3
1036,7,4,3
1037,11,6,5
1038,8,6,2
1039,4,4,0
1040,9,4,5
1041,5,4,1
1042,8,4,4
1043,8,4,4
1044,11,4,7
1045,5,4,1
1046,6,4,2
1047,7,4,3
1048,8,4,4
1049,5,4,1
1050,5,4,1
1051,5,4,1
1052,5,4,1
1053,9,4,5
1054,6,4,2
1055,5,4,1
1056,4,4,0
1057,9,4,5
1058,7,4,3
1059,6,4,2
1060,7,4,3
1061,9,4,5
1062,5,4,1
1063,8,4,4
1064,6,4,2
1065,8,6,2
1066,5,4,1
1067,5,4,1
1068,12,6,6
1069,6,4,2
1070,8,4,4
1071,4,4,0
1072,6,4,2
1073,6,4,2
1074,11,4,7
1075,13,6,7
1076,5,4,1
1077,4,4,0
1078,5,4,1
1079,6,4,2
1080,6,4,2
1081,7,4,3
1082,6,4,2
1083,6,4,2
1084,4,4,0
1085,7,4,3
1086,5,4,1
1087,8,4,4
1088,6,4,2
1089,8,4,4
1090,9,4,5
1091,8,4,4
1092,5,4,1
1093,11,4,7
1094,7,4,3
1095,9,4,5
1096,5,4,1
1097,6,4,2
1098,6,4,2
1099,5,4,1
1100,6,4,2
1101,7,4,3
1102,7,4,3
1103,7,4,3
1104,5,4,1
1105,5,4,1
1106,8,6,2
1107,6,4,2
1108,9,4,5
1109,5,4,1
1110,7,6,1
1111,6,4,2
1112,5,4,1
1113,9,4,5
1114,8,4,4
1115,6,4,2
1116,4,4,0
1117,7,4,3
1118,7,4,3
1119,7,4,3
1120,9,4,5
1121,8,4,4
1122,7,4,3
1123,6,4,2
1124,8,4,4
1125,7,4,3
1126,9,4,5
1127,7,4,3
1128,6,4,2
1129,5,4,1
1130,6,4,2
1131,5,4,1
1132,10,6,4
1133,6,4,2
1134,6,4,2
1135,8,4,4
1136,9,4,5
1137,7,4,3
1138,7,4,3
1139,7,4,3
1140,8,4,4
1141,7,4,3
1142,6,4,2
1143,6,4,2
1144,5,4,1
1145,11,6,5
1146,13,6,7
1147,6,4,2
1148,4,4,0
1149,5,4,1
1150,11,4,7
1151,6,4,2
1152,7,4,3
1153,6,6,0
1154,7,6,1
1155,9,4,5
1156,4,4,0
1157,5,4,1
1158,8,4,4
1159,4,4,0
1160,6,4,2
1161,6,4,2
1162,7,4,3
1163,10,8,2
1164,5,4,1
1165,10,6,4
1166,4,4,0
1167,6,4,2
1168,8,4,4
1169,8,4,4
1170,6,4,2
1171,9,6,3
1172,10,4,6
1173,7,4,3
1174,6,4,2
1175,4,4,0
1176,9,4,5
1177,9,6,3
1178,5,4,1
1179,7,4,3
1180,5,4,1
1181,7,4,3
1182,6,4,2
1183,8,4,4
1184,4,4,0
1185,5,4,1
1186,6,4,2
1187,6,4,2
1188,10,4,6
1189,5,4,1
1190,13,8,5
1191,7,4,3
1192,6,4,2
1193,9,4,5
1194,6,4,2
1195,6,6,0
1196,6,4,2
1197,9,4,5
1198,7,4,3
1199,10,8,2
1200,6,4,2
1201,6,4,2
1202,6,4,2
1203,5,4,1
1204,5,4,1
1205,8,4,4
1206,10,6,4
1207,5,4,1
1208,9,6,3
1209,10,6,4
1210,6,4,2
1211,6,4,2
1212,5,4,1
1213,8,4,4
1214,5,4,1
1215,6,4,2
1216,8,4,4
1217,12,8,4
1218,8,4,4
1219,6,4,2
1220,6,4,2
1221,8,4,4
1222,7,4,3
1223,4,4,0
1224,6,4,2
1225,10,6,4
1226,7,4,3
1227,8,4,4
1228,7,6,1
1229,5,4,1
1230,10,4,6
1231,7,4,3
1232,6,4,2
1233,6,4,2
1234,10,6,4
1235,5,4,1
1236,6,4,2
1237,5,4,1
1238,9,6,3
1239,7,4,3
1240,9,6,3
1241,8,4,4
1242,6,4,2
1243,6,4,2
1244,8,4,4
1245,7,4,3
1246,5,4,1
1247,6,4,2
1248,6,4,2
1249,9,4,5
1250,5,4,1
1251,5,4,1
1252,5,4,1
1253,8,4,4
1254,7,4,3
1255,4,4,0
1256,8,4,4
1257,6,4,2
1258,6,4,2
1259,5,4,1
1260,8,4,4
1261,7,4,3
1262,8,4,4
1263,5,4,1
1264,4,4,0
1265,14,6,8
1266,11,8,3
1267,6,4,2
1268,4,4,0
1269,6,4,2
1270,5,4,1
1271,5,4,1
1272,5,4,1
1273,5,4,1
1274,6,4,2
1275,6,4,2
1276,10,6,4
1277,7,4,3
1278,6,4,2
1279,12,8,4
1280,9,4,5
1281,7,4,3
1282,7,4,3
1283,6,4,2
1284,4,4,0
1285,7,4,3
1286,6,4,2
1287,6,4,2
1288,5,4,1
1289,6,4,2
1290,7,4,3
1291,5,4,1
1292,7,4,3
1293,5,4,1
1294,9,4,5
